order_item_id,order_id,product_id,quantity,unit_price,line_revenue
HITM0002731,HORD000879,PRD0045,1,180.47,180.47
HITM0002732,HORD000879,PRD0183,1,1008.76,1008.76
HITM0001662,HORD000537,PRD0086,2,669.12,1338.24
HITM0001663,HORD000537,PRD0640,1,215.9,215.9
HITM0000766,HORD000247,PRD0921,1,2485.73,2485.73
HITM0000767,HORD000247,PRD0424,2,937.77,1875.54
HITM0000768,HORD000247,PRD0240,1,371.29,371.29
HITM0010058,HORD003196,PRD0794,1,1445.08,1445.08
HITM0010059,HORD003196,PRD0470,1,91.58,91.58
HITM0010060,HORD003196,PRD0564,1,2199.8,2199.8
HITM0011308,HORD003602,PRD0621,1,3087.07,3087.07
HITM0011309,HORD003602,PRD0203,2,427.62,855.24
HITM0011310,HORD003602,PRD0546,1,227.79,227.79
HITM0002658,HORD000857,PRD0260,1,100.02,100.02
HITM0002659,HORD000857,PRD0546,1,227.79,227.79
HITM0002660,HORD000857,PRD0277,1,1153.48,1153.48
HITM0002661,HORD000857,PRD0760,2,36.27,72.54
HITM0000913,HORD000296,PRD0435,1,306.84,306.84
HITM0000914,HORD000296,PRD0906,2,303.87,607.74
HITM0000915,HORD000296,PRD1000,1,192.28,192.28
HITM0003015,HORD000968,PRD0530,2,14.38,28.76
HITM0003016,HORD000968,PRD0257,2,637.63,1275.26
HITM0003017,HORD000968,PRD0440,1,413.05,413.05
HITM0003018,HORD000968,PRD0166,2,822.52,1645.04
HITM0014824,HORD004716,PRD0890,1,309.69,309.69
HITM0014825,HORD004716,PRD0763,2,1579.7,3159.4
HITM0014826,HORD004716,PRD0981,1,2201.61,2201.61
HITM0001139,HORD000368,PRD0716,1,300.2,300.2
HITM0001140,HORD000368,PRD0537,1,1904.34,1904.34
HITM0001141,HORD000368,PRD0680,1,228.54,228.54
HITM0005495,HORD001758,PRD0236,1,135.01,135.01
HITM0015354,HORD004888,PRD0750,1,400.34,400.34
HITM0015355,HORD004888,PRD0640,1,215.9,215.9
HITM0008244,HORD002619,PRD0455,2,191.31,382.62
HITM0008245,HORD002619,PRD0654,1,864.76,864.76
HITM0008246,HORD002619,PRD0825,1,363.11,363.11
HITM0003487,HORD001127,PRD0142,2,1724.25,3448.5
HITM0003488,HORD001127,PRD0857,1,160.36,160.36
HITM0003489,HORD001127,PRD0047,1,64.28,64.28
HITM0006397,HORD002044,PRD0418,1,584.01,584.01
HITM0006398,HORD002044,PRD0338,1,472.36,472.36
HITM0006399,HORD002044,PRD0078,2,280.55,561.1
HITM0006400,HORD002044,PRD0392,1,827.61,827.61
HITM0004647,HORD001491,PRD0773,1,1495.61,1495.61
HITM0004648,HORD001491,PRD0250,2,376.98,753.96
HITM0004649,HORD001491,PRD0498,1,201.0,201.0
HITM0005420,HORD001731,PRD0642,1,1517.82,1517.82
HITM0005421,HORD001731,PRD0173,2,906.06,1812.12
HITM0009666,HORD003071,PRD0896,1,452.47,452.47
HITM0009667,HORD003071,PRD0322,3,1844.93,5534.79
HITM0008601,HORD002734,PRD0996,2,455.11,910.22
HITM0008602,HORD002734,PRD0785,1,86.54,86.54
HITM0008603,HORD002734,PRD0443,2,681.97,1363.94
HITM0008604,HORD002734,PRD0117,2,1297.02,2594.04
HITM0014548,HORD004628,PRD0243,1,567.88,567.88
HITM0014549,HORD004628,PRD0655,2,1032.43,2064.86
HITM0014550,HORD004628,PRD0742,1,338.72,338.72
HITM0005894,HORD001885,PRD0785,1,86.54,86.54
HITM0005895,HORD001885,PRD0475,1,559.21,559.21
HITM0003980,HORD001280,PRD0600,1,62.84,62.84
HITM0003981,HORD001280,PRD0238,2,866.49,1732.98
HITM0003982,HORD001280,PRD0648,1,1089.86,1089.86
HITM0001425,HORD000457,PRD0220,1,201.85,201.85
HITM0001426,HORD000457,PRD0619,2,1486.76,2973.52
HITM0009409,HORD002987,PRD0569,1,870.85,870.85
HITM0002060,HORD000665,PRD0379,2,989.35,1978.7
HITM0005506,HORD001762,PRD0446,1,168.08,168.08
HITM0005507,HORD001762,PRD0991,1,1841.41,1841.41
HITM0005508,HORD001762,PRD0870,1,297.44,297.44
HITM0005509,HORD001762,PRD0066,1,291.03,291.03
HITM0010489,HORD003336,PRD0152,1,528.88,528.88
HITM0010490,HORD003336,PRD0110,2,113.31,226.62
HITM0010491,HORD003336,PRD0015,1,238.76,238.76
HITM0004218,HORD001356,PRD0180,3,386.36,1159.08
HITM0004219,HORD001356,PRD0358,1,761.53,761.53
HITM0004220,HORD001356,PRD0851,1,2462.55,2462.55
HITM0004221,HORD001356,PRD0768,1,435.51,435.51
HITM0010688,HORD003403,PRD0962,1,482.88,482.88
HITM0010689,HORD003403,PRD0637,1,1350.41,1350.41
HITM0010690,HORD003403,PRD0320,1,154.64,154.64
HITM0008575,HORD002725,PRD0575,1,222.44,222.44
HITM0008576,HORD002725,PRD0680,1,228.54,228.54
HITM0014511,HORD004618,PRD0196,1,206.29,206.29
HITM0014512,HORD004618,PRD0727,1,842.09,842.09
HITM0014513,HORD004618,PRD0789,2,416.43,832.86
HITM0014514,HORD004618,PRD0749,1,1278.37,1278.37
HITM0000238,HORD000081,PRD0774,2,2233.58,4467.16
HITM0000239,HORD000081,PRD0838,2,858.89,1717.78
HITM0000240,HORD000081,PRD0175,1,1014.37,1014.37
HITM0000023,HORD000009,PRD0430,1,397.28,397.28
HITM0011167,HORD003561,PRD0920,1,53.18,53.18
HITM0011168,HORD003561,PRD0703,1,529.32,529.32
HITM0011169,HORD003561,PRD0286,1,725.81,725.81
HITM0011170,HORD003561,PRD0029,1,1303.04,1303.04
HITM0011171,HORD003561,PRD0456,1,690.03,690.03
HITM0007127,HORD002273,PRD0246,1,362.52,362.52
HITM0007128,HORD002273,PRD0934,1,789.27,789.27
HITM0007129,HORD002273,PRD0516,1,339.27,339.27
HITM0007130,HORD002273,PRD0874,1,2293.13,2293.13
HITM0007131,HORD002273,PRD0681,1,1086.83,1086.83
HITM0000335,HORD000113,PRD0513,1,1335.99,1335.99
HITM0000336,HORD000113,PRD0826,1,796.98,796.98
HITM0000337,HORD000113,PRD0239,1,271.25,271.25
HITM0000338,HORD000113,PRD0419,1,100.25,100.25
HITM0006087,HORD001946,PRD0887,1,1400.8,1400.8
HITM0006088,HORD001946,PRD0656,1,848.87,848.87
HITM0006089,HORD001946,PRD0716,1,300.2,300.2
HITM0011000,HORD003504,PRD0746,1,804.31,804.31
HITM0011001,HORD003504,PRD0142,1,1724.25,1724.25
HITM0009128,HORD002898,PRD0716,1,300.2,300.2
HITM0009129,HORD002898,PRD0634,1,1093.47,1093.47
HITM0009130,HORD002898,PRD0715,3,401.49,1204.47
HITM0009131,HORD002898,PRD0666,1,115.16,115.16
HITM0009730,HORD003092,PRD0499,1,1328.97,1328.97
HITM0009731,HORD003092,PRD0296,1,440.13,440.13
HITM0009732,HORD003092,PRD0225,1,255.65,255.65
HITM0015440,HORD004918,PRD0492,2,1105.9,2211.8
HITM0015441,HORD004918,PRD0143,1,1276.25,1276.25
HITM0015442,HORD004918,PRD0668,2,1025.81,2051.62
HITM0001502,HORD000485,PRD0433,1,456.5,456.5
HITM0001503,HORD000485,PRD0895,1,830.36,830.36
HITM0010120,HORD003218,PRD0680,1,228.54,228.54
HITM0010121,HORD003218,PRD0446,1,168.08,168.08
HITM0013314,HORD004234,PRD0075,1,155.15,155.15
HITM0013315,HORD004234,PRD0191,1,1103.43,1103.43
HITM0013236,HORD004209,PRD0590,1,54.96,54.96
HITM0013237,HORD004209,PRD0874,1,2293.13,2293.13
HITM0013238,HORD004209,PRD0688,1,409.87,409.87
HITM0007905,HORD002513,PRD0546,1,227.79,227.79
HITM0007906,HORD002513,PRD0798,1,999.78,999.78
HITM0007907,HORD002513,PRD0021,1,1347.38,1347.38
HITM0005007,HORD001602,PRD0131,1,1311.04,1311.04
HITM0010097,HORD003209,PRD0068,1,316.68,316.68
HITM0010098,HORD003209,PRD0645,1,262.13,262.13
HITM0009483,HORD003010,PRD0190,2,248.59,497.18
HITM0009484,HORD003010,PRD0944,2,2644.88,5289.76
HITM0015673,HORD004995,PRD0305,1,387.39,387.39
HITM0007492,HORD002388,PRD0590,1,54.96,54.96
HITM0007493,HORD002388,PRD0479,1,1360.38,1360.38
HITM0007494,HORD002388,PRD0587,1,2586.72,2586.72
HITM0007495,HORD002388,PRD0106,1,385.13,385.13
HITM0014358,HORD004568,PRD0256,1,694.57,694.57
HITM0002100,HORD000680,PRD0889,1,478.58,478.58
HITM0002101,HORD000680,PRD0333,1,454.01,454.01
HITM0002102,HORD000680,PRD0060,2,170.83,341.66
HITM0002103,HORD000680,PRD0566,2,150.7,301.4
HITM0012936,HORD004120,PRD0493,1,417.81,417.81
HITM0012937,HORD004120,PRD0023,1,688.53,688.53
HITM0012938,HORD004120,PRD0350,1,142.11,142.11
HITM0003869,HORD001247,PRD0010,2,23.5,47.0
HITM0003870,HORD001247,PRD0432,2,390.19,780.38
HITM0015129,HORD004812,PRD0188,1,370.0,370.0
HITM0015130,HORD004812,PRD0647,2,2133.15,4266.3
HITM0003079,HORD000987,PRD0927,1,2435.38,2435.38
HITM0003080,HORD000987,PRD0442,1,1758.97,1758.97
HITM0003081,HORD000987,PRD0616,1,311.42,311.42
HITM0003082,HORD000987,PRD0526,2,208.36,416.72
HITM0007598,HORD002420,PRD0580,1,109.85,109.85
HITM0007599,HORD002420,PRD0679,1,864.47,864.47
HITM0007600,HORD002420,PRD0225,3,255.65,766.95
HITM0002365,HORD000766,PRD0177,1,1216.85,1216.85
HITM0002366,HORD000766,PRD0785,1,86.54,86.54
HITM0002367,HORD000766,PRD0660,1,137.13,137.13
HITM0002368,HORD000766,PRD0020,1,47.5,47.5
HITM0005287,HORD001689,PRD0932,2,447.1,894.2
HITM0005288,HORD001689,PRD0816,1,125.37,125.37
HITM0005289,HORD001689,PRD0984,1,3872.19,3872.19
HITM0005290,HORD001689,PRD0165,1,567.68,567.68
HITM0005291,HORD001689,PRD0589,3,671.85,2015.55
HITM0013199,HORD004199,PRD0456,1,690.03,690.03
HITM0013200,HORD004199,PRD0448,1,1025.21,1025.21
HITM0013201,HORD004199,PRD0858,1,179.07,179.07
HITM0015397,HORD004904,PRD0987,2,751.73,1503.46
HITM0015398,HORD004904,PRD0970,3,203.54,610.62
HITM0015399,HORD004904,PRD0581,3,1767.18,5301.54
HITM0009398,HORD002983,PRD0376,1,810.62,810.62
HITM0009399,HORD002983,PRD0202,1,1891.9,1891.9
HITM0009400,HORD002983,PRD0826,1,796.98,796.98
HITM0011588,HORD003689,PRD0595,1,108.82,108.82
HITM0011589,HORD003689,PRD0930,1,62.22,62.22
HITM0011590,HORD003689,PRD0509,1,246.73,246.73
HITM0002837,HORD000913,PRD0656,1,848.87,848.87
HITM0002838,HORD000913,PRD0188,1,370.0,370.0
HITM0011129,HORD003548,PRD0629,1,741.8,741.8
HITM0011130,HORD003548,PRD0896,1,452.47,452.47
HITM0011131,HORD003548,PRD0935,1,1070.56,1070.56
HITM0011132,HORD003548,PRD0899,2,180.25,360.5
HITM0013784,HORD004384,PRD0460,1,19.84,19.84
HITM0003274,HORD001053,PRD0716,1,300.2,300.2
HITM0005076,HORD001626,PRD0116,1,295.88,295.88
HITM0005077,HORD001626,PRD0095,1,699.82,699.82
HITM0005078,HORD001626,PRD0449,3,168.36,505.08
HITM0005079,HORD001626,PRD0707,1,2487.37,2487.37
HITM0005080,HORD001626,PRD0777,1,2576.34,2576.34
HITM0009726,HORD003091,PRD0515,1,987.71,987.71
HITM0009727,HORD003091,PRD0236,2,135.01,270.02
HITM0009728,HORD003091,PRD0012,2,426.8,853.6
HITM0009729,HORD003091,PRD0105,1,325.21,325.21
HITM0000809,HORD000263,PRD0139,2,877.46,1754.92
HITM0000810,HORD000263,PRD0369,1,429.26,429.26
HITM0000811,HORD000263,PRD0761,2,2263.02,4526.04
HITM0000812,HORD000263,PRD0429,1,251.33,251.33
HITM0004554,HORD001460,PRD0121,1,3142.89,3142.89
HITM0004555,HORD001460,PRD0527,1,1407.36,1407.36
HITM0009051,HORD002872,PRD0028,1,855.88,855.88
HITM0009052,HORD002872,PRD0077,1,2379.38,2379.38
HITM0009053,HORD002872,PRD0106,2,385.13,770.26
HITM0014699,HORD004674,PRD0305,1,387.39,387.39
HITM0014700,HORD004674,PRD0886,2,59.21,118.42
HITM0014701,HORD004674,PRD0837,1,2447.06,2447.06
HITM0012839,HORD004091,PRD0203,1,427.62,427.62
HITM0012840,HORD004091,PRD0550,1,112.99,112.99
HITM0012841,HORD004091,PRD0392,3,827.61,2482.83
HITM0012842,HORD004091,PRD0142,1,1724.25,1724.25
HITM0009988,HORD003176,PRD0758,1,165.39,165.39
HITM0009989,HORD003176,PRD0679,1,864.47,864.47
HITM0009990,HORD003176,PRD0927,1,2435.38,2435.38
HITM0009991,HORD003176,PRD0885,1,1136.58,1136.58
HITM0009992,HORD003176,PRD0876,1,228.97,228.97
HITM0000399,HORD000135,PRD0214,1,753.54,753.54
HITM0000400,HORD000135,PRD0023,1,688.53,688.53
HITM0000401,HORD000135,PRD0037,1,2028.72,2028.72
HITM0001421,HORD000456,PRD0959,1,1028.98,1028.98
HITM0001422,HORD000456,PRD0675,1,927.62,927.62
HITM0001423,HORD000456,PRD0020,1,47.5,47.5
HITM0001424,HORD000456,PRD0840,1,164.29,164.29
HITM0001197,HORD000386,PRD0875,1,243.6,243.6
HITM0001198,HORD000386,PRD0587,1,2586.72,2586.72
HITM0001199,HORD000386,PRD0043,1,1338.85,1338.85
HITM0006770,HORD002160,PRD0640,2,215.9,431.8
HITM0006771,HORD002160,PRD0116,1,295.88,295.88
HITM0006772,HORD002160,PRD0876,1,228.97,228.97
HITM0015451,HORD004921,PRD0293,1,1383.27,1383.27
HITM0015452,HORD004921,PRD0247,1,1770.54,1770.54
HITM0015453,HORD004921,PRD0654,1,864.76,864.76
HITM0005764,HORD001846,PRD0910,1,53.54,53.54
HITM0005765,HORD001846,PRD0153,2,638.8,1277.6
HITM0005766,HORD001846,PRD0729,1,496.66,496.66
HITM0005767,HORD001846,PRD0250,1,376.98,376.98
HITM0005768,HORD001846,PRD0940,1,51.08,51.08
HITM0014003,HORD004453,PRD0873,1,665.62,665.62
HITM0014004,HORD004453,PRD0902,2,307.82,615.64
HITM0014005,HORD004453,PRD0521,1,1257.03,1257.03
HITM0014006,HORD004453,PRD0762,1,1016.52,1016.52
HITM0007746,HORD002462,PRD0409,1,200.48,200.48
HITM0007747,HORD002462,PRD0280,1,105.66,105.66
HITM0007748,HORD002462,PRD0188,1,370.0,370.0
HITM0003408,HORD001098,PRD0716,1,300.2,300.2
HITM0003409,HORD001098,PRD0258,1,133.79,133.79
HITM0001500,HORD000484,PRD0484,1,1342.84,1342.84
HITM0001501,HORD000484,PRD0257,2,637.63,1275.26
HITM0003097,HORD000992,PRD0926,1,546.12,546.12
HITM0003098,HORD000992,PRD0293,1,1383.27,1383.27
HITM0003099,HORD000992,PRD0607,1,113.06,113.06
HITM0010551,HORD003357,PRD0867,1,111.69,111.69
HITM0010552,HORD003357,PRD0436,1,180.16,180.16
HITM0012186,HORD003889,PRD0612,1,385.34,385.34
HITM0012187,HORD003889,PRD0550,1,112.99,112.99
HITM0012547,HORD004004,PRD0621,1,3087.07,3087.07
HITM0012548,HORD004004,PRD0002,1,455.28,455.28
HITM0012549,HORD004004,PRD0495,2,752.39,1504.78
HITM0003986,HORD001282,PRD0233,1,1369.87,1369.87
HITM0003987,HORD001282,PRD0121,1,3142.89,3142.89
HITM0003988,HORD001282,PRD0987,1,751.73,751.73
HITM0003989,HORD001282,PRD0381,1,2181.63,2181.63
HITM0001086,HORD000352,PRD0449,2,168.36,336.72
HITM0001087,HORD000352,PRD0795,2,841.05,1682.1
HITM0001088,HORD000352,PRD0970,1,203.54,203.54
HITM0000822,HORD000267,PRD0337,1,842.79,842.79
HITM0000823,HORD000267,PRD0135,1,1040.75,1040.75
HITM0000824,HORD000267,PRD0694,2,2715.4,5430.8
HITM0010562,HORD003361,PRD0258,1,133.79,133.79
HITM0010563,HORD003361,PRD0284,1,600.42,600.42
HITM0010564,HORD003361,PRD0819,1,191.18,191.18
HITM0010565,HORD003361,PRD0470,1,91.58,91.58
HITM0006420,HORD002053,PRD0095,1,699.82,699.82
HITM0004898,HORD001569,PRD0424,2,937.77,1875.54
HITM0004899,HORD001569,PRD0676,1,45.2,45.2
HITM0010676,HORD003399,PRD0415,1,111.92,111.92
HITM0010677,HORD003399,PRD0858,2,179.07,358.14
HITM0010678,HORD003399,PRD0388,1,652.95,652.95
HITM0002475,HORD000803,PRD0626,1,521.1,521.1
HITM0002476,HORD000803,PRD0509,1,246.73,246.73
HITM0002477,HORD000803,PRD0612,2,385.34,770.68
HITM0002478,HORD000803,PRD0508,2,513.6,1027.2
HITM0002479,HORD000803,PRD0659,3,725.61,2176.83
HITM0009132,HORD002899,PRD0610,1,347.23,347.23
HITM0009133,HORD002899,PRD0316,1,816.98,816.98
HITM0009134,HORD002899,PRD0042,2,1480.28,2960.56
HITM0004951,HORD001586,PRD0286,1,725.81,725.81
HITM0004952,HORD001586,PRD0990,3,114.18,342.54
HITM0004953,HORD001586,PRD0168,1,341.32,341.32
HITM0004954,HORD001586,PRD0813,1,326.38,326.38
HITM0004955,HORD001586,PRD0845,1,323.81,323.81
HITM0013452,HORD004279,PRD0325,1,161.7,161.7
HITM0013453,HORD004279,PRD0734,1,1722.21,1722.21
HITM0005978,HORD001911,PRD0266,1,189.02,189.02
HITM0005979,HORD001911,PRD0904,2,3664.33,7328.66
HITM0005980,HORD001911,PRD0964,1,1776.26,1776.26
HITM0014233,HORD004529,PRD0505,1,350.13,350.13
HITM0014234,HORD004529,PRD0067,1,374.02,374.02
HITM0011102,HORD003539,PRD0623,1,442.62,442.62
HITM0011103,HORD003539,PRD0876,1,228.97,228.97
HITM0011104,HORD003539,PRD0594,2,2821.84,5643.68
HITM0011105,HORD003539,PRD0845,2,323.81,647.62
HITM0003100,HORD000993,PRD0081,1,3046.5,3046.5
HITM0003101,HORD000993,PRD0106,1,385.13,385.13
HITM0003102,HORD000993,PRD0470,1,91.58,91.58
HITM0013859,HORD004406,PRD0246,1,362.52,362.52
HITM0013860,HORD004406,PRD0436,1,180.16,180.16
HITM0013861,HORD004406,PRD0047,2,64.28,128.56
HITM0007752,HORD002464,PRD0855,2,552.31,1104.62
HITM0004722,HORD001515,PRD0271,1,1523.72,1523.72
HITM0004723,HORD001515,PRD0392,1,827.61,827.61
HITM0004724,HORD001515,PRD0815,1,261.87,261.87
HITM0008714,HORD002766,PRD0737,1,420.63,420.63
HITM0008715,HORD002766,PRD0607,2,113.06,226.12
HITM0008716,HORD002766,PRD0872,1,796.81,796.81
HITM0008717,HORD002766,PRD0209,2,164.63,329.26
HITM0008718,HORD002766,PRD0255,1,699.0,699.0
HITM0005197,HORD001662,PRD0080,1,60.33,60.33
HITM0015143,HORD004816,PRD0645,1,262.13,262.13
HITM0002428,HORD000784,PRD0812,1,1025.12,1025.12
HITM0002429,HORD000784,PRD0154,1,1129.84,1129.84
HITM0002430,HORD000784,PRD0833,2,1377.34,2754.68
HITM0008944,HORD002842,PRD0230,1,72.62,72.62
HITM0008945,HORD002842,PRD0131,1,1311.04,1311.04
HITM0008946,HORD002842,PRD0550,1,112.99,112.99
HITM0008947,HORD002842,PRD0964,1,1776.26,1776.26
HITM0008948,HORD002842,PRD0010,1,23.5,23.5
HITM0014913,HORD004743,PRD0513,1,1335.99,1335.99
HITM0004035,HORD001298,PRD0693,2,748.42,1496.84
HITM0004036,HORD001298,PRD0010,1,23.5,23.5
HITM0010150,HORD003228,PRD0112,1,387.62,387.62
HITM0015374,HORD004895,PRD0484,1,1342.84,1342.84
HITM0015375,HORD004895,PRD0118,1,148.01,148.01
HITM0004265,HORD001369,PRD0951,1,2323.13,2323.13
HITM0004266,HORD001369,PRD0782,2,483.91,967.82
HITM0004267,HORD001369,PRD0332,1,858.21,858.21
HITM0007220,HORD002302,PRD0116,1,295.88,295.88
HITM0006736,HORD002150,PRD0285,1,1110.14,1110.14
HITM0006737,HORD002150,PRD0709,1,320.78,320.78
HITM0006738,HORD002150,PRD0827,1,1819.32,1819.32
HITM0006739,HORD002150,PRD0001,1,2765.47,2765.47
HITM0006740,HORD002150,PRD0745,1,222.81,222.81
HITM0002911,HORD000937,PRD0060,1,170.83,170.83
HITM0002912,HORD000937,PRD0312,1,523.23,523.23
HITM0000555,HORD000182,PRD0530,1,14.38,14.38
HITM0000556,HORD000182,PRD0268,1,1094.58,1094.58
HITM0000557,HORD000182,PRD0912,1,1645.17,1645.17
HITM0010992,HORD003501,PRD0911,1,1497.3,1497.3
HITM0010993,HORD003501,PRD0614,1,2957.76,2957.76
HITM0002522,HORD000819,PRD0498,2,201.0,402.0
HITM0002523,HORD000819,PRD0999,1,626.07,626.07
HITM0002524,HORD000819,PRD0358,2,761.53,1523.06
HITM0002525,HORD000819,PRD0850,2,101.36,202.72
HITM0002526,HORD000819,PRD0785,1,86.54,86.54
HITM0006411,HORD002050,PRD0740,3,366.0,1098.0
HITM0006412,HORD002050,PRD0070,1,257.34,257.34
HITM0006413,HORD002050,PRD0211,1,901.64,901.64
HITM0010180,HORD003239,PRD0466,2,362.96,725.92
HITM0010181,HORD003239,PRD0142,1,1724.25,1724.25
HITM0010182,HORD003239,PRD0649,1,1282.36,1282.36
HITM0010183,HORD003239,PRD0489,2,1103.05,2206.1
HITM0010184,HORD003239,PRD0186,1,480.83,480.83
HITM0000965,HORD000312,PRD0742,1,338.72,338.72
HITM0000966,HORD000312,PRD0456,1,690.03,690.03
HITM0000967,HORD000312,PRD0825,2,363.11,726.22
HITM0000968,HORD000312,PRD0762,1,1016.52,1016.52
HITM0000969,HORD000312,PRD0592,1,301.86,301.86
HITM0001622,HORD000525,PRD0942,1,1694.84,1694.84
HITM0001623,HORD000525,PRD0600,1,62.84,62.84
HITM0001624,HORD000525,PRD0503,1,1009.94,1009.94
HITM0001625,HORD000525,PRD0440,1,413.05,413.05
HITM0001626,HORD000525,PRD0308,1,779.32,779.32
HITM0015400,HORD004905,PRD0690,1,115.07,115.07
HITM0015401,HORD004905,PRD0696,1,223.84,223.84
HITM0015402,HORD004905,PRD0919,2,1308.07,2616.14
HITM0013066,HORD004159,PRD0607,1,113.06,113.06
HITM0013485,HORD004292,PRD0591,1,2365.48,2365.48
HITM0013486,HORD004292,PRD0422,1,359.3,359.3
HITM0013487,HORD004292,PRD0632,1,372.28,372.28
HITM0004405,HORD001413,PRD0521,3,1257.03,3771.09
HITM0004406,HORD001413,PRD0997,1,602.38,602.38
HITM0004407,HORD001413,PRD0080,1,60.33,60.33
HITM0004408,HORD001413,PRD0971,1,1257.81,1257.81
HITM0004409,HORD001413,PRD0349,1,1342.94,1342.94
HITM0008653,HORD002749,PRD0825,1,363.11,363.11
HITM0008654,HORD002749,PRD0656,1,848.87,848.87
HITM0008655,HORD002749,PRD0160,2,361.95,723.9
HITM0008656,HORD002749,PRD0710,1,193.26,193.26
HITM0001649,HORD000533,PRD0831,1,1542.33,1542.33
HITM0001650,HORD000533,PRD0736,1,508.97,508.97
HITM0001651,HORD000533,PRD0513,3,1335.99,4007.97
HITM0014844,HORD004722,PRD0024,1,2921.86,2921.86
HITM0014845,HORD004722,PRD0770,1,116.43,116.43
HITM0006857,HORD002188,PRD0072,1,1642.51,1642.51
HITM0006858,HORD002188,PRD0143,1,1276.25,1276.25
HITM0006859,HORD002188,PRD0506,1,551.69,551.69
HITM0006960,HORD002222,PRD0808,1,601.58,601.58
HITM0006961,HORD002222,PRD0801,1,2900.31,2900.31
HITM0006962,HORD002222,PRD0907,1,130.49,130.49
HITM0007773,HORD002471,PRD0439,1,74.96,74.96
HITM0007774,HORD002471,PRD0857,1,160.36,160.36
HITM0007775,HORD002471,PRD0737,1,420.63,420.63
HITM0007776,HORD002471,PRD0448,1,1025.21,1025.21
HITM0011381,HORD003624,PRD0272,1,1161.16,1161.16
HITM0011382,HORD003624,PRD0465,1,61.33,61.33
HITM0011383,HORD003624,PRD0789,1,416.43,416.43
HITM0006218,HORD001988,PRD0726,1,357.63,357.63
HITM0006219,HORD001988,PRD0768,2,435.51,871.02
HITM0006220,HORD001988,PRD0079,1,211.65,211.65
HITM0008988,HORD002855,PRD0170,2,90.68,181.36
HITM0008989,HORD002855,PRD0804,2,1211.99,2423.98
HITM0008990,HORD002855,PRD0973,2,703.36,1406.72
HITM0008991,HORD002855,PRD0788,1,699.94,699.94
HITM0004136,HORD001330,PRD0692,1,1859.26,1859.26
HITM0004137,HORD001330,PRD0752,2,1670.56,3341.12
HITM0004138,HORD001330,PRD0621,1,3087.07,3087.07
HITM0004139,HORD001330,PRD0114,1,3925.54,3925.54
HITM0003891,HORD001255,PRD0868,1,1088.06,1088.06
HITM0003892,HORD001255,PRD0787,2,189.07,378.14
HITM0014941,HORD004753,PRD0249,1,871.19,871.19
HITM0014942,HORD004753,PRD0681,1,1086.83,1086.83
HITM0014943,HORD004753,PRD0923,1,1251.17,1251.17
HITM0012325,HORD003936,PRD0999,1,626.07,626.07
HITM0012326,HORD003936,PRD0490,2,289.49,578.98
HITM0000230,HORD000079,PRD0982,2,885.27,1770.54
HITM0000231,HORD000079,PRD0669,1,271.59,271.59
HITM0000232,HORD000079,PRD0635,1,809.45,809.45
HITM0000233,HORD000079,PRD0683,2,704.09,1408.18
HITM0000277,HORD000092,PRD0354,1,1130.05,1130.05
HITM0000278,HORD000092,PRD0475,1,559.21,559.21
HITM0000279,HORD000092,PRD0020,1,47.5,47.5
HITM0000421,HORD000143,PRD0924,1,2237.68,2237.68
HITM0000422,HORD000143,PRD0456,1,690.03,690.03
HITM0004981,HORD001595,PRD0280,2,105.66,211.32
HITM0004982,HORD001595,PRD0316,1,816.98,816.98
HITM0010661,HORD003395,PRD0708,1,1076.81,1076.81
HITM0010662,HORD003395,PRD0557,1,114.56,114.56
HITM0010663,HORD003395,PRD0351,2,1461.95,2923.9
HITM0004605,HORD001477,PRD0043,2,1338.85,2677.7
HITM0004606,HORD001477,PRD0389,1,562.64,562.64
HITM0004607,HORD001477,PRD0416,1,749.76,749.76
HITM0015547,HORD004953,PRD0836,1,70.78,70.78
HITM0008536,HORD002714,PRD0231,1,1774.07,1774.07
HITM0008537,HORD002714,PRD0486,1,706.44,706.44
HITM0008138,HORD002590,PRD0048,1,165.15,165.15
HITM0008139,HORD002590,PRD0589,2,671.85,1343.7
HITM0008140,HORD002590,PRD0187,1,2390.01,2390.01
HITM0008141,HORD002590,PRD0053,2,1237.48,2474.96
HITM0011623,HORD003702,PRD0504,1,3243.43,3243.43
HITM0011624,HORD003702,PRD0559,1,531.55,531.55
HITM0011625,HORD003702,PRD0135,2,1040.75,2081.5
HITM0004599,HORD001475,PRD0089,2,739.15,1478.3
HITM0004600,HORD001475,PRD0413,1,420.29,420.29
HITM0004601,HORD001475,PRD0827,1,1819.32,1819.32
HITM0003012,HORD000967,PRD0374,1,772.23,772.23
HITM0003013,HORD000967,PRD0820,1,109.62,109.62
HITM0003014,HORD000967,PRD0790,1,356.37,356.37
HITM0011042,HORD003518,PRD0860,2,113.03,226.06
HITM0011043,HORD003518,PRD0540,2,16.38,32.76
HITM0011044,HORD003518,PRD0280,1,105.66,105.66
HITM0005687,HORD001819,PRD0901,1,2926.07,2926.07
HITM0005688,HORD001819,PRD0432,1,390.19,390.19
HITM0005689,HORD001819,PRD0098,1,560.95,560.95
HITM0005353,HORD001708,PRD0419,1,100.25,100.25
HITM0004655,HORD001493,PRD0905,1,958.12,958.12
HITM0013050,HORD004153,PRD0989,1,359.81,359.81
HITM0015378,HORD004897,PRD0893,3,1076.78,3230.34
HITM0015379,HORD004897,PRD0163,1,1426.46,1426.46
HITM0015380,HORD004897,PRD0411,2,1693.96,3387.92
HITM0015381,HORD004897,PRD0790,1,356.37,356.37
HITM0015382,HORD004897,PRD0199,1,1349.0,1349.0
HITM0003961,HORD001274,PRD0461,1,3147.14,3147.14
HITM0003962,HORD001274,PRD0343,1,634.07,634.07
HITM0003963,HORD001274,PRD0936,1,477.26,477.26
HITM0002470,HORD000801,PRD0150,1,189.45,189.45
HITM0009096,HORD002885,PRD0439,3,74.96,224.88
HITM0009097,HORD002885,PRD0278,2,509.34,1018.68
HITM0009098,HORD002885,PRD0857,1,160.36,160.36
HITM0007086,HORD002261,PRD0415,1,111.92,111.92
HITM0007087,HORD002261,PRD0707,2,2487.37,4974.74
HITM0009044,HORD002870,PRD0130,1,348.52,348.52
HITM0009045,HORD002870,PRD0388,1,652.95,652.95
HITM0009046,HORD002870,PRD0866,1,487.97,487.97
HITM0002485,HORD000806,PRD0455,1,191.31,191.31
HITM0002486,HORD000806,PRD0299,1,1391.83,1391.83
HITM0002487,HORD000806,PRD0805,1,1196.95,1196.95
HITM0002488,HORD000806,PRD0537,1,1904.34,1904.34
HITM0012354,HORD003945,PRD0272,3,1161.16,3483.48
HITM0012355,HORD003945,PRD0664,1,3499.77,3499.77
HITM0012356,HORD003945,PRD0523,1,911.73,911.73
HITM0012357,HORD003945,PRD0479,2,1360.38,2720.76
HITM0008002,HORD002543,PRD0141,1,995.53,995.53
HITM0000902,HORD000292,PRD0609,1,1032.51,1032.51
HITM0005089,HORD001631,PRD0590,1,54.96,54.96
HITM0005090,HORD001631,PRD0635,1,809.45,809.45
HITM0005091,HORD001631,PRD0357,1,902.95,902.95
HITM0005092,HORD001631,PRD0960,1,322.58,322.58
HITM0005093,HORD001631,PRD0628,1,219.29,219.29
HITM0006508,HORD002080,PRD0580,2,109.85,219.7
HITM0006509,HORD002080,PRD0228,1,419.86,419.86
HITM0006510,HORD002080,PRD0476,2,787.22,1574.44
HITM0007654,HORD002437,PRD0480,1,303.23,303.23
HITM0007655,HORD002437,PRD0072,1,1642.51,1642.51
HITM0007656,HORD002437,PRD0690,1,115.07,115.07
HITM0007657,HORD002437,PRD0512,1,853.36,853.36
HITM0007658,HORD002437,PRD0343,1,634.07,634.07
HITM0014870,HORD004731,PRD0666,1,115.16,115.16
HITM0014871,HORD004731,PRD0544,1,1611.97,1611.97
HITM0014872,HORD004731,PRD0846,1,671.93,671.93
HITM0005120,HORD001639,PRD0522,3,1754.68,5264.04
HITM0005121,HORD001639,PRD0378,1,857.8,857.8
HITM0005122,HORD001639,PRD0908,1,81.42,81.42
HITM0005123,HORD001639,PRD0496,1,619.97,619.97
HITM0002461,HORD000798,PRD0578,2,625.32,1250.64
HITM0002462,HORD000798,PRD0407,3,2508.69,7526.07
HITM0002463,HORD000798,PRD0789,2,416.43,832.86
HITM0002464,HORD000798,PRD0762,3,1016.52,3049.56
HITM0002465,HORD000798,PRD0980,1,310.02,310.02
HITM0009473,HORD003007,PRD0695,2,663.83,1327.66
HITM0009474,HORD003007,PRD0403,2,1021.92,2043.84
HITM0009475,HORD003007,PRD0998,1,178.25,178.25
HITM0010601,HORD003374,PRD0010,1,23.5,23.5
HITM0010602,HORD003374,PRD0927,1,2435.38,2435.38
HITM0010603,HORD003374,PRD0781,2,1039.29,2078.58
HITM0010604,HORD003374,PRD0708,1,1076.81,1076.81
HITM0006553,HORD002093,PRD0172,2,594.18,1188.36
HITM0006554,HORD002093,PRD0417,1,876.48,876.48
HITM0006555,HORD002093,PRD0375,1,495.35,495.35
HITM0006556,HORD002093,PRD0978,1,452.17,452.17
HITM0006557,HORD002093,PRD0965,1,536.69,536.69
HITM0012039,HORD003839,PRD0639,1,1085.06,1085.06
HITM0012040,HORD003839,PRD0420,1,399.59,399.59
HITM0012041,HORD003839,PRD0679,1,864.47,864.47
HITM0012042,HORD003839,PRD0350,2,142.11,284.22
HITM0004066,HORD001309,PRD0857,2,160.36,320.72
HITM0004067,HORD001309,PRD0785,2,86.54,173.08
HITM0004068,HORD001309,PRD0315,2,74.41,148.82
HITM0009632,HORD003057,PRD0372,1,1308.61,1308.61
HITM0009633,HORD003057,PRD0043,1,1338.85,1338.85
HITM0009634,HORD003057,PRD0408,1,402.17,402.17
HITM0009635,HORD003057,PRD0006,1,733.43,733.43
HITM0001406,HORD000452,PRD0498,1,201.0,201.0
HITM0008250,HORD002621,PRD0105,1,325.21,325.21
HITM0008251,HORD002621,PRD0498,1,201.0,201.0
HITM0007948,HORD002525,PRD0768,1,435.51,435.51
HITM0007949,HORD002525,PRD0228,1,419.86,419.86
HITM0007950,HORD002525,PRD0286,1,725.81,725.81
HITM0007951,HORD002525,PRD0698,1,68.9,68.9
HITM0001664,HORD000538,PRD0864,3,3828.18,11484.54
HITM0001665,HORD000538,PRD0090,1,99.88,99.88
HITM0012978,HORD004133,PRD1000,1,192.28,192.28
HITM0012979,HORD004133,PRD0001,1,2765.47,2765.47
HITM0012980,HORD004133,PRD0020,1,47.5,47.5
HITM0005340,HORD001704,PRD0715,1,401.49,401.49
HITM0005341,HORD001704,PRD0893,2,1076.78,2153.56
HITM0007414,HORD002363,PRD0700,1,241.67,241.67
HITM0007415,HORD002363,PRD0060,2,170.83,341.66
HITM0007416,HORD002363,PRD0669,2,271.59,543.18
HITM0012632,HORD004030,PRD0003,2,472.24,944.48
HITM0012633,HORD004030,PRD0713,1,768.21,768.21
HITM0012634,HORD004030,PRD0607,1,113.06,113.06
HITM0010480,HORD003333,PRD0386,1,167.3,167.3
HITM0010481,HORD003333,PRD0413,2,420.29,840.58
HITM0010482,HORD003333,PRD0507,1,954.32,954.32
HITM0010483,HORD003333,PRD0989,2,359.81,719.62
HITM0006774,HORD002162,PRD0666,1,115.16,115.16
HITM0006775,HORD002162,PRD0295,2,979.25,1958.5
HITM0005357,HORD001710,PRD0174,1,3628.06,3628.06
HITM0005358,HORD001710,PRD0435,1,306.84,306.84
HITM0005359,HORD001710,PRD0376,2,810.62,1621.24
HITM0005360,HORD001710,PRD0716,1,300.2,300.2
HITM0001511,HORD000488,PRD0361,2,2730.19,5460.38
HITM0001512,HORD000488,PRD0240,1,371.29,371.29
HITM0001513,HORD000488,PRD0504,1,3243.43,3243.43
HITM0001514,HORD000488,PRD0858,2,179.07,358.14
HITM0008889,HORD002824,PRD0230,1,72.62,72.62
HITM0008890,HORD002824,PRD0447,1,1044.91,1044.91
HITM0001761,HORD000573,PRD0469,2,552.84,1105.68
HITM0001762,HORD000573,PRD0763,1,1579.7,1579.7
HITM0004769,HORD001531,PRD0389,2,562.64,1125.28
HITM0004770,HORD001531,PRD0047,1,64.28,64.28
HITM0004771,HORD001531,PRD0702,1,1184.94,1184.94
HITM0004772,HORD001531,PRD0945,1,730.35,730.35
HITM0004773,HORD001531,PRD0716,1,300.2,300.2
HITM0008419,HORD002675,PRD0489,2,1103.05,2206.1
HITM0008420,HORD002675,PRD0817,1,2026.78,2026.78
HITM0008421,HORD002675,PRD0213,1,351.6,351.6
HITM0010280,HORD003268,PRD0125,1,1104.8,1104.8
HITM0000763,HORD000246,PRD0723,1,1076.87,1076.87
HITM0000764,HORD000246,PRD0016,1,594.47,594.47
HITM0000765,HORD000246,PRD0196,1,206.29,206.29
HITM0013638,HORD004341,PRD0071,1,2671.31,2671.31
HITM0002945,HORD000947,PRD0282,1,1632.77,1632.77
HITM0002946,HORD000947,PRD0596,1,596.4,596.4
HITM0002947,HORD000947,PRD0170,1,90.68,90.68
HITM0002948,HORD000947,PRD0352,1,1553.05,1553.05
HITM0002949,HORD000947,PRD0079,2,211.65,423.3
HITM0013400,HORD004261,PRD0355,2,714.36,1428.72
HITM0013401,HORD004261,PRD0036,1,355.76,355.76
HITM0013965,HORD004438,PRD0726,1,357.63,357.63
HITM0013966,HORD004438,PRD0744,1,4074.4,4074.4
HITM0013967,HORD004438,PRD0080,1,60.33,60.33
HITM0014367,HORD004571,PRD0607,1,113.06,113.06
HITM0014368,HORD004571,PRD0155,1,171.72,171.72
HITM0008324,HORD002643,PRD0080,1,60.33,60.33
HITM0008325,HORD002643,PRD0284,2,600.42,1200.84
HITM0008326,HORD002643,PRD0445,2,830.34,1660.68
HITM0013170,HORD004189,PRD0456,1,690.03,690.03
HITM0013171,HORD004189,PRD0672,1,1690.15,1690.15
HITM0009718,HORD003088,PRD0530,1,14.38,14.38
HITM0009719,HORD003088,PRD0787,1,189.07,189.07
HITM0009720,HORD003088,PRD0188,1,370.0,370.0
HITM0009721,HORD003088,PRD0588,1,277.14,277.14
HITM0005545,HORD001775,PRD0930,1,62.22,62.22
HITM0009828,HORD003123,PRD0428,1,1044.38,1044.38
HITM0009829,HORD003123,PRD0378,1,857.8,857.8
HITM0009830,HORD003123,PRD0273,3,469.96,1409.88
HITM0002743,HORD000884,PRD0302,1,1259.27,1259.27
HITM0002744,HORD000884,PRD0330,1,265.81,265.81
HITM0002745,HORD000884,PRD0954,1,1508.35,1508.35
HITM0015249,HORD004852,PRD0543,2,336.97,673.94
HITM0015250,HORD004852,PRD0858,1,179.07,179.07
HITM0015251,HORD004852,PRD0046,2,822.45,1644.9
HITM0015252,HORD004852,PRD0879,1,287.13,287.13
HITM0015253,HORD004852,PRD0606,1,74.13,74.13
HITM0010509,HORD003342,PRD0016,1,594.47,594.47
HITM0010510,HORD003342,PRD0230,1,72.62,72.62
HITM0010511,HORD003342,PRD0981,1,2201.61,2201.61
HITM0005966,HORD001907,PRD0684,1,1730.11,1730.11
HITM0005967,HORD001907,PRD0655,1,1032.43,1032.43
HITM0008909,HORD002831,PRD0762,1,1016.52,1016.52
HITM0008910,HORD002831,PRD0446,1,168.08,168.08
HITM0008911,HORD002831,PRD0438,1,767.87,767.87
HITM0008912,HORD002831,PRD0047,1,64.28,64.28
HITM0011630,HORD003704,PRD0365,1,489.23,489.23
HITM0011631,HORD003704,PRD0540,1,16.38,16.38
HITM0012017,HORD003832,PRD0765,3,915.52,2746.56
HITM0012018,HORD003832,PRD0129,1,349.4,349.4
HITM0012019,HORD003832,PRD0756,1,177.47,177.47
HITM0012020,HORD003832,PRD0610,1,347.23,347.23
HITM0006594,HORD002106,PRD0260,1,100.02,100.02
HITM0013328,HORD004240,PRD0063,1,1165.11,1165.11
HITM0013329,HORD004240,PRD0479,1,1360.38,1360.38
HITM0013330,HORD004240,PRD0205,2,1030.02,2060.04
HITM0001470,HORD000474,PRD0126,2,464.05,928.1
HITM0001471,HORD000474,PRD0265,1,1188.22,1188.22
HITM0001472,HORD000474,PRD0248,1,1065.71,1065.71
HITM0009170,HORD002911,PRD0307,1,2209.06,2209.06
HITM0009171,HORD002911,PRD0730,1,418.77,418.77
HITM0009172,HORD002911,PRD0080,2,60.33,120.66
HITM0009173,HORD002911,PRD0318,1,115.57,115.57
HITM0006683,HORD002134,PRD0338,2,472.36,944.72
HITM0006684,HORD002134,PRD0633,1,804.04,804.04
HITM0006685,HORD002134,PRD0601,1,1162.83,1162.83
HITM0010751,HORD003422,PRD0479,1,1360.38,1360.38
HITM0013247,HORD004213,PRD0841,2,2479.75,4959.5
HITM0013248,HORD004213,PRD0380,1,318.45,318.45
HITM0008688,HORD002759,PRD0656,1,848.87,848.87
HITM0008689,HORD002759,PRD0673,1,373.06,373.06
HITM0008690,HORD002759,PRD0965,2,536.69,1073.38
HITM0013412,HORD004265,PRD0152,1,528.88,528.88
HITM0013413,HORD004265,PRD0852,1,1542.22,1542.22
HITM0013414,HORD004265,PRD0600,1,62.84,62.84
HITM0013415,HORD004265,PRD0756,2,177.47,354.94
HITM0013416,HORD004265,PRD0331,2,1570.55,3141.1
HITM0007968,HORD002532,PRD0217,1,441.18,441.18
HITM0007969,HORD002532,PRD0386,1,167.3,167.3
HITM0007970,HORD002532,PRD0247,1,1770.54,1770.54
HITM0004295,HORD001380,PRD0470,3,91.58,274.74
HITM0004296,HORD001380,PRD0423,1,684.99,684.99
HITM0004297,HORD001380,PRD0179,1,1481.8,1481.8
HITM0003898,HORD001257,PRD0505,1,350.13,350.13
HITM0003899,HORD001257,PRD0760,1,36.27,36.27
HITM0003900,HORD001257,PRD0770,1,116.43,116.43
HITM0003901,HORD001257,PRD0679,2,864.47,1728.94
HITM0003902,HORD001257,PRD0429,1,251.33,251.33
HITM0007161,HORD002283,PRD0703,1,529.32,529.32
HITM0007162,HORD002283,PRD0487,1,322.51,322.51
HITM0007163,HORD002283,PRD0439,1,74.96,74.96
HITM0009198,HORD002922,PRD0419,1,100.25,100.25
HITM0009199,HORD002922,PRD0970,1,203.54,203.54
HITM0003533,HORD001142,PRD0650,2,129.9,259.8
HITM0003534,HORD001142,PRD0188,1,370.0,370.0
HITM0003535,HORD001142,PRD0189,1,1162.73,1162.73
HITM0003536,HORD001142,PRD0011,3,1900.95,5702.85
HITM0003537,HORD001142,PRD0250,1,376.98,376.98
HITM0011071,HORD003528,PRD0236,1,135.01,135.01
HITM0011072,HORD003528,PRD0800,1,334.97,334.97
HITM0011073,HORD003528,PRD0656,1,848.87,848.87
HITM0011074,HORD003528,PRD0140,1,224.98,224.98
HITM0003629,HORD001169,PRD0452,2,1373.84,2747.68
HITM0003630,HORD001169,PRD0640,1,215.9,215.9
HITM0013448,HORD004278,PRD0966,1,819.73,819.73
HITM0013449,HORD004278,PRD0475,1,559.21,559.21
HITM0013450,HORD004278,PRD0232,1,358.39,358.39
HITM0013451,HORD004278,PRD0921,1,2485.73,2485.73
HITM0004534,HORD001454,PRD0385,2,812.79,1625.58
HITM0004535,HORD001454,PRD0525,1,1134.69,1134.69
HITM0004536,HORD001454,PRD0700,1,241.67,241.67
HITM0010907,HORD003473,PRD0183,1,1008.76,1008.76
HITM0010908,HORD003473,PRD0299,1,1391.83,1391.83
HITM0010174,HORD003237,PRD0980,1,310.02,310.02
HITM0010175,HORD003237,PRD0364,1,4084.62,4084.62
HITM0010176,HORD003237,PRD0969,1,1212.01,1212.01
HITM0006036,HORD001928,PRD0252,1,1820.97,1820.97
HITM0006037,HORD001928,PRD0173,1,906.06,906.06
HITM0006038,HORD001928,PRD0454,1,1083.26,1083.26
HITM0006039,HORD001928,PRD0022,3,1480.38,4441.14
HITM0000294,HORD000098,PRD0427,1,241.58,241.58
HITM0000295,HORD000098,PRD0453,2,481.9,963.8
HITM0000296,HORD000098,PRD0754,1,2206.66,2206.66
HITM0007831,HORD002489,PRD0205,1,1030.02,1030.02
HITM0007832,HORD002489,PRD0795,1,841.05,841.05
HITM0003305,HORD001066,PRD0303,1,1407.52,1407.52
HITM0003306,HORD001066,PRD0176,1,653.3,653.3
HITM0003307,HORD001066,PRD0491,2,2132.04,4264.08
HITM0003308,HORD001066,PRD0374,1,772.23,772.23
HITM0003309,HORD001066,PRD0623,3,442.62,1327.86
HITM0010658,HORD003394,PRD0408,2,402.17,804.34
HITM0010659,HORD003394,PRD0030,1,405.09,405.09
HITM0010660,HORD003394,PRD0518,2,271.63,543.26
HITM0000689,HORD000224,PRD0628,1,219.29,219.29
HITM0000690,HORD000224,PRD0318,1,115.57,115.57
HITM0000691,HORD000224,PRD0486,1,706.44,706.44
HITM0000692,HORD000224,PRD0183,1,1008.76,1008.76
HITM0013762,HORD004377,PRD0204,1,3651.04,3651.04
HITM0013763,HORD004377,PRD0356,1,365.08,365.08
HITM0013764,HORD004377,PRD0512,1,853.36,853.36
HITM0003350,HORD001079,PRD0289,2,1441.37,2882.74
HITM0003351,HORD001079,PRD0609,1,1032.51,1032.51
HITM0003352,HORD001079,PRD0525,1,1134.69,1134.69
HITM0003353,HORD001079,PRD0400,2,249.11,498.22
HITM0003354,HORD001079,PRD0126,1,464.05,464.05
HITM0004673,HORD001499,PRD0130,1,348.52,348.52
HITM0004674,HORD001499,PRD0969,1,1212.01,1212.01
HITM0004675,HORD001499,PRD0195,2,715.6,1431.2
HITM0004676,HORD001499,PRD0456,1,690.03,690.03
HITM0001690,HORD000548,PRD0150,1,189.45,189.45
HITM0001691,HORD000548,PRD0499,1,1328.97,1328.97
HITM0001692,HORD000548,PRD0584,2,2508.46,5016.92
HITM0001693,HORD000548,PRD0612,2,385.34,770.68
HITM0007975,HORD002534,PRD0279,1,1450.59,1450.59
HITM0007976,HORD002534,PRD0899,1,180.25,180.25
HITM0007977,HORD002534,PRD0820,1,109.62,109.62
HITM0007978,HORD002534,PRD0771,1,1761.53,1761.53
HITM0008525,HORD002710,PRD0253,1,1391.34,1391.34
HITM0008526,HORD002710,PRD0649,1,1282.36,1282.36
HITM0008527,HORD002710,PRD0920,1,53.18,53.18
HITM0008528,HORD002710,PRD0995,2,69.16,138.32
HITM0003758,HORD001212,PRD0719,2,192.41,384.82
HITM0003759,HORD001212,PRD0902,2,307.82,615.64
HITM0011725,HORD003734,PRD0334,1,1182.39,1182.39
HITM0011726,HORD003734,PRD0891,1,2117.27,2117.27
HITM0011727,HORD003734,PRD0366,2,547.49,1094.98
HITM0011728,HORD003734,PRD0560,1,176.65,176.65
HITM0011729,HORD003734,PRD0305,2,387.39,774.78
HITM0014184,HORD004513,PRD0742,2,338.72,677.44
HITM0014185,HORD004513,PRD0470,1,91.58,91.58
HITM0014186,HORD004513,PRD0846,1,671.93,671.93
HITM0014187,HORD004513,PRD0545,1,1080.38,1080.38
HITM0008551,HORD002718,PRD0556,1,365.44,365.44
HITM0008552,HORD002718,PRD0538,1,1028.4,1028.4
HITM0003083,HORD000988,PRD0248,1,1065.71,1065.71
HITM0003084,HORD000988,PRD0206,1,433.31,433.31
HITM0003085,HORD000988,PRD0349,2,1342.94,2685.88
HITM0003086,HORD000988,PRD0207,1,2341.74,2341.74
HITM0007048,HORD002251,PRD0558,2,383.39,766.78
HITM0007049,HORD002251,PRD0386,1,167.3,167.3
HITM0007050,HORD002251,PRD0409,2,200.48,400.96
HITM0007051,HORD002251,PRD0534,2,781.55,1563.1
HITM0001429,HORD000459,PRD0866,1,487.97,487.97
HITM0001430,HORD000459,PRD0484,1,1342.84,1342.84
HITM0004277,HORD001373,PRD0110,1,113.31,113.31
HITM0005757,HORD001843,PRD0108,2,323.48,646.96
HITM0012144,HORD003875,PRD0893,1,1076.78,1076.78
HITM0001987,HORD000645,PRD0470,1,91.58,91.58
HITM0001988,HORD000645,PRD0848,1,289.88,289.88
HITM0001989,HORD000645,PRD0687,1,200.01,200.01
HITM0001990,HORD000645,PRD0221,1,2253.19,2253.19
HITM0014809,HORD004710,PRD0328,1,634.48,634.48
HITM0014810,HORD004710,PRD0124,1,1400.78,1400.78
HITM0014811,HORD004710,PRD0790,1,356.37,356.37
HITM0006190,HORD001981,PRD0844,1,3468.14,3468.14
HITM0006191,HORD001981,PRD0686,2,529.65,1059.3
HITM0006192,HORD001981,PRD0530,2,14.38,28.76
HITM0006193,HORD001981,PRD0019,1,1401.86,1401.86
HITM0006194,HORD001981,PRD0173,1,906.06,906.06
HITM0013396,HORD004260,PRD0522,1,1754.68,1754.68
HITM0013397,HORD004260,PRD0820,2,109.62,219.24
HITM0013398,HORD004260,PRD0170,1,90.68,90.68
HITM0013399,HORD004260,PRD0550,1,112.99,112.99
HITM0014797,HORD004707,PRD0440,1,413.05,413.05
HITM0014798,HORD004707,PRD0112,1,387.62,387.62
HITM0014799,HORD004707,PRD0309,1,332.31,332.31
HITM0014800,HORD004707,PRD0773,2,1495.61,2991.22
HITM0014801,HORD004707,PRD0412,1,1872.56,1872.56
HITM0013299,HORD004230,PRD0535,1,536.13,536.13
HITM0013300,HORD004230,PRD0020,1,47.5,47.5
HITM0013301,HORD004230,PRD0835,1,705.82,705.82
HITM0000892,HORD000288,PRD0268,3,1094.58,3283.74
HITM0010935,HORD003481,PRD0372,1,1308.61,1308.61
HITM0010936,HORD003481,PRD0439,1,74.96,74.96
HITM0008760,HORD002782,PRD0877,3,507.09,1521.27
HITM0008761,HORD002782,PRD0270,1,154.55,154.55
HITM0008762,HORD002782,PRD0220,2,201.85,403.7
HITM0008763,HORD002782,PRD0109,1,429.51,429.51
HITM0000956,HORD000310,PRD0754,1,2206.66,2206.66
HITM0000957,HORD000310,PRD0036,2,355.76,711.52
HITM0000958,HORD000310,PRD0187,1,2390.01,2390.01
HITM0000959,HORD000310,PRD0673,1,373.06,373.06
HITM0009806,HORD003116,PRD0067,1,374.02,374.02
HITM0009807,HORD003116,PRD0596,1,596.4,596.4
HITM0000148,HORD000052,PRD0891,1,2117.27,2117.27
HITM0000149,HORD000052,PRD0798,2,999.78,1999.56
HITM0000150,HORD000052,PRD0381,1,2181.63,2181.63
HITM0000151,HORD000052,PRD0418,1,584.01,584.01
HITM0008023,HORD002552,PRD0652,1,1300.01,1300.01
HITM0008024,HORD002552,PRD0933,1,1071.81,1071.81
HITM0008025,HORD002552,PRD0696,2,223.84,447.68
HITM0005924,HORD001895,PRD0733,2,1448.13,2896.26
HITM0009934,HORD003156,PRD0523,1,911.73,911.73
HITM0009935,HORD003156,PRD0712,1,331.7,331.7
HITM0009936,HORD003156,PRD0929,2,1112.27,2224.54
HITM0004644,HORD001490,PRD0370,1,206.12,206.12
HITM0004645,HORD001490,PRD0568,1,670.01,670.01
HITM0004646,HORD001490,PRD0549,2,660.48,1320.96
HITM0005513,HORD001764,PRD0210,1,408.84,408.84
HITM0005514,HORD001764,PRD0525,1,1134.69,1134.69
HITM0005515,HORD001764,PRD0812,1,1025.12,1025.12
HITM0005516,HORD001764,PRD0080,1,60.33,60.33
HITM0011099,HORD003538,PRD0849,2,216.96,433.92
HITM0011100,HORD003538,PRD0663,2,599.38,1198.76
HITM0011101,HORD003538,PRD0933,1,1071.81,1071.81
HITM0007209,HORD002299,PRD0047,2,64.28,128.56
HITM0007210,HORD002299,PRD0247,1,1770.54,1770.54
HITM0007211,HORD002299,PRD0159,1,1281.12,1281.12
HITM0007212,HORD002299,PRD0426,3,690.03,2070.09
HITM0000142,HORD000050,PRD0213,1,351.6,351.6
HITM0000143,HORD000050,PRD0587,2,2586.72,5173.44
HITM0000144,HORD000050,PRD0582,1,622.36,622.36
HITM0000145,HORD000050,PRD0856,2,508.46,1016.92
HITM0006837,HORD002181,PRD0508,1,513.6,513.6
HITM0002746,HORD000885,PRD0093,1,1330.98,1330.98
HITM0002747,HORD000885,PRD0366,1,547.49,547.49
HITM0002748,HORD000885,PRD0010,1,23.5,23.5
HITM0002749,HORD000885,PRD0300,1,158.44,158.44
HITM0000981,HORD000317,PRD0372,2,1308.61,2617.22
HITM0000982,HORD000317,PRD0117,2,1297.02,2594.04
HITM0015116,HORD004808,PRD0225,1,255.65,255.65
HITM0015117,HORD004808,PRD0937,1,1780.49,1780.49
HITM0015118,HORD004808,PRD0437,1,2045.28,2045.28
HITM0006757,HORD002156,PRD0688,2,409.87,819.74
HITM0006758,HORD002156,PRD0798,1,999.78,999.78
HITM0006759,HORD002156,PRD0141,2,995.53,1991.06
HITM0006760,HORD002156,PRD0911,1,1497.3,1497.3
HITM0005897,HORD001887,PRD0153,1,638.8,638.8
HITM0005898,HORD001887,PRD0095,1,699.82,699.82
HITM0005899,HORD001887,PRD0209,2,164.63,329.26
HITM0005900,HORD001887,PRD0998,1,178.25,178.25
HITM0006076,HORD001942,PRD0615,3,159.68,479.04
HITM0006077,HORD001942,PRD0706,1,493.43,493.43
HITM0006078,HORD001942,PRD0157,2,591.59,1183.18
HITM0002495,HORD000810,PRD0619,1,1486.76,1486.76
HITM0002496,HORD000810,PRD0940,1,51.08,51.08
HITM0006282,HORD002007,PRD0250,1,376.98,376.98
HITM0006283,HORD002007,PRD0814,1,404.73,404.73
HITM0006284,HORD002007,PRD0790,1,356.37,356.37
HITM0006285,HORD002007,PRD0411,3,1693.96,5081.88
HITM0009313,HORD002957,PRD0773,2,1495.61,2991.22
HITM0009314,HORD002957,PRD0131,1,1311.04,1311.04
HITM0009315,HORD002957,PRD0249,3,871.19,2613.57
HITM0012369,HORD003950,PRD0663,1,599.38,599.38
HITM0012370,HORD003950,PRD0190,1,248.59,248.59
HITM0012371,HORD003950,PRD0370,1,206.12,206.12
HITM0010994,HORD003502,PRD0635,1,809.45,809.45
HITM0010995,HORD003502,PRD0916,1,256.29,256.29
HITM0009924,HORD003152,PRD0550,1,112.99,112.99
HITM0009925,HORD003152,PRD0280,1,105.66,105.66
HITM0009926,HORD003152,PRD0954,3,1508.35,4525.05
HITM0000664,HORD000216,PRD0893,3,1076.78,3230.34
HITM0000665,HORD000216,PRD0988,2,1072.9,2145.8
HITM0000666,HORD000216,PRD0362,1,1208.57,1208.57
HITM0000667,HORD000216,PRD0201,2,3066.38,6132.76
HITM0008076,HORD002568,PRD0584,1,2508.46,2508.46
HITM0008077,HORD002568,PRD0349,1,1342.94,1342.94
HITM0008078,HORD002568,PRD0906,2,303.87,607.74
HITM0008079,HORD002568,PRD0232,1,358.39,358.39
HITM0010456,HORD003325,PRD0912,1,1645.17,1645.17
HITM0010457,HORD003325,PRD0236,1,135.01,135.01
HITM0010458,HORD003325,PRD0869,1,1367.62,1367.62
HITM0012649,HORD004037,PRD0642,1,1517.82,1517.82
HITM0012650,HORD004037,PRD0936,1,477.26,477.26
HITM0012651,HORD004037,PRD0757,2,1540.4,3080.8
HITM0001528,HORD000494,PRD0361,1,2730.19,2730.19
HITM0001529,HORD000494,PRD0072,2,1642.51,3285.02
HITM0001530,HORD000494,PRD0748,1,432.14,432.14
HITM0001531,HORD000494,PRD0814,3,404.73,1214.19
HITM0006727,HORD002147,PRD0334,1,1182.39,1182.39
HITM0006728,HORD002147,PRD0196,1,206.29,206.29
HITM0006729,HORD002147,PRD0201,1,3066.38,3066.38
HITM0006730,HORD002147,PRD0326,3,828.92,2486.76
HITM0005883,HORD001882,PRD0897,3,1058.2,3174.6
HITM0005884,HORD001882,PRD0603,1,557.9,557.9
HITM0005885,HORD001882,PRD0100,1,400.25,400.25
HITM0005886,HORD001882,PRD0106,1,385.13,385.13
HITM0003410,HORD001099,PRD0788,1,699.94,699.94
HITM0003411,HORD001099,PRD0530,2,14.38,28.76
HITM0003412,HORD001099,PRD0185,1,1138.66,1138.66
HITM0003413,HORD001099,PRD0273,1,469.96,469.96
HITM0002893,HORD000931,PRD0595,1,108.82,108.82
HITM0002894,HORD000931,PRD0633,3,804.04,2412.12
HITM0002895,HORD000931,PRD0397,1,719.35,719.35
HITM0002896,HORD000931,PRD0047,2,64.28,128.56
HITM0011193,HORD003567,PRD0560,1,176.65,176.65
HITM0011194,HORD003567,PRD0669,1,271.59,271.59
HITM0008159,HORD002595,PRD0847,1,1533.33,1533.33
HITM0008160,HORD002595,PRD0431,1,1892.24,1892.24
HITM0003047,HORD000977,PRD0862,1,717.42,717.42
HITM0003048,HORD000977,PRD0707,2,2487.37,4974.74
HITM0003049,HORD000977,PRD0623,1,442.62,442.62
HITM0002791,HORD000900,PRD0566,1,150.7,150.7
HITM0002792,HORD000900,PRD0153,2,638.8,1277.6
HITM0002793,HORD000900,PRD0510,2,267.14,534.28
HITM0002794,HORD000900,PRD0725,1,1037.01,1037.01
HITM0010713,HORD003410,PRD0053,2,1237.48,2474.96
HITM0010714,HORD003410,PRD0849,1,216.96,216.96
HITM0010715,HORD003410,PRD0530,1,14.38,14.38
HITM0010716,HORD003410,PRD0065,1,1196.5,1196.5
HITM0013563,HORD004319,PRD0437,2,2045.28,4090.56
HITM0013564,HORD004319,PRD0392,2,827.61,1655.22
HITM0013565,HORD004319,PRD0550,2,112.99,225.98
HITM0013566,HORD004319,PRD0231,1,1774.07,1774.07
HITM0006888,HORD002198,PRD0417,1,876.48,876.48
HITM0006889,HORD002198,PRD0996,1,455.11,455.11
HITM0006890,HORD002198,PRD0980,2,310.02,620.04
HITM0006085,HORD001945,PRD0938,3,327.05,981.15
HITM0006086,HORD001945,PRD0816,1,125.37,125.37
HITM0014327,HORD004558,PRD0482,1,1837.18,1837.18
HITM0014328,HORD004558,PRD0729,2,496.66,993.32
HITM0014329,HORD004558,PRD0141,2,995.53,1991.06
HITM0014073,HORD004476,PRD0521,1,1257.03,1257.03
HITM0014074,HORD004476,PRD0350,2,142.11,284.22
HITM0014177,HORD004511,PRD0602,1,1186.95,1186.95
HITM0014178,HORD004511,PRD0813,1,326.38,326.38
HITM0014179,HORD004511,PRD0400,2,249.11,498.22
HITM0014180,HORD004511,PRD0373,1,1277.27,1277.27
HITM0013953,HORD004434,PRD0530,1,14.38,14.38
HITM0013954,HORD004434,PRD0470,1,91.58,91.58
HITM0013955,HORD004434,PRD0373,2,1277.27,2554.54
HITM0006236,HORD001994,PRD0434,1,1483.17,1483.17
HITM0006237,HORD001994,PRD0960,1,322.58,322.58
HITM0006238,HORD001994,PRD0047,1,64.28,64.28
HITM0006239,HORD001994,PRD0804,1,1211.99,1211.99
HITM0006240,HORD001994,PRD0798,1,999.78,999.78
HITM0007066,HORD002256,PRD0383,1,584.39,584.39
HITM0007067,HORD002256,PRD0310,2,351.06,702.12
HITM0007068,HORD002256,PRD0470,1,91.58,91.58
HITM0007069,HORD002256,PRD0325,1,161.7,161.7
HITM0007070,HORD002256,PRD0900,2,259.46,518.92
HITM0014351,HORD004565,PRD0698,1,68.9,68.9
HITM0014352,HORD004565,PRD0463,1,1250.22,1250.22
HITM0014353,HORD004565,PRD0383,1,584.39,584.39
HITM0008197,HORD002607,PRD0837,1,2447.06,2447.06
HITM0008198,HORD002607,PRD0087,1,2316.68,2316.68
HITM0008199,HORD002607,PRD0451,1,2985.26,2985.26
HITM0008200,HORD002607,PRD0534,3,781.55,2344.65
HITM0008201,HORD002607,PRD0979,1,1127.85,1127.85
HITM0002643,HORD000853,PRD0327,1,122.19,122.19
HITM0002644,HORD000853,PRD0650,2,129.9,259.8
HITM0002645,HORD000853,PRD0106,1,385.13,385.13
HITM0002646,HORD000853,PRD0785,1,86.54,86.54
HITM0011704,HORD003728,PRD0502,1,1590.33,1590.33
HITM0011705,HORD003728,PRD0227,1,853.87,853.87
HITM0011706,HORD003728,PRD0611,1,1295.24,1295.24
HITM0011707,HORD003728,PRD0421,2,1234.35,2468.7
HITM0009773,HORD003106,PRD0980,1,310.02,310.02
HITM0009774,HORD003106,PRD0107,1,1601.0,1601.0
HITM0002578,HORD000834,PRD0205,1,1030.02,1030.02
HITM0002579,HORD000834,PRD0015,2,238.76,477.52
HITM0000508,HORD000170,PRD0595,1,108.82,108.82
HITM0000509,HORD000170,PRD0972,2,1389.65,2779.3
HITM0000510,HORD000170,PRD0156,1,400.24,400.24
HITM0000511,HORD000170,PRD0005,1,770.31,770.31
HITM0000512,HORD000170,PRD0761,1,2263.02,2263.02
HITM0011951,HORD003807,PRD0422,1,359.3,359.3
HITM0011952,HORD003807,PRD0364,1,4084.62,4084.62
HITM0011953,HORD003807,PRD0753,1,377.42,377.42
HITM0015215,HORD004841,PRD0095,2,699.82,1399.64
HITM0015216,HORD004841,PRD0713,2,768.21,1536.42
HITM0015217,HORD004841,PRD0001,1,2765.47,2765.47
HITM0013239,HORD004210,PRD0036,1,355.76,355.76
HITM0013240,HORD004210,PRD0059,1,602.47,602.47
HITM0006355,HORD002031,PRD0055,1,706.09,706.09
HITM0006356,HORD002031,PRD0170,1,90.68,90.68
HITM0006357,HORD002031,PRD0144,2,2170.55,4341.1
HITM0009451,HORD003002,PRD0512,1,853.36,853.36
HITM0009452,HORD003002,PRD0993,2,976.99,1953.98
HITM0009453,HORD003002,PRD0276,1,337.93,337.93
HITM0009454,HORD003002,PRD0292,1,1810.91,1810.91
HITM0009455,HORD003002,PRD0766,1,655.3,655.3
HITM0004098,HORD001319,PRD0834,1,2475.8,2475.8
HITM0004099,HORD001319,PRD0312,1,523.23,523.23
HITM0007402,HORD002359,PRD0900,1,259.46,259.46
HITM0007403,HORD002359,PRD0874,2,2293.13,4586.26
HITM0006784,HORD002166,PRD0642,1,1517.82,1517.82
HITM0006785,HORD002166,PRD0819,1,191.18,191.18
HITM0006786,HORD002166,PRD0553,1,941.32,941.32
HITM0006787,HORD002166,PRD0155,1,171.72,171.72
HITM0006223,HORD001990,PRD0846,1,671.93,671.93
HITM0006224,HORD001990,PRD0642,1,1517.82,1517.82
HITM0006225,HORD001990,PRD0205,2,1030.02,2060.04
HITM0006226,HORD001990,PRD0346,2,470.11,940.22
HITM0012443,HORD003974,PRD0736,3,508.97,1526.91
HITM0012444,HORD003974,PRD0128,3,155.79,467.37
HITM0012445,HORD003974,PRD0540,1,16.38,16.38
HITM0012446,HORD003974,PRD0257,1,637.63,637.63
HITM0012447,HORD003974,PRD0598,2,723.86,1447.72
HITM0011547,HORD003678,PRD0452,1,1373.84,1373.84
HITM0011548,HORD003678,PRD0785,1,86.54,86.54
HITM0011549,HORD003678,PRD0804,1,1211.99,1211.99
HITM0011550,HORD003678,PRD0266,1,189.02,189.02
HITM0013706,HORD004361,PRD0465,1,61.33,61.33
HITM0013707,HORD004361,PRD0176,1,653.3,653.3
HITM0013708,HORD004361,PRD0171,2,1970.35,3940.7
HITM0013709,HORD004361,PRD0756,1,177.47,177.47
HITM0013710,HORD004361,PRD0417,1,876.48,876.48
HITM0014097,HORD004483,PRD0016,2,594.47,1188.94
HITM0014098,HORD004483,PRD0441,1,1203.85,1203.85
HITM0014099,HORD004483,PRD0084,1,3804.86,3804.86
HITM0004016,HORD001292,PRD0794,1,1445.08,1445.08
HITM0004017,HORD001292,PRD0612,2,385.34,770.68
HITM0004018,HORD001292,PRD0217,2,441.18,882.36
HITM0004019,HORD001292,PRD0895,1,830.36,830.36
HITM0008185,HORD002603,PRD0959,1,1028.98,1028.98
HITM0008186,HORD002603,PRD0999,1,626.07,626.07
HITM0008187,HORD002603,PRD0458,2,242.85,485.7
HITM0008188,HORD002603,PRD0389,1,562.64,562.64
HITM0002692,HORD000867,PRD0127,1,599.05,599.05
HITM0002693,HORD000867,PRD0034,1,780.7,780.7
HITM0002694,HORD000867,PRD0206,2,433.31,866.62
HITM0014731,HORD004687,PRD0341,1,1098.33,1098.33
HITM0014732,HORD004687,PRD0865,1,851.18,851.18
HITM0014733,HORD004687,PRD0760,1,36.27,36.27
HITM0014734,HORD004687,PRD0776,1,497.49,497.49
HITM0011513,HORD003668,PRD0853,1,1117.98,1117.98
HITM0011514,HORD003668,PRD0327,1,122.19,122.19
HITM0011515,HORD003668,PRD0804,1,1211.99,1211.99
HITM0011516,HORD003668,PRD0439,1,74.96,74.96
HITM0002086,HORD000676,PRD0988,1,1072.9,1072.9
HITM0002087,HORD000676,PRD0562,1,670.44,670.44
HITM0002088,HORD000676,PRD0790,1,356.37,356.37
HITM0002089,HORD000676,PRD0403,1,1021.92,1021.92
HITM0010704,HORD003407,PRD0886,1,59.21,59.21
HITM0010705,HORD003407,PRD0255,1,699.0,699.0
HITM0004475,HORD001435,PRD0015,1,238.76,238.76
HITM0004476,HORD001435,PRD0600,1,62.84,62.84
HITM0011311,HORD003603,PRD0059,3,602.47,1807.41
HITM0012375,HORD003952,PRD0438,1,767.87,767.87
HITM0012376,HORD003952,PRD0594,1,2821.84,2821.84
HITM0012377,HORD003952,PRD0720,1,216.18,216.18
HITM0011861,HORD003778,PRD0913,1,1306.73,1306.73
HITM0011862,HORD003778,PRD0166,1,822.52,822.52
HITM0011863,HORD003778,PRD0300,1,158.44,158.44
HITM0014181,HORD004512,PRD0657,2,1084.44,2168.88
HITM0014182,HORD004512,PRD0920,1,53.18,53.18
HITM0014183,HORD004512,PRD0562,1,670.44,670.44
HITM0006299,HORD002014,PRD0258,1,133.79,133.79
HITM0006300,HORD002014,PRD0131,1,1311.04,1311.04
HITM0006301,HORD002014,PRD0136,1,249.62,249.62
HITM0006302,HORD002014,PRD0903,2,980.26,1960.52
HITM0001584,HORD000512,PRD0053,1,1237.48,1237.48
HITM0001585,HORD000512,PRD0785,1,86.54,86.54
HITM0001586,HORD000512,PRD0519,1,154.53,154.53
HITM0001587,HORD000512,PRD0653,2,1139.17,2278.34
HITM0004776,HORD001533,PRD0337,2,842.79,1685.58
HITM0004777,HORD001533,PRD0150,1,189.45,189.45
HITM0004778,HORD001533,PRD0569,1,870.85,870.85
HITM0004779,HORD001533,PRD0623,1,442.62,442.62
HITM0004780,HORD001533,PRD0816,2,125.37,250.74
HITM0005870,HORD001879,PRD0066,1,291.03,291.03
HITM0005871,HORD001879,PRD0531,1,2895.4,2895.4
HITM0005872,HORD001879,PRD0607,1,113.06,113.06
HITM0005873,HORD001879,PRD0138,1,727.03,727.03
HITM0014841,HORD004721,PRD0719,1,192.41,192.41
HITM0014842,HORD004721,PRD0767,1,2219.87,2219.87
HITM0014843,HORD004721,PRD0745,1,222.81,222.81
HITM0000302,HORD000101,PRD0066,1,291.03,291.03
HITM0000303,HORD000101,PRD0555,1,159.32,159.32
HITM0000304,HORD000101,PRD0061,1,1754.84,1754.84
HITM0007890,HORD002508,PRD0995,1,69.16,69.16
HITM0007891,HORD002508,PRD0320,1,154.64,154.64
HITM0007892,HORD002508,PRD0535,1,536.13,536.13
HITM0006071,HORD001940,PRD0692,3,1859.26,5577.78
HITM0006072,HORD001940,PRD0434,1,1483.17,1483.17
HITM0010735,HORD003417,PRD0789,1,416.43,416.43
HITM0010736,HORD003417,PRD0249,1,871.19,871.19
HITM0010737,HORD003417,PRD0248,2,1065.71,2131.42
HITM0010738,HORD003417,PRD0716,1,300.2,300.2
HITM0015414,HORD004910,PRD0593,1,356.64,356.64
HITM0015415,HORD004910,PRD0976,1,196.82,196.82
HITM0015416,HORD004910,PRD0047,1,64.28,64.28
HITM0013684,HORD004355,PRD0965,1,536.69,536.69
HITM0013685,HORD004355,PRD0461,1,3147.14,3147.14
HITM0013686,HORD004355,PRD0238,1,866.49,866.49
HITM0013687,HORD004355,PRD0330,1,265.81,265.81
HITM0009092,HORD002884,PRD0256,1,694.57,694.57
HITM0009093,HORD002884,PRD0886,2,59.21,118.42
HITM0009094,HORD002884,PRD0793,2,454.0,908.0
HITM0009095,HORD002884,PRD0280,1,105.66,105.66
HITM0003542,HORD001144,PRD0205,1,1030.02,1030.02
HITM0003543,HORD001144,PRD0137,1,1155.19,1155.19
HITM0003544,HORD001144,PRD0815,1,261.87,261.87
HITM0003545,HORD001144,PRD0339,1,536.34,536.34
HITM0003546,HORD001144,PRD0804,1,1211.99,1211.99
HITM0007982,HORD002537,PRD0693,2,748.42,1496.84
HITM0007983,HORD002537,PRD0415,1,111.92,111.92
HITM0007984,HORD002537,PRD0580,1,109.85,109.85
HITM0007985,HORD002537,PRD0760,1,36.27,36.27
HITM0009328,HORD002962,PRD0799,1,1443.92,1443.92
HITM0009329,HORD002962,PRD0684,1,1730.11,1730.11
HITM0009330,HORD002962,PRD0231,1,1774.07,1774.07
HITM0007813,HORD002483,PRD0986,2,605.03,1210.06
HITM0007814,HORD002483,PRD0543,1,336.97,336.97
HITM0007815,HORD002483,PRD0620,1,133.24,133.24
HITM0000098,HORD000034,PRD0392,1,827.61,827.61
HITM0000099,HORD000034,PRD0190,1,248.59,248.59
HITM0000100,HORD000034,PRD0769,1,982.55,982.55
HITM0015021,HORD004777,PRD0338,1,472.36,472.36
HITM0015022,HORD004777,PRD0250,2,376.98,753.96
HITM0010363,HORD003295,PRD0558,1,383.39,383.39
HITM0010364,HORD003295,PRD0406,2,482.25,964.5
HITM0010365,HORD003295,PRD0915,2,1134.28,2268.56
HITM0010366,HORD003295,PRD0071,1,2671.31,2671.31
HITM0014694,HORD004673,PRD0143,2,1276.25,2552.5
HITM0014695,HORD004673,PRD0637,1,1350.41,1350.41
HITM0014696,HORD004673,PRD0224,1,460.12,460.12
HITM0014697,HORD004673,PRD0809,1,699.91,699.91
HITM0014698,HORD004673,PRD0616,1,311.42,311.42
HITM0013942,HORD004431,PRD0548,1,952.05,952.05
HITM0013943,HORD004431,PRD0112,1,387.62,387.62
HITM0013944,HORD004431,PRD0020,1,47.5,47.5
HITM0009164,HORD002909,PRD0835,1,705.82,705.82
HITM0009165,HORD002909,PRD0340,1,382.9,382.9
HITM0009166,HORD002909,PRD0158,1,751.25,751.25
HITM0005262,HORD001682,PRD0803,3,1082.24,3246.72
HITM0005263,HORD001682,PRD0700,1,241.67,241.67
HITM0005264,HORD001682,PRD0459,1,1343.7,1343.7
HITM0005265,HORD001682,PRD0996,1,455.11,455.11
HITM0000041,HORD000016,PRD0170,1,90.68,90.68
HITM0000042,HORD000016,PRD0806,1,210.08,210.08
HITM0000043,HORD000016,PRD0233,1,1369.87,1369.87
HITM0000044,HORD000016,PRD0175,1,1014.37,1014.37
HITM0000045,HORD000016,PRD0580,1,109.85,109.85
HITM0010134,HORD003223,PRD0409,1,200.48,200.48
HITM0010135,HORD003223,PRD0989,1,359.81,359.81
HITM0010136,HORD003223,PRD0862,1,717.42,717.42
HITM0010137,HORD003223,PRD0175,1,1014.37,1014.37
HITM0008675,HORD002755,PRD0152,3,528.88,1586.64
HITM0008676,HORD002755,PRD0447,1,1044.91,1044.91
HITM0009104,HORD002890,PRD0772,1,306.42,306.42
HITM0009105,HORD002890,PRD0546,1,227.79,227.79
HITM0009106,HORD002890,PRD0670,3,387.96,1163.88
HITM0009107,HORD002890,PRD0550,1,112.99,112.99
HITM0009108,HORD002890,PRD0874,3,2293.13,6879.39
HITM0000797,HORD000258,PRD0920,1,53.18,53.18
HITM0000798,HORD000258,PRD0559,1,531.55,531.55
HITM0013862,HORD004407,PRD0104,2,2802.96,5605.92
HITM0013863,HORD004407,PRD0491,1,2132.04,2132.04
HITM0013864,HORD004407,PRD0485,1,283.51,283.51
HITM0013865,HORD004407,PRD0816,1,125.37,125.37
HITM0006923,HORD002209,PRD0447,1,1044.91,1044.91
HITM0006924,HORD002209,PRD0438,2,767.87,1535.74
HITM0006925,HORD002209,PRD0439,1,74.96,74.96
HITM0006926,HORD002209,PRD0805,1,1196.95,1196.95
HITM0002268,HORD000733,PRD0973,1,703.36,703.36
HITM0007427,HORD002368,PRD0638,3,331.17,993.51
HITM0007428,HORD002368,PRD0085,1,238.64,238.64
HITM0007429,HORD002368,PRD0100,1,400.25,400.25
HITM0004767,HORD001530,PRD0868,1,1088.06,1088.06
HITM0004768,HORD001530,PRD0436,3,180.16,540.48
HITM0006621,HORD002115,PRD0286,3,725.81,2177.43
HITM0006622,HORD002115,PRD0839,1,835.25,835.25
HITM0006623,HORD002115,PRD0678,1,566.98,566.98
HITM0006624,HORD002115,PRD0635,1,809.45,809.45
HITM0009795,HORD003113,PRD0760,2,36.27,72.54
HITM0009796,HORD003113,PRD0483,1,436.08,436.08
HITM0009797,HORD003113,PRD0090,3,99.88,299.64
HITM0014802,HORD004708,PRD0947,1,1985.26,1985.26
HITM0014803,HORD004708,PRD0090,1,99.88,99.88
HITM0014804,HORD004708,PRD0814,1,404.73,404.73
HITM0014805,HORD004708,PRD0001,1,2765.47,2765.47
HITM0007359,HORD002346,PRD0607,2,113.06,226.12
HITM0008589,HORD002730,PRD0982,1,885.27,885.27
HITM0008590,HORD002730,PRD0325,2,161.7,323.4
HITM0008591,HORD002730,PRD0727,1,842.09,842.09
HITM0001001,HORD000324,PRD0530,2,14.38,28.76
HITM0001002,HORD000324,PRD0730,2,418.77,837.54
HITM0005490,HORD001757,PRD0167,1,2512.16,2512.16
HITM0005491,HORD001757,PRD0035,1,879.72,879.72
HITM0005492,HORD001757,PRD0715,1,401.49,401.49
HITM0005493,HORD001757,PRD0590,1,54.96,54.96
HITM0005494,HORD001757,PRD0970,1,203.54,203.54
HITM0008147,HORD002592,PRD0158,1,751.25,751.25
HITM0008148,HORD002592,PRD0486,2,706.44,1412.88
HITM0008149,HORD002592,PRD0831,1,1542.33,1542.33
HITM0008150,HORD002592,PRD0777,1,2576.34,2576.34
HITM0015364,HORD004892,PRD0397,1,719.35,719.35
HITM0015365,HORD004892,PRD0165,1,567.68,567.68
HITM0015366,HORD004892,PRD0045,2,180.47,360.94
HITM0013001,HORD004141,PRD0145,1,672.85,672.85
HITM0013002,HORD004141,PRD0613,1,774.1,774.1
HITM0013003,HORD004141,PRD0027,1,431.75,431.75
HITM0013004,HORD004141,PRD0037,1,2028.72,2028.72
HITM0010002,HORD003179,PRD0359,1,196.54,196.54
HITM0010003,HORD003179,PRD0096,1,569.77,569.77
HITM0010004,HORD003179,PRD0676,1,45.2,45.2
HITM0004373,HORD001403,PRD0289,2,1441.37,2882.74
HITM0004374,HORD001403,PRD0763,1,1579.7,1579.7
HITM0004375,HORD001403,PRD0023,1,688.53,688.53
HITM0001065,HORD000345,PRD0277,1,1153.48,1153.48
HITM0013536,HORD004309,PRD0678,1,566.98,566.98
HITM0013537,HORD004309,PRD0807,1,1660.47,1660.47
HITM0013538,HORD004309,PRD0785,1,86.54,86.54
HITM0013539,HORD004309,PRD0298,1,275.37,275.37
HITM0011079,HORD003531,PRD0973,1,703.36,703.36
HITM0011080,HORD003531,PRD0656,1,848.87,848.87
HITM0011081,HORD003531,PRD0232,1,358.39,358.39
HITM0000382,HORD000130,PRD0606,1,74.13,74.13
HITM0000383,HORD000130,PRD0781,1,1039.29,1039.29
HITM0000384,HORD000130,PRD0105,1,325.21,325.21
HITM0014078,HORD004478,PRD0694,1,2715.4,2715.4
HITM0014079,HORD004478,PRD0926,1,546.12,546.12
HITM0014080,HORD004478,PRD0791,3,2700.27,8100.81
HITM0014081,HORD004478,PRD0526,3,208.36,625.08
HITM0012894,HORD004107,PRD0928,1,426.54,426.54
HITM0012895,HORD004107,PRD0277,1,1153.48,1153.48
HITM0012896,HORD004107,PRD0907,1,130.49,130.49
HITM0002369,HORD000767,PRD0974,1,3468.15,3468.15
HITM0002370,HORD000767,PRD0343,2,634.07,1268.14
HITM0002371,HORD000767,PRD0821,3,1163.73,3491.19
HITM0014876,HORD004733,PRD0582,1,622.36,622.36
HITM0013790,HORD004387,PRD0347,1,1228.43,1228.43
HITM0013791,HORD004387,PRD0232,1,358.39,358.39
HITM0013792,HORD004387,PRD0615,1,159.68,159.68
HITM0013793,HORD004387,PRD0200,1,148.27,148.27
HITM0010188,HORD003241,PRD0345,1,1050.02,1050.02
HITM0010189,HORD003241,PRD0410,1,401.28,401.28
HITM0010190,HORD003241,PRD0820,1,109.62,109.62
HITM0010191,HORD003241,PRD0248,1,1065.71,1065.71
HITM0001631,HORD000527,PRD0276,1,337.93,337.93
HITM0001632,HORD000527,PRD0017,1,1979.17,1979.17
HITM0010335,HORD003287,PRD0896,1,452.47,452.47
HITM0010336,HORD003287,PRD0311,1,3180.87,3180.87
HITM0010337,HORD003287,PRD0289,1,1441.37,1441.37
HITM0010338,HORD003287,PRD0904,2,3664.33,7328.66
HITM0015436,HORD004917,PRD0296,1,440.13,440.13
HITM0015437,HORD004917,PRD0261,1,2576.1,2576.1
HITM0015438,HORD004917,PRD0920,1,53.18,53.18
HITM0015439,HORD004917,PRD0831,1,1542.33,1542.33
HITM0013417,HORD004266,PRD0386,1,167.3,167.3
HITM0013418,HORD004266,PRD0313,1,1471.48,1471.48
HITM0013419,HORD004266,PRD0080,2,60.33,120.66
HITM0013420,HORD004266,PRD0408,1,402.17,402.17
HITM0013421,HORD004266,PRD0626,2,521.1,1042.2
HITM0000588,HORD000193,PRD0045,1,180.47,180.47
HITM0000589,HORD000193,PRD0283,2,1338.12,2676.24
HITM0000590,HORD000193,PRD0168,1,341.32,341.32
HITM0000591,HORD000193,PRD0462,1,1832.75,1832.75
HITM0000592,HORD000193,PRD0865,1,851.18,851.18
HITM0014025,HORD004461,PRD0532,1,1457.77,1457.77
HITM0014026,HORD004461,PRD0572,1,1338.04,1338.04
HITM0014027,HORD004461,PRD0700,1,241.67,241.67
HITM0007164,HORD002284,PRD0487,1,322.51,322.51
HITM0007165,HORD002284,PRD0543,1,336.97,336.97
HITM0007166,HORD002284,PRD0419,1,100.25,100.25
HITM0009664,HORD003070,PRD0756,2,177.47,354.94
HITM0009665,HORD003070,PRD0617,2,629.04,1258.08
HITM0005034,HORD001611,PRD0971,1,1257.81,1257.81
HITM0005035,HORD001611,PRD0418,1,584.01,584.01
HITM0005036,HORD001611,PRD0903,1,980.26,980.26
HITM0004332,HORD001392,PRD0092,1,370.43,370.43
HITM0004333,HORD001392,PRD0599,1,1497.17,1497.17
HITM0004334,HORD001392,PRD0409,2,200.48,400.96
HITM0002131,HORD000689,PRD0989,1,359.81,359.81
HITM0002132,HORD000689,PRD0188,1,370.0,370.0
HITM0002133,HORD000689,PRD0725,2,1037.01,2074.02
HITM0002134,HORD000689,PRD0536,3,825.29,2475.87
HITM0002135,HORD000689,PRD0053,1,1237.48,1237.48
HITM0001231,HORD000397,PRD0534,1,781.55,781.55
HITM0001232,HORD000397,PRD0773,1,1495.61,1495.61
HITM0001233,HORD000397,PRD0821,1,1163.73,1163.73
HITM0001234,HORD000397,PRD0046,1,822.45,822.45
HITM0006716,HORD002144,PRD0548,2,952.05,1904.1
HITM0006717,HORD002144,PRD0005,2,770.31,1540.62
HITM0006718,HORD002144,PRD0897,1,1058.2,1058.2
HITM0006719,HORD002144,PRD0383,1,584.39,584.39
HITM0007294,HORD002323,PRD0283,1,1338.12,1338.12
HITM0007295,HORD002323,PRD0651,1,1043.5,1043.5
HITM0007296,HORD002323,PRD0047,1,64.28,64.28
HITM0009182,HORD002915,PRD0156,2,400.24,800.48
HITM0007553,HORD002406,PRD0646,1,498.38,498.38
HITM0007554,HORD002406,PRD0492,1,1105.9,1105.9
HITM0015403,HORD004906,PRD0948,1,581.24,581.24
HITM0015404,HORD004906,PRD0265,1,1188.22,1188.22
HITM0015405,HORD004906,PRD0792,1,1375.74,1375.74
HITM0007899,HORD002511,PRD0251,1,1852.67,1852.67
HITM0007900,HORD002511,PRD0923,2,1251.17,2502.34
HITM0007901,HORD002511,PRD0107,2,1601.0,3202.0
HITM0012199,HORD003893,PRD0356,1,365.08,365.08
HITM0012200,HORD003893,PRD0506,1,551.69,551.69
HITM0012201,HORD003893,PRD0139,1,877.46,877.46
HITM0012202,HORD003893,PRD0988,1,1072.9,1072.9
HITM0014123,HORD004491,PRD0460,1,19.84,19.84
HITM0014124,HORD004491,PRD0354,1,1130.05,1130.05
HITM0014125,HORD004491,PRD0066,2,291.03,582.06
HITM0012448,HORD003975,PRD0004,1,1300.01,1300.01
HITM0012449,HORD003975,PRD0670,1,387.96,387.96
HITM0012450,HORD003975,PRD0311,2,3180.87,6361.74
HITM0011135,HORD003550,PRD0460,2,19.84,39.68
HITM0011136,HORD003550,PRD0768,2,435.51,871.02
HITM0011137,HORD003550,PRD0814,1,404.73,404.73
HITM0011138,HORD003550,PRD0498,1,201.0,201.0
HITM0011139,HORD003550,PRD0220,1,201.85,201.85
HITM0012175,HORD003886,PRD0989,1,359.81,359.81
HITM0012176,HORD003886,PRD0483,1,436.08,436.08
HITM0012177,HORD003886,PRD0709,1,320.78,320.78
HITM0012178,HORD003886,PRD0648,1,1089.86,1089.86
HITM0012179,HORD003886,PRD0780,1,297.57,297.57
HITM0004962,HORD001589,PRD0006,1,733.43,733.43
HITM0004963,HORD001589,PRD0840,1,164.29,164.29
HITM0004964,HORD001589,PRD0360,2,387.48,774.96
HITM0007376,HORD002352,PRD0052,1,1015.78,1015.78
HITM0007377,HORD002352,PRD0827,1,1819.32,1819.32
HITM0007378,HORD002352,PRD0125,2,1104.8,2209.6
HITM0007379,HORD002352,PRD0903,1,980.26,980.26
HITM0007380,HORD002352,PRD0258,1,133.79,133.79
HITM0004222,HORD001357,PRD0032,1,1124.96,1124.96
HITM0004223,HORD001357,PRD0565,1,1021.79,1021.79
HITM0004224,HORD001357,PRD0888,1,828.95,828.95
HITM0004225,HORD001357,PRD0270,1,154.55,154.55
HITM0004226,HORD001357,PRD0419,1,100.25,100.25
HITM0011275,HORD003592,PRD0760,1,36.27,36.27
HITM0011276,HORD003592,PRD0712,1,331.7,331.7
HITM0011277,HORD003592,PRD0333,1,454.01,454.01
HITM0006059,HORD001936,PRD0912,1,1645.17,1645.17
HITM0006060,HORD001936,PRD0226,1,202.49,202.49
HITM0006061,HORD001936,PRD0335,1,1165.89,1165.89
HITM0003584,HORD001157,PRD0449,1,168.36,168.36
HITM0003585,HORD001157,PRD0845,1,323.81,323.81
HITM0003586,HORD001157,PRD0258,2,133.79,267.58
HITM0003587,HORD001157,PRD0104,1,2802.96,2802.96
HITM0003588,HORD001157,PRD0867,2,111.69,223.38
HITM0005198,HORD001663,PRD0452,1,1373.84,1373.84
HITM0005199,HORD001663,PRD0419,1,100.25,100.25
HITM0005200,HORD001663,PRD0710,1,193.26,193.26
HITM0005201,HORD001663,PRD0231,1,1774.07,1774.07
HITM0003003,HORD000964,PRD0656,1,848.87,848.87
HITM0003004,HORD000964,PRD0492,2,1105.9,2211.8
HITM0003005,HORD000964,PRD0503,1,1009.94,1009.94
HITM0003006,HORD000964,PRD0877,1,507.09,507.09
HITM0009756,HORD003101,PRD0328,1,634.48,634.48
HITM0009757,HORD003101,PRD0577,3,1656.23,4968.69
HITM0009758,HORD003101,PRD0410,2,401.28,802.56
HITM0013663,HORD004349,PRD0337,1,842.79,842.79
HITM0013664,HORD004349,PRD0392,1,827.61,827.61
HITM0013665,HORD004349,PRD0394,1,3851.33,3851.33
HITM0013666,HORD004349,PRD0187,1,2390.01,2390.01
HITM0013667,HORD004349,PRD0542,1,1879.25,1879.25
HITM0001820,HORD000592,PRD0974,1,3468.15,3468.15
HITM0001821,HORD000592,PRD0637,1,1350.41,1350.41
HITM0001822,HORD000592,PRD0478,1,966.98,966.98
HITM0012104,HORD003861,PRD0940,1,51.08,51.08
HITM0012105,HORD003861,PRD0250,1,376.98,376.98
HITM0007481,HORD002384,PRD0768,1,435.51,435.51
HITM0007482,HORD002384,PRD0538,2,1028.4,2056.8
HITM0005690,HORD001820,PRD0569,1,870.85,870.85
HITM0005691,HORD001820,PRD0796,1,187.69,187.69
HITM0005692,HORD001820,PRD0015,1,238.76,238.76
HITM0005693,HORD001820,PRD0002,2,455.28,910.56
HITM0004073,HORD001311,PRD0870,2,297.44,594.88
HITM0004074,HORD001311,PRD0659,1,725.61,725.61
HITM0006289,HORD002010,PRD0860,1,113.03,113.03
HITM0006290,HORD002010,PRD0718,1,287.05,287.05
HITM0006291,HORD002010,PRD0957,1,2550.17,2550.17
HITM0015518,HORD004940,PRD0806,2,210.08,420.16
HITM0013440,HORD004274,PRD0033,3,822.86,2468.58
HITM0013441,HORD004274,PRD0726,1,357.63,357.63
HITM0000127,HORD000044,PRD0779,1,835.92,835.92
HITM0000128,HORD000044,PRD0309,1,332.31,332.31
HITM0001311,HORD000422,PRD0594,2,2821.84,5643.68
HITM0008422,HORD002676,PRD0479,1,1360.38,1360.38
HITM0008423,HORD002676,PRD0110,1,113.31,113.31
HITM0008424,HORD002676,PRD0413,2,420.29,840.58
HITM0008425,HORD002676,PRD0155,1,171.72,171.72
HITM0008426,HORD002676,PRD0673,1,373.06,373.06
HITM0005797,HORD001855,PRD0102,1,581.67,581.67
HITM0005798,HORD001855,PRD0303,1,1407.52,1407.52
HITM0005799,HORD001855,PRD0235,1,158.61,158.61
HITM0005800,HORD001855,PRD0496,2,619.97,1239.94
HITM0000791,HORD000255,PRD0950,1,108.8,108.8
HITM0003512,HORD001135,PRD0391,1,1640.32,1640.32
HITM0003513,HORD001135,PRD0370,2,206.12,412.24
HITM0003514,HORD001135,PRD0794,1,1445.08,1445.08
HITM0003515,HORD001135,PRD0507,2,954.32,1908.64
HITM0006741,HORD002151,PRD0789,2,416.43,832.86
HITM0008913,HORD002832,PRD0228,1,419.86,419.86
HITM0008914,HORD002832,PRD0850,1,101.36,101.36
HITM0008915,HORD002832,PRD0626,1,521.1,521.1
HITM0008916,HORD002832,PRD0155,3,171.72,515.16
HITM0007041,HORD002249,PRD0067,1,374.02,374.02
HITM0007042,HORD002249,PRD0545,1,1080.38,1080.38
HITM0007043,HORD002249,PRD0127,1,599.05,599.05
HITM0007044,HORD002249,PRD0756,2,177.47,354.94
HITM0014062,HORD004472,PRD0270,1,154.55,154.55
HITM0014063,HORD004472,PRD0732,1,729.81,729.81
HITM0014064,HORD004472,PRD0620,1,133.24,133.24
HITM0013316,HORD004235,PRD0967,1,2500.44,2500.44
HITM0013317,HORD004235,PRD0230,1,72.62,72.62
HITM0006516,HORD002083,PRD0578,2,625.32,1250.64
HITM0006517,HORD002083,PRD0296,1,440.13,440.13
HITM0006518,HORD002083,PRD0973,1,703.36,703.36
HITM0006519,HORD002083,PRD0743,1,651.04,651.04
HITM0004513,HORD001447,PRD0795,1,841.05,841.05
HITM0004514,HORD001447,PRD0756,1,177.47,177.47
HITM0004515,HORD001447,PRD0683,1,704.09,704.09
HITM0009668,HORD003072,PRD0069,1,402.1,402.1
HITM0009669,HORD003072,PRD0645,1,262.13,262.13
HITM0009670,HORD003072,PRD0628,2,219.29,438.58
HITM0000283,HORD000094,PRD0392,1,827.61,827.61
HITM0000284,HORD000094,PRD0926,1,546.12,546.12
HITM0000285,HORD000094,PRD0175,2,1014.37,2028.74
HITM0006307,HORD002016,PRD0804,1,1211.99,1211.99
HITM0006308,HORD002016,PRD0505,1,350.13,350.13
HITM0006309,HORD002016,PRD0815,1,261.87,261.87
HITM0011282,HORD003594,PRD0040,1,283.76,283.76
HITM0015302,HORD004869,PRD0507,1,954.32,954.32
HITM0015303,HORD004869,PRD0296,1,440.13,440.13
HITM0015304,HORD004869,PRD0573,1,1409.7,1409.7
HITM0009496,HORD003015,PRD0555,3,159.32,477.96
HITM0010384,HORD003301,PRD0216,1,823.62,823.62
HITM0010385,HORD003301,PRD0811,1,2857.81,2857.81
HITM0005456,HORD001743,PRD0138,1,727.03,727.03
HITM0005457,HORD001743,PRD0635,1,809.45,809.45
HITM0013076,HORD004162,PRD0909,1,1266.71,1266.71
HITM0013077,HORD004162,PRD0954,1,1508.35,1508.35
HITM0013078,HORD004162,PRD0910,2,53.54,107.08
HITM0008398,HORD002666,PRD0962,1,482.88,482.88
HITM0005921,HORD001894,PRD0493,1,417.81,417.81
HITM0005922,HORD001894,PRD0495,1,752.39,752.39
HITM0005923,HORD001894,PRD0339,1,536.34,536.34
HITM0011093,HORD003536,PRD0752,1,1670.56,1670.56
HITM0011094,HORD003536,PRD0456,1,690.03,690.03
HITM0011095,HORD003536,PRD0930,1,62.22,62.22
HITM0008779,HORD002787,PRD0748,1,432.14,432.14
HITM0008780,HORD002787,PRD0422,1,359.3,359.3
HITM0015004,HORD004771,PRD0477,1,1380.73,1380.73
HITM0015005,HORD004771,PRD0727,2,842.09,1684.18
HITM0015006,HORD004771,PRD0354,1,1130.05,1130.05
HITM0015007,HORD004771,PRD0837,3,2447.06,7341.18
HITM0009902,HORD003146,PRD0721,1,2149.9,2149.9
HITM0009903,HORD003146,PRD0413,1,420.29,420.29
HITM0009986,HORD003175,PRD0093,2,1330.98,2661.96
HITM0009987,HORD003175,PRD0271,1,1523.72,1523.72
HITM0005334,HORD001702,PRD0170,1,90.68,90.68
HITM0005335,HORD001702,PRD0316,1,816.98,816.98
HITM0009823,HORD003121,PRD0429,1,251.33,251.33
HITM0009824,HORD003121,PRD0139,1,877.46,877.46
HITM0009825,HORD003121,PRD0467,1,2512.22,2512.22
HITM0008542,HORD002716,PRD0676,1,45.2,45.2
HITM0008543,HORD002716,PRD0289,1,1441.37,1441.37
HITM0008544,HORD002716,PRD0392,1,827.61,827.61
HITM0008545,HORD002716,PRD0427,1,241.58,241.58
HITM0012188,HORD003890,PRD0371,1,2628.93,2628.93
HITM0012189,HORD003890,PRD0170,1,90.68,90.68
HITM0012190,HORD003890,PRD0478,2,966.98,1933.96
HITM0004730,HORD001518,PRD0693,2,748.42,1496.84
HITM0004731,HORD001518,PRD0701,2,1790.97,3581.94
HITM0005103,HORD001634,PRD0143,1,1276.25,1276.25
HITM0005104,HORD001634,PRD1000,1,192.28,192.28
HITM0005105,HORD001634,PRD0243,2,567.88,1135.76
HITM0011259,HORD003587,PRD0875,1,243.6,243.6
HITM0011260,HORD003587,PRD0248,2,1065.71,2131.42
HITM0011261,HORD003587,PRD0263,1,1205.78,1205.78
HITM0005389,HORD001721,PRD0359,1,196.54,196.54
HITM0005390,HORD001721,PRD0903,2,980.26,1960.52
HITM0005391,HORD001721,PRD0431,2,1892.24,3784.48
HITM0005392,HORD001721,PRD0299,1,1391.83,1391.83
HITM0005393,HORD001721,PRD0806,1,210.08,210.08
HITM0014631,HORD004654,PRD0785,1,86.54,86.54
HITM0014632,HORD004654,PRD0429,2,251.33,502.66
HITM0014633,HORD004654,PRD0787,2,189.07,378.14
HITM0014634,HORD004654,PRD0665,1,304.74,304.74
HITM0010600,HORD003373,PRD0705,2,1096.7,2193.4
HITM0011013,HORD003509,PRD0886,1,59.21,59.21
HITM0011014,HORD003509,PRD0803,1,1082.24,1082.24
HITM0011015,HORD003509,PRD0854,1,2878.03,2878.03
HITM0003608,HORD001163,PRD0407,3,2508.69,7526.07
HITM0003609,HORD001163,PRD0751,2,2924.83,5849.66
HITM0003610,HORD001163,PRD0772,1,306.42,306.42
HITM0003611,HORD001163,PRD0170,1,90.68,90.68
HITM0003612,HORD001163,PRD0826,1,796.98,796.98
HITM0011344,HORD003613,PRD0095,2,699.82,1399.64
HITM0011345,HORD003613,PRD0976,1,196.82,196.82
HITM0011346,HORD003613,PRD0176,1,653.3,653.3
HITM0011347,HORD003613,PRD0127,1,599.05,599.05
HITM0001431,HORD000460,PRD0341,1,1098.33,1098.33
HITM0001432,HORD000460,PRD0047,1,64.28,64.28
HITM0004020,HORD001293,PRD0413,1,420.29,420.29
HITM0004021,HORD001293,PRD0712,2,331.7,663.4
HITM0004022,HORD001293,PRD0901,1,2926.07,2926.07
HITM0004023,HORD001293,PRD0450,1,212.69,212.69
HITM0003953,HORD001272,PRD0150,2,189.45,378.9
HITM0003954,HORD001272,PRD0708,1,1076.81,1076.81
HITM0003955,HORD001272,PRD0094,2,3733.59,7467.18
HITM0003956,HORD001272,PRD0301,1,1938.69,1938.69
HITM0002785,HORD000898,PRD0439,1,74.96,74.96
HITM0002786,HORD000898,PRD0168,1,341.32,341.32
HITM0002787,HORD000898,PRD0978,1,452.17,452.17
HITM0002672,HORD000861,PRD0289,2,1441.37,2882.74
HITM0002673,HORD000861,PRD0451,1,2985.26,2985.26
HITM0002674,HORD000861,PRD0984,1,3872.19,3872.19
HITM0009111,HORD002892,PRD0973,1,703.36,703.36
HITM0009112,HORD002892,PRD0889,2,478.58,957.16
HITM0009113,HORD002892,PRD0942,2,1694.84,3389.68
HITM0014370,HORD004573,PRD0149,1,119.35,119.35
HITM0014371,HORD004573,PRD0406,1,482.25,482.25
HITM0002190,HORD000708,PRD0149,1,119.35,119.35
HITM0002191,HORD000708,PRD0809,1,699.91,699.91
HITM0002192,HORD000708,PRD0886,1,59.21,59.21
HITM0006448,HORD002062,PRD0312,1,523.23,523.23
HITM0006449,HORD002062,PRD0599,1,1497.17,1497.17
HITM0001675,HORD000542,PRD0088,2,466.29,932.58
HITM0000339,HORD000114,PRD0672,1,1690.15,1690.15
HITM0001293,HORD000416,PRD0452,1,1373.84,1373.84
HITM0001294,HORD000416,PRD0985,1,1164.32,1164.32
HITM0001295,HORD000416,PRD0615,2,159.68,319.36
HITM0001296,HORD000416,PRD0394,1,3851.33,3851.33
HITM0005207,HORD001665,PRD0435,1,306.84,306.84
HITM0005208,HORD001665,PRD0998,1,178.25,178.25
HITM0004056,HORD001305,PRD0606,1,74.13,74.13
HITM0004057,HORD001305,PRD0670,2,387.96,775.92
HITM0010037,HORD003189,PRD0052,1,1015.78,1015.78
HITM0010038,HORD003189,PRD0140,1,224.98,224.98
HITM0007433,HORD002370,PRD0549,1,660.48,660.48
HITM0007434,HORD002370,PRD0827,2,1819.32,3638.64
HITM0007435,HORD002370,PRD0535,1,536.13,536.13
HITM0008920,HORD002835,PRD0520,1,331.38,331.38
HITM0008921,HORD002835,PRD0638,1,331.17,331.17
HITM0008922,HORD002835,PRD0667,1,2144.83,2144.83
HITM0004003,HORD001287,PRD0960,1,322.58,322.58
HITM0004004,HORD001287,PRD0544,1,1611.97,1611.97
HITM0004005,HORD001287,PRD0501,2,2192.16,4384.32
HITM0004006,HORD001287,PRD0456,1,690.03,690.03
HITM0004007,HORD001287,PRD0579,1,1322.97,1322.97
HITM0011916,HORD003797,PRD0486,1,706.44,706.44
HITM0011917,HORD003797,PRD0935,1,1070.56,1070.56
HITM0011918,HORD003797,PRD0698,1,68.9,68.9
HITM0011919,HORD003797,PRD0915,1,1134.28,1134.28
HITM0011920,HORD003797,PRD0540,1,16.38,16.38
HITM0011056,HORD003524,PRD0004,1,1300.01,1300.01
HITM0011057,HORD003524,PRD0902,1,307.82,307.82
HITM0011058,HORD003524,PRD0457,1,514.55,514.55
HITM0011059,HORD003524,PRD0730,1,418.77,418.77
HITM0004531,HORD001453,PRD0365,1,489.23,489.23
HITM0004532,HORD001453,PRD0630,1,227.99,227.99
HITM0004533,HORD001453,PRD0366,1,547.49,547.49
HITM0001949,HORD000633,PRD0162,1,318.31,318.31
HITM0001950,HORD000633,PRD0695,1,663.83,663.83
HITM0008416,HORD002674,PRD0243,1,567.88,567.88
HITM0008417,HORD002674,PRD0946,3,618.18,1854.54
HITM0008418,HORD002674,PRD0534,1,781.55,781.55
HITM0000602,HORD000197,PRD0458,1,242.85,242.85
HITM0000603,HORD000197,PRD0924,1,2237.68,2237.68
HITM0002355,HORD000762,PRD0962,1,482.88,482.88
HITM0009135,HORD002900,PRD0849,1,216.96,216.96
HITM0009136,HORD002900,PRD0236,1,135.01,135.01
HITM0009137,HORD002900,PRD0455,1,191.31,191.31
HITM0009138,HORD002900,PRD0260,1,100.02,100.02
HITM0015070,HORD004795,PRD0957,1,2550.17,2550.17
HITM0015071,HORD004795,PRD0645,1,262.13,262.13
HITM0015072,HORD004795,PRD0875,1,243.6,243.6
HITM0015073,HORD004795,PRD0653,1,1139.17,1139.17
HITM0015074,HORD004795,PRD0413,1,420.29,420.29
HITM0014218,HORD004524,PRD0377,1,726.19,726.19
HITM0005734,HORD001835,PRD0323,1,1220.6,1220.6
HITM0005735,HORD001835,PRD0701,1,1790.97,1790.97
HITM0005682,HORD001817,PRD0765,2,915.52,1831.04
HITM0005683,HORD001817,PRD0905,1,958.12,958.12
HITM0005487,HORD001756,PRD0636,1,421.78,421.78
HITM0005488,HORD001756,PRD0450,2,212.69,425.38
HITM0005489,HORD001756,PRD0826,1,796.98,796.98
HITM0014957,HORD004758,PRD0611,1,1295.24,1295.24
HITM0014958,HORD004758,PRD0509,1,246.73,246.73
HITM0014959,HORD004758,PRD0367,1,1143.76,1143.76
HITM0014960,HORD004758,PRD0225,1,255.65,255.65
HITM0014961,HORD004758,PRD0212,1,1821.52,1821.52
HITM0005567,HORD001783,PRD0517,1,1601.01,1601.01
HITM0005568,HORD001783,PRD0446,1,168.08,168.08
HITM0005569,HORD001783,PRD0438,1,767.87,767.87
HITM0005570,HORD001783,PRD0123,1,1499.49,1499.49
HITM0005386,HORD001720,PRD0912,1,1645.17,1645.17
HITM0005387,HORD001720,PRD0622,1,780.23,780.23
HITM0005388,HORD001720,PRD0816,1,125.37,125.37
HITM0002756,HORD000888,PRD0859,1,1242.69,1242.69
HITM0002757,HORD000888,PRD0010,2,23.5,47.0
HITM0002758,HORD000888,PRD0047,1,64.28,64.28
HITM0013888,HORD004414,PRD0841,1,2479.75,2479.75
HITM0013889,HORD004414,PRD0509,1,246.73,246.73
HITM0013890,HORD004414,PRD0932,3,447.1,1341.3
HITM0013891,HORD004414,PRD0832,1,1103.3,1103.3
HITM0013892,HORD004414,PRD0874,2,2293.13,4586.26
HITM0015328,HORD004879,PRD0175,1,1014.37,1014.37
HITM0015329,HORD004879,PRD0556,2,365.44,730.88
HITM0015330,HORD004879,PRD0845,1,323.81,323.81
HITM0005209,HORD001666,PRD0668,1,1025.81,1025.81
HITM0005210,HORD001666,PRD0188,1,370.0,370.0
HITM0005211,HORD001666,PRD0876,2,228.97,457.94
HITM0015679,HORD004998,PRD0202,2,1891.9,3783.8
HITM0015680,HORD004998,PRD0084,1,3804.86,3804.86
HITM0014406,HORD004585,PRD0257,1,637.63,637.63
HITM0014407,HORD004585,PRD0241,1,2817.68,2817.68
HITM0014408,HORD004585,PRD0155,3,171.72,515.16
HITM0014409,HORD004585,PRD0668,1,1025.81,1025.81
HITM0009689,HORD003080,PRD0377,1,726.19,726.19
HITM0009690,HORD003080,PRD0604,1,1031.83,1031.83
HITM0009691,HORD003080,PRD0893,1,1076.78,1076.78
HITM0012672,HORD004043,PRD0831,1,1542.33,1542.33
HITM0012673,HORD004043,PRD0726,1,357.63,357.63
HITM0011448,HORD003646,PRD0687,1,200.01,200.01
HITM0011449,HORD003646,PRD0696,2,223.84,447.68
HITM0011450,HORD003646,PRD0525,1,1134.69,1134.69
HITM0011451,HORD003646,PRD0662,1,483.82,483.82
HITM0011452,HORD003646,PRD0184,1,607.47,607.47
HITM0007538,HORD002402,PRD0762,1,1016.52,1016.52
HITM0007539,HORD002402,PRD0778,1,921.48,921.48
HITM0007540,HORD002402,PRD0284,1,600.42,600.42
HITM0006090,HORD001947,PRD0211,2,901.64,1803.28
HITM0006091,HORD001947,PRD0654,1,864.76,864.76
HITM0006092,HORD001947,PRD0447,1,1044.91,1044.91
HITM0000292,HORD000097,PRD0739,1,1069.28,1069.28
HITM0000293,HORD000097,PRD0836,1,70.78,70.78
HITM0009272,HORD002946,PRD0291,1,2310.69,2310.69
HITM0009273,HORD002946,PRD0710,1,193.26,193.26
HITM0009274,HORD002946,PRD0681,1,1086.83,1086.83
HITM0009275,HORD002946,PRD0168,1,341.32,341.32
HITM0014443,HORD004597,PRD0867,1,111.69,111.69
HITM0014444,HORD004597,PRD0390,1,254.28,254.28
HITM0014445,HORD004597,PRD0327,2,122.19,244.38
HITM0007320,HORD002333,PRD0106,1,385.13,385.13
HITM0002043,HORD000660,PRD0550,2,112.99,225.98
HITM0002044,HORD000660,PRD0616,1,311.42,311.42
HITM0002045,HORD000660,PRD0431,1,1892.24,1892.24
HITM0010785,HORD003434,PRD0817,1,2026.78,2026.78
HITM0010786,HORD003434,PRD0424,2,937.77,1875.54
HITM0010787,HORD003434,PRD0331,1,1570.55,1570.55
HITM0010788,HORD003434,PRD0434,1,1483.17,1483.17
HITM0014780,HORD004701,PRD0145,1,672.85,672.85
HITM0000010,HORD000004,PRD0435,1,306.84,306.84
HITM0000011,HORD000004,PRD0006,1,733.43,733.43
HITM0006417,HORD002052,PRD0827,2,1819.32,3638.64
HITM0006418,HORD002052,PRD0253,1,1391.34,1391.34
HITM0006419,HORD002052,PRD0857,1,160.36,160.36
HITM0008529,HORD002711,PRD0557,1,114.56,114.56
HITM0008530,HORD002711,PRD0432,2,390.19,780.38
HITM0008531,HORD002711,PRD0119,1,1161.39,1161.39
HITM0012316,HORD003933,PRD0460,1,19.84,19.84
HITM0012317,HORD003933,PRD0102,2,581.67,1163.34
HITM0012318,HORD003933,PRD0286,1,725.81,725.81
HITM0012319,HORD003933,PRD0630,2,227.99,455.98
HITM0002918,HORD000939,PRD0113,1,795.05,795.05
HITM0002919,HORD000939,PRD0274,1,1538.07,1538.07
HITM0007723,HORD002457,PRD0656,1,848.87,848.87
HITM0007724,HORD002457,PRD0660,1,137.13,137.13
HITM0007725,HORD002457,PRD0399,3,545.36,1636.08
HITM0007726,HORD002457,PRD0471,1,2188.61,2188.61
HITM0007727,HORD002457,PRD0507,1,954.32,954.32
HITM0005844,HORD001870,PRD0317,2,1797.93,3595.86
HITM0005845,HORD001870,PRD0709,1,320.78,320.78
HITM0005846,HORD001870,PRD0490,2,289.49,578.98
HITM0012844,HORD004093,PRD0816,1,125.37,125.37
HITM0012845,HORD004093,PRD0456,1,690.03,690.03
HITM0009687,HORD003079,PRD0885,2,1136.58,2273.16
HITM0009688,HORD003079,PRD0813,1,326.38,326.38
HITM0008764,HORD002783,PRD0358,1,761.53,761.53
HITM0008765,HORD002783,PRD0640,1,215.9,215.9
HITM0008766,HORD002783,PRD0888,1,828.95,828.95
HITM0006698,HORD002139,PRD0404,2,3000.72,6001.44
HITM0006699,HORD002139,PRD0920,1,53.18,53.18
HITM0006700,HORD002139,PRD0615,2,159.68,319.36
HITM0012526,HORD003997,PRD0541,1,1257.3,1257.3
HITM0012527,HORD003997,PRD0723,1,1076.87,1076.87
HITM0012528,HORD003997,PRD0002,1,455.28,455.28
HITM0003439,HORD001109,PRD0573,3,1409.7,4229.1
HITM0003440,HORD001109,PRD0007,1,1605.29,1605.29
HITM0003441,HORD001109,PRD0078,1,280.55,280.55
HITM0003442,HORD001109,PRD0833,1,1377.34,1377.34
HITM0006351,HORD002030,PRD0034,1,780.7,780.7
HITM0006352,HORD002030,PRD0829,1,582.58,582.58
HITM0006353,HORD002030,PRD0243,1,567.88,567.88
HITM0006354,HORD002030,PRD0721,1,2149.9,2149.9
HITM0007701,HORD002451,PRD0429,1,251.33,251.33
HITM0007702,HORD002451,PRD0949,3,727.16,2181.48
HITM0007703,HORD002451,PRD0645,1,262.13,262.13
HITM0007704,HORD002451,PRD0133,1,1145.34,1145.34
HITM0014728,HORD004685,PRD0446,1,168.08,168.08
HITM0014729,HORD004685,PRD0008,1,442.13,442.13
HITM0007340,HORD002340,PRD0852,1,1542.22,1542.22
HITM0003795,HORD001225,PRD0181,2,2668.69,5337.38
HITM0003796,HORD001225,PRD0944,1,2644.88,2644.88
HITM0003797,HORD001225,PRD0857,2,160.36,320.72
HITM0007221,HORD002303,PRD0877,2,507.09,1014.18
HITM0007222,HORD002303,PRD0155,1,171.72,171.72
HITM0007223,HORD002303,PRD0179,1,1481.8,1481.8
HITM0007224,HORD002303,PRD0616,1,311.42,311.42
HITM0003029,HORD000972,PRD0873,1,665.62,665.62
HITM0003030,HORD000972,PRD0533,2,789.09,1578.18
HITM0010413,HORD003310,PRD0726,1,357.63,357.63
HITM0010414,HORD003310,PRD0806,1,210.08,210.08
HITM0010415,HORD003310,PRD0280,1,105.66,105.66
HITM0002814,HORD000907,PRD0068,1,316.68,316.68
HITM0002815,HORD000907,PRD0916,1,256.29,256.29
HITM0002816,HORD000907,PRD0723,2,1076.87,2153.74
HITM0003368,HORD001085,PRD0107,1,1601.0,1601.0
HITM0003369,HORD001085,PRD0329,1,1326.77,1326.77
HITM0003370,HORD001085,PRD0413,1,420.29,420.29
HITM0013276,HORD004222,PRD0797,1,1449.58,1449.58
HITM0013277,HORD004222,PRD0623,1,442.62,442.62
HITM0013278,HORD004222,PRD0828,1,745.61,745.61
HITM0013279,HORD004222,PRD0620,1,133.24,133.24
HITM0012890,HORD004105,PRD0334,1,1182.39,1182.39
HITM0012891,HORD004105,PRD0965,1,536.69,536.69
HITM0012707,HORD004053,PRD0460,1,19.84,19.84
HITM0012708,HORD004053,PRD0657,1,1084.44,1084.44
HITM0012709,HORD004053,PRD0720,1,216.18,216.18
HITM0012710,HORD004053,PRD0425,1,932.26,932.26
HITM0008392,HORD002664,PRD0266,1,189.02,189.02
HITM0008393,HORD002664,PRD0794,1,1445.08,1445.08
HITM0008394,HORD002664,PRD0796,1,187.69,187.69
HITM0002407,HORD000777,PRD0590,1,54.96,54.96
HITM0002408,HORD000777,PRD0415,1,111.92,111.92
HITM0002409,HORD000777,PRD0425,2,932.26,1864.52
HITM0002184,HORD000706,PRD0188,1,370.0,370.0
HITM0002185,HORD000706,PRD0980,1,310.02,310.02
HITM0002186,HORD000706,PRD0975,1,87.41,87.41
HITM0008011,HORD002547,PRD0429,1,251.33,251.33
HITM0008012,HORD002547,PRD0540,1,16.38,16.38
HITM0008013,HORD002547,PRD0789,2,416.43,832.86
HITM0008014,HORD002547,PRD0339,1,536.34,536.34
HITM0012093,HORD003857,PRD0416,1,749.76,749.76
HITM0011356,HORD003616,PRD0335,3,1165.89,3497.67
HITM0011357,HORD003616,PRD0616,1,311.42,311.42
HITM0011358,HORD003616,PRD0118,1,148.01,148.01
HITM0011359,HORD003616,PRD0409,1,200.48,200.48
HITM0013817,HORD004394,PRD0328,1,634.48,634.48
HITM0013818,HORD004394,PRD0116,1,295.88,295.88
HITM0013819,HORD004394,PRD0872,1,796.81,796.81
HITM0013820,HORD004394,PRD0940,1,51.08,51.08
HITM0000896,HORD000290,PRD0241,2,2817.68,5635.36
HITM0000897,HORD000290,PRD0471,2,2188.61,4377.22
HITM0000898,HORD000290,PRD0288,2,920.06,1840.12
HITM0000899,HORD000290,PRD0726,1,357.63,357.63
HITM0000900,HORD000290,PRD0526,2,208.36,416.72
HITM0002997,HORD000962,PRD0473,1,1300.2,1300.2
HITM0002998,HORD000962,PRD0628,1,219.29,219.29
HITM0002999,HORD000962,PRD0598,1,723.86,723.86
HITM0008628,HORD002742,PRD0979,1,1127.85,1127.85
HITM0008629,HORD002742,PRD0518,1,271.63,271.63
HITM0008630,HORD002742,PRD0785,1,86.54,86.54
HITM0008631,HORD002742,PRD0612,1,385.34,385.34
HITM0003589,HORD001158,PRD0932,3,447.1,1341.3
HITM0003590,HORD001158,PRD0177,2,1216.85,2433.7
HITM0003591,HORD001158,PRD0265,1,1188.22,1188.22
HITM0003592,HORD001158,PRD0615,1,159.68,159.68
HITM0003593,HORD001158,PRD0845,1,323.81,323.81
HITM0009959,HORD003167,PRD0266,1,189.02,189.02
HITM0009960,HORD003167,PRD0795,1,841.05,841.05
HITM0009961,HORD003167,PRD0479,2,1360.38,2720.76
HITM0012030,HORD003836,PRD0667,3,2144.83,6434.49
HITM0012031,HORD003836,PRD0071,1,2671.31,2671.31
HITM0012032,HORD003836,PRD0220,1,201.85,201.85
HITM0015443,HORD004919,PRD0098,1,560.95,560.95
HITM0015444,HORD004919,PRD0924,1,2237.68,2237.68
HITM0015445,HORD004919,PRD0300,1,158.44,158.44
HITM0015446,HORD004919,PRD0327,1,122.19,122.19
HITM0011853,HORD003774,PRD0922,1,1800.32,1800.32
HITM0011854,HORD003774,PRD0439,2,74.96,149.92
HITM0011855,HORD003774,PRD0351,1,1461.95,1461.95
HITM0005373,HORD001715,PRD0245,1,645.34,645.34
HITM0005374,HORD001715,PRD0858,1,179.07,179.07
HITM0005375,HORD001715,PRD0608,1,918.08,918.08
HITM0005376,HORD001715,PRD0626,1,521.1,521.1
HITM0002959,HORD000950,PRD0684,1,1730.11,1730.11
HITM0003519,HORD001137,PRD0591,1,2365.48,2365.48
HITM0010763,HORD003428,PRD0885,2,1136.58,2273.16
HITM0010764,HORD003428,PRD0509,1,246.73,246.73
HITM0010765,HORD003428,PRD0052,1,1015.78,1015.78
HITM0000146,HORD000051,PRD0073,1,900.89,900.89
HITM0000147,HORD000051,PRD0491,1,2132.04,2132.04
HITM0012771,HORD004072,PRD0298,1,275.37,275.37
HITM0012772,HORD004072,PRD0059,1,602.47,602.47
HITM0012773,HORD004072,PRD0500,1,408.62,408.62
HITM0015526,HORD004944,PRD0906,2,303.87,607.74
HITM0015527,HORD004944,PRD0775,2,1055.72,2111.44
HITM0015528,HORD004944,PRD0190,2,248.59,497.18
HITM0001718,HORD000559,PRD0198,1,492.76,492.76
HITM0001719,HORD000559,PRD0099,1,1406.39,1406.39
HITM0007593,HORD002419,PRD0159,1,1281.12,1281.12
HITM0007594,HORD002419,PRD0736,2,508.97,1017.94
HITM0007595,HORD002419,PRD0664,2,3499.77,6999.54
HITM0007596,HORD002419,PRD0802,1,1865.37,1865.37
HITM0007597,HORD002419,PRD0084,1,3804.86,3804.86
HITM0012588,HORD004015,PRD0178,1,131.81,131.81
HITM0012589,HORD004015,PRD0464,1,4106.6,4106.6
HITM0012590,HORD004015,PRD0819,1,191.18,191.18
HITM0005946,HORD001902,PRD0817,1,2026.78,2026.78
HITM0005947,HORD001902,PRD0790,1,356.37,356.37
HITM0005948,HORD001902,PRD0080,1,60.33,60.33
HITM0005949,HORD001902,PRD0578,2,625.32,1250.64
HITM0005950,HORD001902,PRD0232,2,358.39,716.78
HITM0000191,HORD000065,PRD0315,1,74.41,74.41
HITM0000192,HORD000065,PRD0670,2,387.96,775.92
HITM0008851,HORD002812,PRD0589,1,671.85,671.85
HITM0008852,HORD002812,PRD0696,2,223.84,447.68
HITM0012743,HORD004063,PRD0065,1,1196.5,1196.5
HITM0012744,HORD004063,PRD0939,1,966.3,966.3
HITM0003479,HORD001124,PRD0789,1,416.43,416.43
HITM0003480,HORD001124,PRD0895,2,830.36,1660.72
HITM0003481,HORD001124,PRD0700,2,241.67,483.34
HITM0013571,HORD004321,PRD0883,1,1502.86,1502.86
HITM0013572,HORD004321,PRD0916,1,256.29,256.29
HITM0013573,HORD004321,PRD0661,1,1196.27,1196.27
HITM0013574,HORD004321,PRD0073,1,900.89,900.89
HITM0002861,HORD000920,PRD0460,1,19.84,19.84
HITM0002862,HORD000920,PRD0371,1,2628.93,2628.93
HITM0002863,HORD000920,PRD0712,1,331.7,331.7
HITM0002864,HORD000920,PRD0163,1,1426.46,1426.46
HITM0003142,HORD001008,PRD0740,1,366.0,366.0
HITM0003143,HORD001008,PRD0140,1,224.98,224.98
HITM0003144,HORD001008,PRD0620,1,133.24,133.24
HITM0013923,HORD004424,PRD0969,1,1212.01,1212.01
HITM0013924,HORD004424,PRD0175,1,1014.37,1014.37
HITM0013925,HORD004424,PRD0020,1,47.5,47.5
HITM0012043,HORD003840,PRD0050,2,191.67,383.34
HITM0012044,HORD003840,PRD0909,1,1266.71,1266.71
HITM0012045,HORD003840,PRD0585,1,855.14,855.14
HITM0012046,HORD003840,PRD0075,2,155.15,310.3
HITM0014011,HORD004456,PRD0571,1,3063.56,3063.56
HITM0014012,HORD004456,PRD0992,1,1431.3,1431.3
HITM0014013,HORD004456,PRD0990,2,114.18,228.36
HITM0011410,HORD003633,PRD0488,1,281.31,281.31
HITM0011411,HORD003633,PRD0443,1,681.97,681.97
HITM0014087,HORD004480,PRD0785,1,86.54,86.54
HITM0002298,HORD000742,PRD0302,1,1259.27,1259.27
HITM0005402,HORD001725,PRD0399,1,545.36,545.36
HITM0005403,HORD001725,PRD0204,1,3651.04,3651.04
HITM0005404,HORD001725,PRD0663,1,599.38,599.38
HITM0005405,HORD001725,PRD0082,1,1101.3,1101.3
HITM0002965,HORD000952,PRD0060,1,170.83,170.83
HITM0002966,HORD000952,PRD0207,2,2341.74,4683.48
HITM0002967,HORD000952,PRD0523,2,911.73,1823.46
HITM0002883,HORD000928,PRD0501,1,2192.16,2192.16
HITM0002884,HORD000928,PRD0510,1,267.14,267.14
HITM0002885,HORD000928,PRD0183,1,1008.76,1008.76
HITM0000137,HORD000048,PRD0656,1,848.87,848.87
HITM0000138,HORD000048,PRD0453,2,481.9,963.8
HITM0000139,HORD000048,PRD0337,1,842.79,842.79
HITM0011941,HORD003804,PRD0237,1,1587.04,1587.04
HITM0011942,HORD003804,PRD0585,1,855.14,855.14
HITM0011943,HORD003804,PRD0605,1,969.96,969.96
HITM0009174,HORD002912,PRD0118,2,148.01,296.02
HITM0011650,HORD003711,PRD0119,3,1161.39,3484.17
HITM0007055,HORD002253,PRD0244,1,2495.06,2495.06
HITM0007056,HORD002253,PRD0916,1,256.29,256.29
HITM0007057,HORD002253,PRD0302,1,1259.27,1259.27
HITM0007058,HORD002253,PRD0117,1,1297.02,1297.02
HITM0001160,HORD000375,PRD0506,1,551.69,551.69
HITM0001161,HORD000375,PRD0865,1,851.18,851.18
HITM0001162,HORD000375,PRD0352,1,1553.05,1553.05
HITM0001163,HORD000375,PRD0471,1,2188.61,2188.61
HITM0010574,HORD003364,PRD0325,1,161.7,161.7
HITM0010575,HORD003364,PRD0762,1,1016.52,1016.52
HITM0010576,HORD003364,PRD0632,1,372.28,372.28
HITM0010577,HORD003364,PRD0034,2,780.7,1561.4
HITM0003705,HORD001195,PRD0286,2,725.81,1451.62
HITM0003706,HORD001195,PRD0710,1,193.26,193.26
HITM0003707,HORD001195,PRD0618,1,578.42,578.42
HITM0000785,HORD000253,PRD0680,1,228.54,228.54
HITM0000786,HORD000253,PRD0439,1,74.96,74.96
HITM0000787,HORD000253,PRD0711,3,2598.42,7795.26
HITM0003691,HORD001189,PRD0030,1,405.09,405.09
HITM0003692,HORD001189,PRD0896,1,452.47,452.47
HITM0003693,HORD001189,PRD0116,1,295.88,295.88
HITM0008210,HORD002610,PRD0726,1,357.63,357.63
HITM0008211,HORD002610,PRD0800,1,334.97,334.97
HITM0003875,HORD001249,PRD0612,1,385.34,385.34
HITM0003876,HORD001249,PRD0969,1,1212.01,1212.01
HITM0007728,HORD002458,PRD0558,1,383.39,383.39
HITM0007729,HORD002458,PRD0837,2,2447.06,4894.12
HITM0007730,HORD002458,PRD0842,1,1758.47,1758.47
HITM0007731,HORD002458,PRD0372,1,1308.61,1308.61
HITM0007732,HORD002458,PRD0410,1,401.28,401.28
HITM0012101,HORD003860,PRD0288,1,920.06,920.06
HITM0012102,HORD003860,PRD0707,1,2487.37,2487.37
HITM0012103,HORD003860,PRD0166,2,822.52,1645.04
HITM0001928,HORD000626,PRD0538,1,1028.4,1028.4
HITM0001929,HORD000626,PRD0079,2,211.65,423.3
HITM0006067,HORD001939,PRD0209,2,164.63,329.26
HITM0006068,HORD001939,PRD0129,1,349.4,349.4
HITM0006069,HORD001939,PRD0764,1,1928.47,1928.47
HITM0006070,HORD001939,PRD0961,1,2282.29,2282.29
HITM0012934,HORD004119,PRD0386,2,167.3,334.6
HITM0012935,HORD004119,PRD0793,2,454.0,908.0
HITM0014212,HORD004522,PRD0945,1,730.35,730.35
HITM0014213,HORD004522,PRD0432,1,390.19,390.19
HITM0014214,HORD004522,PRD0272,2,1161.16,2322.32
HITM0014215,HORD004522,PRD0195,1,715.6,715.6
HITM0006586,HORD002103,PRD0010,1,23.5,23.5
HITM0006587,HORD002103,PRD0158,1,751.25,751.25
HITM0006588,HORD002103,PRD0258,1,133.79,133.79
HITM0010251,HORD003259,PRD0536,1,825.29,825.29
HITM0010252,HORD003259,PRD0038,1,769.34,769.34
HITM0010253,HORD003259,PRD0489,1,1103.05,1103.05
HITM0010254,HORD003259,PRD0552,1,643.85,643.85
HITM0013545,HORD004311,PRD0540,1,16.38,16.38
HITM0013546,HORD004311,PRD0685,1,1109.03,1109.03
HITM0013547,HORD004311,PRD0603,1,557.9,557.9
HITM0015008,HORD004772,PRD0102,1,581.67,581.67
HITM0015009,HORD004772,PRD0705,1,1096.7,1096.7
HITM0015010,HORD004772,PRD0249,1,871.19,871.19
HITM0008080,HORD002569,PRD0996,2,455.11,910.22
HITM0008081,HORD002569,PRD0950,1,108.8,108.8
HITM0009501,HORD003018,PRD0796,1,187.69,187.69
HITM0009502,HORD003018,PRD0214,1,753.54,753.54
HITM0009503,HORD003018,PRD0568,1,670.01,670.01
HITM0009603,HORD003049,PRD0683,2,704.09,1408.18
HITM0009604,HORD003049,PRD0559,1,531.55,531.55
HITM0009605,HORD003049,PRD0623,1,442.62,442.62
HITM0000889,HORD000287,PRD0089,1,739.15,739.15
HITM0000890,HORD000287,PRD0194,1,2883.61,2883.61
HITM0000891,HORD000287,PRD0118,1,148.01,148.01
HITM0005398,HORD001723,PRD0757,1,1540.4,1540.4
HITM0005399,HORD001723,PRD1000,1,192.28,192.28
HITM0002875,HORD000925,PRD0526,1,208.36,208.36
HITM0002876,HORD000925,PRD0687,1,200.01,200.01
HITM0002877,HORD000925,PRD0835,2,705.82,1411.64
HITM0005037,HORD001612,PRD0098,1,560.95,560.95
HITM0005038,HORD001612,PRD0361,1,2730.19,2730.19
HITM0005330,HORD001701,PRD0662,1,483.82,483.82
HITM0005331,HORD001701,PRD0897,2,1058.2,2116.4
HITM0005332,HORD001701,PRD0235,2,158.61,317.22
HITM0005333,HORD001701,PRD0148,2,1047.53,2095.06
HITM0005787,HORD001852,PRD0069,1,402.1,402.1
HITM0005788,HORD001852,PRD0171,1,1970.35,1970.35
HITM0005789,HORD001852,PRD0393,1,310.3,310.3
HITM0014711,HORD004678,PRD0090,1,99.88,99.88
HITM0014712,HORD004678,PRD0021,1,1347.38,1347.38
HITM0014713,HORD004678,PRD0286,1,725.81,725.81
HITM0014714,HORD004678,PRD0476,1,787.22,787.22
HITM0014715,HORD004678,PRD0403,1,1021.92,1021.92
HITM0012400,HORD003960,PRD0308,3,779.32,2337.96
HITM0012401,HORD003960,PRD0810,1,336.77,336.77
HITM0012402,HORD003960,PRD0968,1,1098.76,1098.76
HITM0014148,HORD004501,PRD0179,1,1481.8,1481.8
HITM0014149,HORD004501,PRD0979,2,1127.85,2255.7
HITM0002714,HORD000874,PRD0250,1,376.98,376.98
HITM0002715,HORD000874,PRD0816,1,125.37,125.37
HITM0002716,HORD000874,PRD0005,1,770.31,770.31
HITM0002717,HORD000874,PRD0206,1,433.31,433.31
HITM0008605,HORD002735,PRD0498,1,201.0,201.0
HITM0008606,HORD002735,PRD0726,1,357.63,357.63
HITM0008607,HORD002735,PRD0231,2,1774.07,3548.14
HITM0008608,HORD002735,PRD0090,1,99.88,99.88
HITM0013446,HORD004277,PRD0243,2,567.88,1135.76
HITM0013447,HORD004277,PRD0106,1,385.13,385.13
HITM0000782,HORD000252,PRD0530,2,14.38,28.76
HITM0000783,HORD000252,PRD0249,1,871.19,871.19
HITM0000784,HORD000252,PRD0020,1,47.5,47.5
HITM0000397,HORD000134,PRD0902,1,307.82,307.82
HITM0000398,HORD000134,PRD0181,1,2668.69,2668.69
HITM0013259,HORD004217,PRD0101,1,1151.85,1151.85
HITM0013260,HORD004217,PRD0376,1,810.62,810.62
HITM0013261,HORD004217,PRD0375,1,495.35,495.35
HITM0013262,HORD004217,PRD0071,2,2671.31,5342.62
HITM0005585,HORD001789,PRD0413,1,420.29,420.29
HITM0005586,HORD001789,PRD0370,1,206.12,206.12
HITM0005587,HORD001789,PRD0218,1,490.11,490.11
HITM0007920,HORD002517,PRD0465,1,61.33,61.33
HITM0007921,HORD002517,PRD0572,1,1338.04,1338.04
HITM0002853,HORD000918,PRD0340,2,382.9,765.8
HITM0002854,HORD000918,PRD0361,1,2730.19,2730.19
HITM0002855,HORD000918,PRD0693,1,748.42,748.42
HITM0002856,HORD000918,PRD0056,2,258.5,517.0
HITM0011976,HORD003817,PRD0897,1,1058.2,1058.2
HITM0005909,HORD001890,PRD0589,1,671.85,671.85
HITM0005910,HORD001890,PRD0220,1,201.85,201.85
HITM0005911,HORD001890,PRD0557,1,114.56,114.56
HITM0010835,HORD003450,PRD0603,1,557.9,557.9
HITM0010836,HORD003450,PRD0655,1,1032.43,1032.43
HITM0008494,HORD002700,PRD0061,1,1754.84,1754.84
HITM0008495,HORD002700,PRD0909,1,1266.71,1266.71
HITM0003295,HORD001062,PRD0270,1,154.55,154.55
HITM0003296,HORD001062,PRD0235,2,158.61,317.22
HITM0003297,HORD001062,PRD0909,1,1266.71,1266.71
HITM0000081,HORD000028,PRD0389,1,562.64,562.64
HITM0000082,HORD000028,PRD0973,1,703.36,703.36
HITM0000083,HORD000028,PRD0769,2,982.55,1965.1
HITM0013803,HORD004390,PRD0316,1,816.98,816.98
HITM0013804,HORD004390,PRD0607,1,113.06,113.06
HITM0013805,HORD004390,PRD0390,1,254.28,254.28
HITM0013806,HORD004390,PRD0027,1,431.75,431.75
HITM0012990,HORD004138,PRD0996,1,455.11,455.11
HITM0012991,HORD004138,PRD0463,1,1250.22,1250.22
HITM0012992,HORD004138,PRD0109,1,429.51,429.51
HITM0012993,HORD004138,PRD0870,1,297.44,297.44
HITM0012994,HORD004138,PRD0388,2,652.95,1305.9
HITM0006381,HORD002039,PRD0984,2,3872.19,7744.38
HITM0006382,HORD002039,PRD0732,1,729.81,729.81
HITM0010264,HORD003263,PRD0562,2,670.44,1340.88
HITM0010265,HORD003263,PRD0350,1,142.11,142.11
HITM0010266,HORD003263,PRD0076,2,705.93,1411.86
HITM0010267,HORD003263,PRD0538,1,1028.4,1028.4
HITM0010268,HORD003263,PRD0944,1,2644.88,2644.88
HITM0010444,HORD003321,PRD0858,2,179.07,358.14
HITM0010445,HORD003321,PRD0732,2,729.81,1459.62
HITM0002509,HORD000815,PRD0088,1,466.29,466.29
HITM0002510,HORD000815,PRD0826,1,796.98,796.98
HITM0002511,HORD000815,PRD0998,1,178.25,178.25
HITM0002512,HORD000815,PRD0995,3,69.16,207.48
HITM0001941,HORD000631,PRD0521,1,1257.03,1257.03
HITM0001942,HORD000631,PRD0608,1,918.08,918.08
HITM0001943,HORD000631,PRD0545,2,1080.38,2160.76
HITM0001944,HORD000631,PRD0867,3,111.69,335.07
HITM0006997,HORD002235,PRD0390,1,254.28,254.28
HITM0006998,HORD002235,PRD0717,1,1445.8,1445.8
HITM0006999,HORD002235,PRD0034,1,780.7,780.7
HITM0009054,HORD002873,PRD0385,2,812.79,1625.58
HITM0009055,HORD002873,PRD0437,2,2045.28,4090.56
HITM0009056,HORD002873,PRD0533,1,789.09,789.09
HITM0009057,HORD002873,PRD0650,1,129.9,129.9
HITM0009058,HORD002873,PRD0367,1,1143.76,1143.76
HITM0004285,HORD001377,PRD0036,1,355.76,355.76
HITM0004286,HORD001377,PRD0560,2,176.65,353.3
HITM0010296,HORD003275,PRD0994,2,1481.14,2962.28
HITM0010297,HORD003275,PRD0110,1,113.31,113.31
HITM0010298,HORD003275,PRD0844,1,3468.14,3468.14
HITM0006148,HORD001966,PRD0840,1,164.29,164.29
HITM0006149,HORD001966,PRD0787,1,189.07,189.07
HITM0006150,HORD001966,PRD0107,1,1601.0,1601.0
HITM0011508,HORD003666,PRD0345,1,1050.02,1050.02
HITM0001433,HORD000461,PRD0649,1,1282.36,1282.36
HITM0001434,HORD000461,PRD0271,1,1523.72,1523.72
HITM0001435,HORD000461,PRD0850,2,101.36,202.72
HITM0000367,HORD000125,PRD0611,2,1295.24,2590.48
HITM0000368,HORD000125,PRD0609,1,1032.51,1032.51
HITM0000369,HORD000125,PRD0202,2,1891.9,3783.8
HITM0000370,HORD000125,PRD0470,1,91.58,91.58
HITM0008824,HORD002803,PRD0907,1,130.49,130.49
HITM0008825,HORD002803,PRD0832,1,1103.3,1103.3
HITM0008826,HORD002803,PRD0978,1,452.17,452.17
HITM0008827,HORD002803,PRD0047,1,64.28,64.28
HITM0002107,HORD000682,PRD0157,2,591.59,1183.18
HITM0002108,HORD000682,PRD0462,1,1832.75,1832.75
HITM0013984,HORD004446,PRD0975,1,87.41,87.41
HITM0013985,HORD004446,PRD0918,1,781.2,781.2
HITM0013986,HORD004446,PRD0768,1,435.51,435.51
HITM0009068,HORD002876,PRD0336,2,761.65,1523.3
HITM0009069,HORD002876,PRD0508,3,513.6,1540.8
HITM0009070,HORD002876,PRD0483,2,436.08,872.16
HITM0000694,HORD000226,PRD0491,1,2132.04,2132.04
HITM0000695,HORD000226,PRD0335,2,1165.89,2331.78
HITM0000696,HORD000226,PRD0317,2,1797.93,3595.86
HITM0000819,HORD000266,PRD0280,2,105.66,211.32
HITM0000820,HORD000266,PRD0517,1,1601.01,1601.01
HITM0000821,HORD000266,PRD0491,1,2132.04,2132.04
HITM0000217,HORD000075,PRD0071,1,2671.31,2671.31
HITM0000218,HORD000075,PRD0272,1,1161.16,1161.16
HITM0000219,HORD000075,PRD0125,1,1104.8,1104.8
HITM0000220,HORD000075,PRD0179,2,1481.8,2963.6
HITM0011856,HORD003775,PRD0278,1,509.34,509.34
HITM0005528,HORD001769,PRD0628,1,219.29,219.29
HITM0004702,HORD001508,PRD0736,1,508.97,508.97
HITM0004703,HORD001508,PRD0793,2,454.0,908.0
HITM0006387,HORD002041,PRD0067,2,374.02,748.04
HITM0006388,HORD002041,PRD0390,1,254.28,254.28
HITM0006389,HORD002041,PRD0877,1,507.09,507.09
HITM0006390,HORD002041,PRD0603,2,557.9,1115.8
HITM0006391,HORD002041,PRD0515,1,987.71,987.71
HITM0011768,HORD003745,PRD0117,1,1297.02,1297.02
HITM0011769,HORD003745,PRD0965,1,536.69,536.69
HITM0011770,HORD003745,PRD0357,1,902.95,902.95
HITM0011771,HORD003745,PRD0244,1,2495.06,2495.06
HITM0006227,HORD001991,PRD0499,2,1328.97,2657.94
HITM0006228,HORD001991,PRD0270,1,154.55,154.55
HITM0006229,HORD001991,PRD0026,2,760.37,1520.74
HITM0006230,HORD001991,PRD0676,2,45.2,90.4
HITM0011708,HORD003729,PRD0412,2,1872.56,3745.12
HITM0011998,HORD003825,PRD0460,1,19.84,19.84
HITM0011999,HORD003825,PRD0722,1,1783.98,1783.98
HITM0012000,HORD003825,PRD0496,1,619.97,619.97
HITM0011956,HORD003809,PRD0320,1,154.64,154.64
HITM0011957,HORD003809,PRD0550,1,112.99,112.99
HITM0008953,HORD002844,PRD0235,2,158.61,317.22
HITM0003496,HORD001130,PRD0118,2,148.01,296.02
HITM0003497,HORD001130,PRD0612,1,385.34,385.34
HITM0003498,HORD001130,PRD0690,1,115.07,115.07
HITM0003499,HORD001130,PRD0162,1,318.31,318.31
HITM0003830,HORD001236,PRD0020,2,47.5,95.0
HITM0003831,HORD001236,PRD0182,1,331.32,331.32
HITM0003832,HORD001236,PRD0470,1,91.58,91.58
HITM0003833,HORD001236,PRD0521,1,1257.03,1257.03
HITM0014896,HORD004739,PRD0577,1,1656.23,1656.23
HITM0014897,HORD004739,PRD0126,1,464.05,464.05
HITM0014898,HORD004739,PRD0436,1,180.16,180.16
HITM0014899,HORD004739,PRD0593,1,356.64,356.64
HITM0014900,HORD004739,PRD0777,2,2576.34,5152.68
HITM0015254,HORD004853,PRD0362,1,1208.57,1208.57
HITM0015255,HORD004853,PRD0039,1,150.51,150.51
HITM0000614,HORD000201,PRD0748,1,432.14,432.14
HITM0000615,HORD000201,PRD0291,1,2310.69,2310.69
HITM0001655,HORD000535,PRD0977,2,1354.63,2709.26
HITM0001656,HORD000535,PRD0654,2,864.76,1729.52
HITM0001657,HORD000535,PRD0607,1,113.06,113.06
HITM0013514,HORD004302,PRD0499,1,1328.97,1328.97
HITM0013515,HORD004302,PRD0855,1,552.31,552.31
HITM0013516,HORD004302,PRD0705,2,1096.7,2193.4
HITM0013517,HORD004302,PRD0280,1,105.66,105.66
HITM0000924,HORD000299,PRD0891,1,2117.27,2117.27
HITM0000925,HORD000299,PRD0297,1,1360.98,1360.98
HITM0000926,HORD000299,PRD0513,2,1335.99,2671.98
HITM0014348,HORD004564,PRD0047,1,64.28,64.28
HITM0014349,HORD004564,PRD0886,1,59.21,59.21
HITM0014350,HORD004564,PRD0058,2,243.69,487.38
HITM0000068,HORD000024,PRD0234,1,2457.44,2457.44
HITM0000069,HORD000024,PRD0468,1,254.35,254.35
HITM0001703,HORD000554,PRD0112,1,387.62,387.62
HITM0001704,HORD000554,PRD0448,2,1025.21,2050.42
HITM0001705,HORD000554,PRD0301,1,1938.69,1938.69
HITM0012422,HORD003968,PRD0234,2,2457.44,4914.88
HITM0012423,HORD003968,PRD0573,2,1409.7,2819.4
HITM0012424,HORD003968,PRD0767,3,2219.87,6659.61
HITM0012425,HORD003968,PRD0496,1,619.97,619.97
HITM0003928,HORD001265,PRD0696,1,223.84,223.84
HITM0003929,HORD001265,PRD0376,1,810.62,810.62
HITM0003930,HORD001265,PRD0110,1,113.31,113.31
HITM0003931,HORD001265,PRD0359,2,196.54,393.08
HITM0003932,HORD001265,PRD0965,1,536.69,536.69
HITM0011184,HORD003565,PRD0317,1,1797.93,1797.93
HITM0011185,HORD003565,PRD0917,1,624.31,624.31
HITM0011186,HORD003565,PRD0151,1,2367.77,2367.77
HITM0011187,HORD003565,PRD0032,1,1124.96,1124.96
HITM0015636,HORD004983,PRD0984,1,3872.19,3872.19
HITM0015637,HORD004983,PRD0160,2,361.95,723.9
HITM0008645,HORD002747,PRD0282,1,1632.77,1632.77
HITM0008646,HORD002747,PRD0528,1,478.44,478.44
HITM0008647,HORD002747,PRD0388,2,652.95,1305.9
HITM0008648,HORD002747,PRD0098,3,560.95,1682.85
HITM0014641,HORD004657,PRD0062,1,685.19,685.19
HITM0014642,HORD004657,PRD0851,2,2462.55,4925.1
HITM0014643,HORD004657,PRD0590,2,54.96,109.92
HITM0014644,HORD004657,PRD0815,1,261.87,261.87
HITM0003631,HORD001170,PRD0600,1,62.84,62.84
HITM0003632,HORD001170,PRD0702,1,1184.94,1184.94
HITM0003633,HORD001170,PRD0587,3,2586.72,7760.16
HITM0012738,HORD004062,PRD0055,1,706.09,706.09
HITM0012739,HORD004062,PRD0858,1,179.07,179.07
HITM0012740,HORD004062,PRD0206,2,433.31,866.62
HITM0012741,HORD004062,PRD0240,1,371.29,371.29
HITM0012742,HORD004062,PRD0766,1,655.3,655.3
HITM0011884,HORD003786,PRD0243,2,567.88,1135.76
HITM0011885,HORD003786,PRD0733,2,1448.13,2896.26
HITM0011886,HORD003786,PRD0454,2,1083.26,2166.52
HITM0011887,HORD003786,PRD0921,1,2485.73,2485.73
HITM0011888,HORD003786,PRD0152,1,528.88,528.88
HITM0010476,HORD003332,PRD0640,1,215.9,215.9
HITM0010477,HORD003332,PRD0206,1,433.31,433.31
HITM0010478,HORD003332,PRD0402,1,400.07,400.07
HITM0010479,HORD003332,PRD0330,3,265.81,797.43
HITM0012366,HORD003949,PRD0840,1,164.29,164.29
HITM0012367,HORD003949,PRD0513,1,1335.99,1335.99
HITM0012368,HORD003949,PRD0915,1,1134.28,1134.28
HITM0003233,HORD001038,PRD0814,1,404.73,404.73
HITM0003234,HORD001038,PRD0851,1,2462.55,2462.55
HITM0003235,HORD001038,PRD0999,2,626.07,1252.14
HITM0003236,HORD001038,PRD0053,1,1237.48,1237.48
HITM0013051,HORD004154,PRD0053,1,1237.48,1237.48
HITM0013052,HORD004154,PRD0991,2,1841.41,3682.82
HITM0013053,HORD004154,PRD0090,3,99.88,299.64
HITM0013054,HORD004154,PRD0607,1,113.06,113.06
HITM0011939,HORD003803,PRD0316,2,816.98,1633.96
HITM0011940,HORD003803,PRD0708,1,1076.81,1076.81
HITM0000124,HORD000042,PRD0455,3,191.31,573.93
HITM0000125,HORD000042,PRD0023,1,688.53,688.53
HITM0013676,HORD004353,PRD0473,2,1300.2,2600.4
HITM0013677,HORD004353,PRD0569,1,870.85,870.85
HITM0013678,HORD004353,PRD0150,1,189.45,189.45
HITM0013679,HORD004353,PRD0825,2,363.11,726.22
HITM0013680,HORD004353,PRD0710,1,193.26,193.26
HITM0004877,HORD001562,PRD0908,1,81.42,81.42
HITM0004878,HORD001562,PRD0686,1,529.65,529.65
HITM0005020,HORD001607,PRD0061,1,1754.84,1754.84
HITM0005021,HORD001607,PRD0247,1,1770.54,1770.54
HITM0009647,HORD003063,PRD0876,2,228.97,457.94
HITM0009648,HORD003063,PRD0188,1,370.0,370.0
HITM0009649,HORD003063,PRD0190,1,248.59,248.59
HITM0008189,HORD002604,PRD0298,2,275.37,550.74
HITM0008190,HORD002604,PRD0725,1,1037.01,1037.01
HITM0008191,HORD002604,PRD0856,1,508.46,508.46
HITM0008192,HORD002604,PRD0520,1,331.38,331.38
HITM0004956,HORD001587,PRD0625,1,840.9,840.9
HITM0004957,HORD001587,PRD0221,1,2253.19,2253.19
HITM0000046,HORD000017,PRD0045,1,180.47,180.47
HITM0000047,HORD000017,PRD0316,1,816.98,816.98
HITM0005086,HORD001629,PRD0666,3,115.16,345.48
HITM0001738,HORD000566,PRD0780,2,297.57,595.14
HITM0001739,HORD000566,PRD0449,1,168.36,168.36
HITM0001740,HORD000566,PRD0325,2,161.7,323.4
HITM0001741,HORD000566,PRD0281,1,2324.84,2324.84
HITM0001742,HORD000566,PRD0484,1,1342.84,1342.84
HITM0008006,HORD002546,PRD0880,2,291.86,583.72
HITM0008007,HORD002546,PRD0551,1,2204.48,2204.48
HITM0008008,HORD002546,PRD0638,1,331.17,331.17
HITM0008009,HORD002546,PRD0526,1,208.36,208.36
HITM0008010,HORD002546,PRD0212,1,1821.52,1821.52
HITM0010581,HORD003366,PRD0164,1,649.27,649.27
HITM0010582,HORD003366,PRD0196,3,206.29,618.87
HITM0010583,HORD003366,PRD0387,1,2583.21,2583.21
HITM0010584,HORD003366,PRD0760,1,36.27,36.27
HITM0010585,HORD003366,PRD0382,1,1213.23,1213.23
HITM0008578,HORD002727,PRD0351,1,1461.95,1461.95
HITM0008579,HORD002727,PRD0933,2,1071.81,2143.62
HITM0008580,HORD002727,PRD0670,1,387.96,387.96
HITM0008581,HORD002727,PRD0127,1,599.05,599.05
HITM0015242,HORD004850,PRD0090,1,99.88,99.88
HITM0015243,HORD004850,PRD0424,2,937.77,1875.54
HITM0015244,HORD004850,PRD0650,2,129.9,259.8
HITM0015245,HORD004850,PRD0737,2,420.63,841.26
HITM0010015,HORD003183,PRD0541,2,1257.3,2514.6
HITM0010016,HORD003183,PRD0320,1,154.64,154.64
HITM0010017,HORD003183,PRD0590,1,54.96,54.96
HITM0010018,HORD003183,PRD0509,2,246.73,493.46
HITM0008404,HORD002669,PRD0695,1,663.83,663.83
HITM0008405,HORD002669,PRD0243,2,567.88,1135.76
HITM0008406,HORD002669,PRD0604,1,1031.83,1031.83
HITM0008407,HORD002669,PRD0854,1,2878.03,2878.03
HITM0001720,HORD000560,PRD0523,2,911.73,1823.46
HITM0001721,HORD000560,PRD0157,2,591.59,1183.18
HITM0001722,HORD000560,PRD0507,1,954.32,954.32
HITM0001723,HORD000560,PRD0805,2,1196.95,2393.9
HITM0006156,HORD001969,PRD0447,3,1044.91,3134.73
HITM0015202,HORD004836,PRD0445,1,830.34,830.34
HITM0015203,HORD004836,PRD0512,1,853.36,853.36
HITM0015204,HORD004836,PRD0033,1,822.86,822.86
HITM0008298,HORD002635,PRD0920,2,53.18,106.36
HITM0008299,HORD002635,PRD0419,2,100.25,200.5
HITM0008300,HORD002635,PRD0852,1,1542.22,1542.22
HITM0008301,HORD002635,PRD0806,1,210.08,210.08
HITM0009464,HORD003005,PRD0400,1,249.11,249.11
HITM0009465,HORD003005,PRD0697,1,590.16,590.16
HITM0009466,HORD003005,PRD0965,2,536.69,1073.38
HITM0009467,HORD003005,PRD0889,1,478.58,478.58
HITM0003256,HORD001046,PRD0876,1,228.97,228.97
HITM0003275,HORD001054,PRD0476,1,787.22,787.22
HITM0001930,HORD000627,PRD0699,2,373.99,747.98
HITM0001931,HORD000627,PRD0661,2,1196.27,2392.54
HITM0001932,HORD000627,PRD0616,2,311.42,622.84
HITM0015563,HORD004959,PRD0752,1,1670.56,1670.56
HITM0015564,HORD004959,PRD0510,1,267.14,267.14
HITM0015565,HORD004959,PRD0068,1,316.68,316.68
HITM0015566,HORD004959,PRD0546,2,227.79,455.58
HITM0015567,HORD004959,PRD0867,1,111.69,111.69
HITM0008163,HORD002597,PRD0124,2,1400.78,2801.56
HITM0008164,HORD002597,PRD0931,1,1200.5,1200.5
HITM0008165,HORD002597,PRD0141,2,995.53,1991.06
HITM0008166,HORD002597,PRD0878,1,1044.76,1044.76
HITM0008167,HORD002597,PRD0035,1,879.72,879.72
HITM0007225,HORD002304,PRD0123,2,1499.49,2998.98
HITM0007226,HORD002304,PRD0113,1,795.05,795.05
HITM0007227,HORD002304,PRD0250,3,376.98,1130.94
HITM0007228,HORD002304,PRD0473,1,1300.2,1300.2
HITM0009059,HORD002874,PRD0484,2,1342.84,2685.68
HITM0009060,HORD002874,PRD0419,1,100.25,100.25
HITM0009061,HORD002874,PRD0971,1,1257.81,1257.81
HITM0009062,HORD002874,PRD0993,1,976.99,976.99
HITM0009063,HORD002874,PRD0079,2,211.65,423.3
HITM0001754,HORD000570,PRD0048,2,165.15,330.3
HITM0001755,HORD000570,PRD0496,1,619.97,619.97
HITM0001756,HORD000570,PRD0948,2,581.24,1162.48
HITM0001757,HORD000570,PRD0721,1,2149.9,2149.9
HITM0009579,HORD003042,PRD0399,1,545.36,545.36
HITM0009580,HORD003042,PRD0159,1,1281.12,1281.12
HITM0009581,HORD003042,PRD0879,1,287.13,287.13
HITM0013464,HORD004284,PRD0435,1,306.84,306.84
HITM0014846,HORD004723,PRD0622,1,780.23,780.23
HITM0014847,HORD004723,PRD0673,2,373.06,746.12
HITM0014848,HORD004723,PRD0096,1,569.77,569.77
HITM0013085,HORD004165,PRD0018,1,1099.45,1099.45
HITM0013086,HORD004165,PRD0623,1,442.62,442.62
HITM0013087,HORD004165,PRD0847,1,1533.33,1533.33
HITM0005154,HORD001649,PRD0811,1,2857.81,2857.81
HITM0005155,HORD001649,PRD0331,2,1570.55,3141.1
HITM0005156,HORD001649,PRD0127,1,599.05,599.05
HITM0005157,HORD001649,PRD0663,2,599.38,1198.76
HITM0003398,HORD001095,PRD0165,1,567.68,567.68
HITM0003399,HORD001095,PRD0540,1,16.38,16.38
HITM0003400,HORD001095,PRD0988,1,1072.9,1072.9
HITM0003401,HORD001095,PRD0838,1,858.89,858.89
HITM0003402,HORD001095,PRD0448,1,1025.21,1025.21
HITM0014441,HORD004595,PRD0276,1,337.93,337.93
HITM0009937,HORD003157,PRD0293,1,1383.27,1383.27
HITM0006731,HORD002148,PRD0241,1,2817.68,2817.68
HITM0006732,HORD002148,PRD0066,1,291.03,291.03
HITM0006733,HORD002148,PRD0555,2,159.32,318.64
HITM0015316,HORD004875,PRD0910,1,53.54,53.54
HITM0015317,HORD004875,PRD0822,1,724.35,724.35
HITM0003528,HORD001140,PRD0429,1,251.33,251.33
HITM0003529,HORD001140,PRD0740,1,366.0,366.0
HITM0003530,HORD001140,PRD0785,1,86.54,86.54
HITM0003908,HORD001259,PRD0727,1,842.09,842.09
HITM0003909,HORD001259,PRD0695,1,663.83,663.83
HITM0003910,HORD001259,PRD0543,1,336.97,336.97
HITM0000057,HORD000021,PRD0540,1,16.38,16.38
HITM0000058,HORD000021,PRD0944,1,2644.88,2644.88
HITM0000059,HORD000021,PRD0976,1,196.82,196.82
HITM0000060,HORD000021,PRD0730,1,418.77,418.77
HITM0013582,HORD004325,PRD0092,1,370.43,370.43
HITM0013583,HORD004325,PRD0604,1,1031.83,1031.83
HITM0013584,HORD004325,PRD0630,1,227.99,227.99
HITM0014029,HORD004463,PRD0934,1,789.27,789.27
HITM0014030,HORD004463,PRD0067,1,374.02,374.02
HITM0014031,HORD004463,PRD0816,1,125.37,125.37
HITM0014032,HORD004463,PRD0740,1,366.0,366.0
HITM0014665,HORD004663,PRD0848,1,289.88,289.88
HITM0014666,HORD004663,PRD0682,1,1711.59,1711.59
HITM0003711,HORD001197,PRD0877,1,507.09,507.09
HITM0003712,HORD001197,PRD0479,2,1360.38,2720.76
HITM0003713,HORD001197,PRD0520,1,331.38,331.38
HITM0007943,HORD002524,PRD0858,2,179.07,358.14
HITM0007944,HORD002524,PRD0631,1,1231.25,1231.25
HITM0007945,HORD002524,PRD0997,1,602.38,602.38
HITM0007946,HORD002524,PRD0732,1,729.81,729.81
HITM0007947,HORD002524,PRD0768,1,435.51,435.51
HITM0014950,HORD004756,PRD0733,3,1448.13,4344.39
HITM0014951,HORD004756,PRD0681,1,1086.83,1086.83
HITM0014952,HORD004756,PRD0068,1,316.68,316.68
HITM0014953,HORD004756,PRD0210,1,408.84,408.84
HITM0006879,HORD002195,PRD0420,1,399.59,399.59
HITM0006880,HORD002195,PRD0050,2,191.67,383.34
HITM0006881,HORD002195,PRD0419,1,100.25,100.25
HITM0005112,HORD001637,PRD0504,1,3243.43,3243.43
HITM0005113,HORD001637,PRD0436,1,180.16,180.16
HITM0005114,HORD001637,PRD0821,1,1163.73,1163.73
HITM0005115,HORD001637,PRD0066,2,291.03,582.06
HITM0007879,HORD002505,PRD0622,1,780.23,780.23
HITM0007880,HORD002505,PRD0480,1,303.23,303.23
HITM0007881,HORD002505,PRD0262,1,1028.17,1028.17
HITM0007882,HORD002505,PRD0432,1,390.19,390.19
HITM0000871,HORD000282,PRD0137,3,1155.19,3465.57
HITM0000872,HORD000282,PRD0204,1,3651.04,3651.04
HITM0000873,HORD000282,PRD0239,1,271.25,271.25
HITM0000993,HORD000322,PRD0500,2,408.62,817.24
HITM0000994,HORD000322,PRD0594,1,2821.84,2821.84
HITM0000995,HORD000322,PRD0153,1,638.8,638.8
HITM0006433,HORD002057,PRD0062,1,685.19,685.19
HITM0006434,HORD002057,PRD0173,1,906.06,906.06
HITM0006181,HORD001977,PRD0808,2,601.58,1203.16
HITM0006182,HORD001977,PRD0788,1,699.94,699.94
HITM0000878,HORD000284,PRD0634,1,1093.47,1093.47
HITM0000879,HORD000284,PRD0085,2,238.64,477.28
HITM0000880,HORD000284,PRD0811,1,2857.81,2857.81
HITM0012917,HORD004113,PRD0183,2,1008.76,2017.52
HITM0012918,HORD004113,PRD0057,1,1785.63,1785.63
HITM0012919,HORD004113,PRD0067,1,374.02,374.02
HITM0003549,HORD001146,PRD0096,1,569.77,569.77
HITM0003550,HORD001146,PRD0533,2,789.09,1578.18
HITM0004842,HORD001551,PRD0756,1,177.47,177.47
HITM0004843,HORD001551,PRD0665,1,304.74,304.74
HITM0008726,HORD002770,PRD0725,1,1037.01,1037.01
HITM0008727,HORD002770,PRD0240,1,371.29,371.29
HITM0008728,HORD002770,PRD0107,1,1601.0,1601.0
HITM0008729,HORD002770,PRD0526,1,208.36,208.36
HITM0013045,HORD004152,PRD0189,2,1162.73,2325.46
HITM0013046,HORD004152,PRD0939,1,966.3,966.3
HITM0013047,HORD004152,PRD0407,1,2508.69,2508.69
HITM0013048,HORD004152,PRD0066,1,291.03,291.03
HITM0013049,HORD004152,PRD0787,1,189.07,189.07
HITM0002401,HORD000775,PRD0687,1,200.01,200.01
HITM0002402,HORD000775,PRD0656,1,848.87,848.87
HITM0002403,HORD000775,PRD0904,3,3664.33,10992.99
HITM0003257,HORD001047,PRD0283,1,1338.12,1338.12
HITM0003258,HORD001047,PRD0508,1,513.6,513.6
HITM0003259,HORD001047,PRD0470,2,91.58,183.16
HITM0007562,HORD002409,PRD0641,2,2509.9,5019.8
HITM0007563,HORD002409,PRD0745,1,222.81,222.81
HITM0007564,HORD002409,PRD0137,1,1155.19,1155.19
HITM0007565,HORD002409,PRD0499,1,1328.97,1328.97
HITM0007566,HORD002409,PRD0856,1,508.46,508.46
HITM0014519,HORD004620,PRD0215,1,580.92,580.92
HITM0014520,HORD004620,PRD0963,2,997.83,1995.66
HITM0014521,HORD004620,PRD1000,1,192.28,192.28
HITM0002687,HORD000865,PRD0488,2,281.31,562.62
HITM0002688,HORD000865,PRD0651,1,1043.5,1043.5
HITM0002689,HORD000865,PRD0235,1,158.61,158.61
HITM0002690,HORD000865,PRD0816,1,125.37,125.37
HITM0005106,HORD001635,PRD0716,3,300.2,900.6
HITM0005107,HORD001635,PRD0928,1,426.54,426.54
HITM0005108,HORD001635,PRD0449,1,168.36,168.36
HITM0004311,HORD001385,PRD0751,1,2924.83,2924.83
HITM0004312,HORD001385,PRD0128,1,155.79,155.79
HITM0004313,HORD001385,PRD0867,2,111.69,223.38
HITM0004314,HORD001385,PRD0205,1,1030.02,1030.02
HITM0011375,HORD003622,PRD0330,3,265.81,797.43
HITM0011376,HORD003622,PRD0726,1,357.63,357.63
HITM0011377,HORD003622,PRD0157,1,591.59,591.59
HITM0008361,HORD002654,PRD0957,1,2550.17,2550.17
HITM0008362,HORD002654,PRD0016,1,594.47,594.47
HITM0000976,HORD000315,PRD0502,1,1590.33,1590.33
HITM0008616,HORD002739,PRD0963,1,997.83,997.83
HITM0008617,HORD002739,PRD0675,1,927.62,927.62
HITM0008618,HORD002739,PRD0010,1,23.5,23.5
HITM0008619,HORD002739,PRD0910,1,53.54,53.54
HITM0008620,HORD002739,PRD0483,2,436.08,872.16
HITM0007007,HORD002238,PRD0169,1,1130.0,1130.0
HITM0007008,HORD002238,PRD0827,1,1819.32,1819.32
HITM0007009,HORD002238,PRD0648,1,1089.86,1089.86
HITM0007010,HORD002238,PRD0687,1,200.01,200.01
HITM0010909,HORD003474,PRD0153,1,638.8,638.8
HITM0010910,HORD003474,PRD0931,1,1200.5,1200.5
HITM0010911,HORD003474,PRD0314,1,1247.26,1247.26
HITM0010912,HORD003474,PRD0873,1,665.62,665.62
HITM0010913,HORD003474,PRD0295,1,979.25,979.25
HITM0009671,HORD003073,PRD0274,1,1538.07,1538.07
HITM0009672,HORD003073,PRD0057,1,1785.63,1785.63
HITM0009673,HORD003073,PRD0220,2,201.85,403.7
HITM0009674,HORD003073,PRD0337,1,842.79,842.79
HITM0009675,HORD003073,PRD0344,1,1481.0,1481.0
HITM0010928,HORD003479,PRD0324,1,3123.09,3123.09
HITM0010929,HORD003479,PRD0692,1,1859.26,1859.26
HITM0010930,HORD003479,PRD0403,1,1021.92,1021.92
HITM0011904,HORD003793,PRD0016,1,594.47,594.47
HITM0014438,HORD004594,PRD0994,1,1481.14,1481.14
HITM0014439,HORD004594,PRD0222,2,1721.64,3443.28
HITM0014440,HORD004594,PRD0981,1,2201.61,2201.61
HITM0014680,HORD004669,PRD0273,2,469.96,939.92
HITM0014681,HORD004669,PRD0429,2,251.33,502.66
HITM0014682,HORD004669,PRD0166,1,822.52,822.52
HITM0014683,HORD004669,PRD0748,1,432.14,432.14
HITM0014684,HORD004669,PRD0009,1,301.36,301.36
HITM0011406,HORD003632,PRD0636,1,421.78,421.78
HITM0011407,HORD003632,PRD0049,2,740.34,1480.68
HITM0011408,HORD003632,PRD0530,3,14.38,43.14
HITM0011409,HORD003632,PRD0388,1,652.95,652.95
HITM0009998,HORD003178,PRD0415,1,111.92,111.92
HITM0009999,HORD003178,PRD0126,1,464.05,464.05
HITM0010000,HORD003178,PRD0067,1,374.02,374.02
HITM0010001,HORD003178,PRD0910,3,53.54,160.62
HITM0003231,HORD001037,PRD0552,2,643.85,1287.7
HITM0003232,HORD001037,PRD0950,1,108.8,108.8
HITM0014735,HORD004688,PRD0127,1,599.05,599.05
HITM0014736,HORD004688,PRD0185,3,1138.66,3415.98
HITM0014737,HORD004688,PRD0396,1,385.11,385.11
HITM0014738,HORD004688,PRD0264,1,3567.97,3567.97
HITM0013454,HORD004280,PRD0125,1,1104.8,1104.8
HITM0013455,HORD004280,PRD0731,1,1738.31,1738.31
HITM0009842,HORD003128,PRD0540,1,16.38,16.38
HITM0009843,HORD003128,PRD0206,3,433.31,1299.93
HITM0009844,HORD003128,PRD0890,2,309.69,619.38
HITM0009845,HORD003128,PRD0101,1,1151.85,1151.85
HITM0000012,HORD000005,PRD0995,2,69.16,138.32
HITM0000013,HORD000005,PRD0785,1,86.54,86.54
HITM0000014,HORD000005,PRD0296,1,440.13,440.13
HITM0005748,HORD001840,PRD0698,1,68.9,68.9
HITM0005749,HORD001840,PRD0487,1,322.51,322.51
HITM0005750,HORD001840,PRD0325,1,161.7,161.7
HITM0012054,HORD003845,PRD0854,1,2878.03,2878.03
HITM0012055,HORD003845,PRD0758,1,165.39,165.39
HITM0001312,HORD000423,PRD0479,2,1360.38,2720.76
HITM0001313,HORD000423,PRD0170,3,90.68,272.04
HITM0001314,HORD000423,PRD0235,1,158.61,158.61
HITM0013726,HORD004366,PRD0785,1,86.54,86.54
HITM0013727,HORD004366,PRD0672,1,1690.15,1690.15
HITM0001837,HORD000597,PRD0517,1,1601.01,1601.01
HITM0001838,HORD000597,PRD0966,1,819.73,819.73
HITM0001839,HORD000597,PRD0022,2,1480.38,2960.76
HITM0003681,HORD001186,PRD0386,3,167.3,501.9
HITM0003682,HORD001186,PRD0519,2,154.53,309.06
HITM0003683,HORD001186,PRD0498,2,201.0,402.0
HITM0003684,HORD001186,PRD0460,3,19.84,59.52
HITM0003685,HORD001186,PRD0128,1,155.79,155.79
HITM0013550,HORD004313,PRD0148,2,1047.53,2095.06
HITM0013551,HORD004313,PRD0640,1,215.9,215.9
HITM0013552,HORD004313,PRD0720,1,216.18,216.18
HITM0000841,HORD000273,PRD0919,2,1308.07,2616.14
HITM0000842,HORD000273,PRD0140,2,224.98,449.96
HITM0000843,HORD000273,PRD0932,2,447.1,894.2
HITM0000844,HORD000273,PRD0285,1,1110.14,1110.14
HITM0001853,HORD000603,PRD0883,3,1502.86,4508.58
HITM0001854,HORD000603,PRD0676,1,45.2,45.2
HITM0012331,HORD003938,PRD0800,1,334.97,334.97
HITM0012332,HORD003938,PRD0984,1,3872.19,3872.19
HITM0012333,HORD003938,PRD0729,1,496.66,496.66
HITM0012334,HORD003938,PRD0807,2,1660.47,3320.94
HITM0012266,HORD003915,PRD0489,1,1103.05,1103.05
HITM0012267,HORD003915,PRD0106,1,385.13,385.13
HITM0010154,HORD003230,PRD0728,3,504.43,1513.29
HITM0010155,HORD003230,PRD0965,2,536.69,1073.38
HITM0015293,HORD004865,PRD0310,1,351.06,351.06
HITM0015294,HORD004865,PRD0752,1,1670.56,1670.56
HITM0010255,HORD003260,PRD0124,1,1400.78,1400.78
HITM0010256,HORD003260,PRD0011,1,1900.95,1900.95
HITM0010818,HORD003445,PRD0027,2,431.75,863.5
HITM0010819,HORD003445,PRD0969,1,1212.01,1212.01
HITM0010820,HORD003445,PRD0477,1,1380.73,1380.73
HITM0010821,HORD003445,PRD0520,1,331.38,331.38
HITM0010822,HORD003445,PRD0098,1,560.95,560.95
HITM0002979,HORD000957,PRD0732,2,729.81,1459.62
HITM0002980,HORD000957,PRD0260,1,100.02,100.02
HITM0002981,HORD000957,PRD0973,1,703.36,703.36
HITM0002982,HORD000957,PRD0766,1,655.3,655.3
HITM0013361,HORD004250,PRD0516,1,339.27,339.27
HITM0013362,HORD004250,PRD0165,1,567.68,567.68
HITM0006650,HORD002124,PRD0455,1,191.31,191.31
HITM0006651,HORD002124,PRD0450,1,212.69,212.69
HITM0012441,HORD003973,PRD0806,1,210.08,210.08
HITM0012442,HORD003973,PRD0008,2,442.13,884.26
HITM0011781,HORD003749,PRD0514,2,2741.93,5483.86
HITM0011782,HORD003749,PRD0083,1,558.55,558.55
HITM0011783,HORD003749,PRD0102,2,581.67,1163.34
HITM0003417,HORD001102,PRD0276,1,337.93,337.93
HITM0003418,HORD001102,PRD0419,1,100.25,100.25
HITM0003419,HORD001102,PRD0367,3,1143.76,3431.28
HITM0003420,HORD001102,PRD0049,2,740.34,1480.68
HITM0000907,HORD000294,PRD0628,1,219.29,219.29
HITM0000908,HORD000294,PRD0085,3,238.64,715.92
HITM0000909,HORD000294,PRD0492,1,1105.9,1105.9
HITM0000410,HORD000139,PRD0676,3,45.2,135.6
HITM0000411,HORD000139,PRD0486,1,706.44,706.44
HITM0000412,HORD000139,PRD0786,1,142.49,142.49
HITM0007635,HORD002432,PRD0336,1,761.65,761.65
HITM0007636,HORD002432,PRD0654,1,864.76,864.76
HITM0007637,HORD002432,PRD0512,1,853.36,853.36
HITM0002229,HORD000720,PRD0793,2,454.0,908.0
HITM0002230,HORD000720,PRD0106,1,385.13,385.13
HITM0002231,HORD000720,PRD0329,3,1326.77,3980.31
HITM0010598,HORD003371,PRD0581,1,1767.18,1767.18
HITM0004900,HORD001570,PRD0263,1,1205.78,1205.78
HITM0004901,HORD001570,PRD0920,1,53.18,53.18
HITM0004902,HORD001570,PRD0606,2,74.13,148.26
HITM0004903,HORD001570,PRD0818,1,1004.26,1004.26
HITM0012254,HORD003911,PRD0567,1,179.96,179.96
HITM0012255,HORD003911,PRD0047,1,64.28,64.28
HITM0012256,HORD003911,PRD0702,1,1184.94,1184.94
HITM0006940,HORD002215,PRD0110,1,113.31,113.31
HITM0006941,HORD002215,PRD0455,2,191.31,382.62
HITM0006942,HORD002215,PRD0138,2,727.03,1454.06
HITM0015676,HORD004997,PRD0681,1,1086.83,1086.83
HITM0015677,HORD004997,PRD0727,1,842.09,842.09
HITM0015678,HORD004997,PRD0208,1,569.31,569.31
HITM0001279,HORD000411,PRD0465,1,61.33,61.33
HITM0001280,HORD000411,PRD0832,2,1103.3,2206.6
HITM0001281,HORD000411,PRD0560,2,176.65,353.3
HITM0001282,HORD000411,PRD0302,1,1259.27,1259.27
HITM0014508,HORD004617,PRD0975,1,87.41,87.41
HITM0014509,HORD004617,PRD0703,1,529.32,529.32
HITM0014510,HORD004617,PRD0170,2,90.68,181.36
HITM0008518,HORD002708,PRD0297,1,1360.98,1360.98
HITM0008519,HORD002708,PRD0831,1,1542.33,1542.33
HITM0008520,HORD002708,PRD0739,1,1069.28,1069.28
HITM0008521,HORD002708,PRD0988,1,1072.9,1072.9
HITM0011016,HORD003510,PRD0160,2,361.95,723.9
HITM0011017,HORD003510,PRD0728,1,504.43,504.43
HITM0011018,HORD003510,PRD0175,2,1014.37,2028.74
HITM0011019,HORD003510,PRD0895,1,830.36,830.36
HITM0011020,HORD003510,PRD0861,1,3043.65,3043.65
HITM0004509,HORD001446,PRD0398,1,809.04,809.04
HITM0004510,HORD001446,PRD0251,1,1852.67,1852.67
HITM0004511,HORD001446,PRD0403,1,1021.92,1021.92
HITM0004512,HORD001446,PRD0955,1,891.93,891.93
HITM0012106,HORD003862,PRD0415,1,111.92,111.92
HITM0012107,HORD003862,PRD0596,1,596.4,596.4
HITM0012108,HORD003862,PRD0795,1,841.05,841.05
HITM0002534,HORD000822,PRD0817,1,2026.78,2026.78
HITM0002535,HORD000822,PRD0991,1,1841.41,1841.41
HITM0002536,HORD000822,PRD0129,1,349.4,349.4
HITM0005972,HORD001909,PRD0133,1,1145.34,1145.34
HITM0012033,HORD003837,PRD0090,3,99.88,299.64
HITM0012034,HORD003837,PRD0144,1,2170.55,2170.55
HITM0006933,HORD002212,PRD0279,1,1450.59,1450.59
HITM0006934,HORD002212,PRD0227,1,853.87,853.87
HITM0011995,HORD003823,PRD0108,1,323.48,323.48
HITM0011996,HORD003823,PRD0161,1,3173.56,3173.56
HITM0001349,HORD000435,PRD0955,1,891.93,891.93
HITM0001350,HORD000435,PRD0298,2,275.37,550.74
HITM0001351,HORD000435,PRD0036,1,355.76,355.76
HITM0001352,HORD000435,PRD0230,1,72.62,72.62
HITM0003173,HORD001018,PRD0046,1,822.45,822.45
HITM0003174,HORD001018,PRD0194,1,2883.61,2883.61
HITM0005160,HORD001651,PRD0956,1,584.64,584.64
HITM0005161,HORD001651,PRD0858,1,179.07,179.07
HITM0005162,HORD001651,PRD0821,1,1163.73,1163.73
HITM0013478,HORD004289,PRD0553,2,941.32,1882.64
HITM0013479,HORD004289,PRD0435,1,306.84,306.84
HITM0013480,HORD004289,PRD0885,1,1136.58,1136.58
HITM0012752,HORD004066,PRD0009,1,301.36,301.36
HITM0012753,HORD004066,PRD0743,1,651.04,651.04
HITM0012754,HORD004066,PRD0096,1,569.77,569.77
HITM0004630,HORD001486,PRD0877,2,507.09,1014.18
HITM0004631,HORD001486,PRD0498,2,201.0,402.0
HITM0004632,HORD001486,PRD0117,2,1297.02,2594.04
HITM0004633,HORD001486,PRD0535,3,536.13,1608.39
HITM0004634,HORD001486,PRD0468,1,254.35,254.35
HITM0007399,HORD002358,PRD0027,1,431.75,431.75
HITM0007400,HORD002358,PRD0898,1,642.43,642.43
HITM0007401,HORD002358,PRD0886,2,59.21,118.42
HITM0006750,HORD002154,PRD0996,1,455.11,455.11
HITM0006751,HORD002154,PRD0262,2,1028.17,2056.34
HITM0006752,HORD002154,PRD0908,2,81.42,162.84
HITM0010976,HORD003496,PRD0478,1,966.98,966.98
HITM0010977,HORD003496,PRD0580,1,109.85,109.85
HITM0010978,HORD003496,PRD0133,1,1145.34,1145.34
HITM0010979,HORD003496,PRD0696,2,223.84,447.68
HITM0010636,HORD003385,PRD0513,1,1335.99,1335.99
HITM0010637,HORD003385,PRD0833,1,1377.34,1377.34
HITM0003450,HORD001113,PRD0422,1,359.3,359.3
HITM0003451,HORD001113,PRD0179,1,1481.8,1481.8
HITM0003452,HORD001113,PRD0596,1,596.4,596.4
HITM0003453,HORD001113,PRD0390,3,254.28,762.84
HITM0003454,HORD001113,PRD0490,1,289.49,289.49
HITM0005854,HORD001874,PRD0683,2,704.09,1408.18
HITM0005855,HORD001874,PRD0224,1,460.12,460.12
HITM0005856,HORD001874,PRD0858,1,179.07,179.07
HITM0015529,HORD004945,PRD0615,1,159.68,159.68
HITM0015530,HORD004945,PRD0606,2,74.13,148.26
HITM0009744,HORD003097,PRD0128,1,155.79,155.79
HITM0009745,HORD003097,PRD0912,1,1645.17,1645.17
HITM0009746,HORD003097,PRD0266,1,189.02,189.02
HITM0011662,HORD003716,PRD0892,1,1067.89,1067.89
HITM0011663,HORD003716,PRD0732,1,729.81,729.81
HITM0011664,HORD003716,PRD0512,1,853.36,853.36
HITM0011665,HORD003716,PRD0842,3,1758.47,5275.41
HITM0011666,HORD003716,PRD0272,2,1161.16,2322.32
HITM0004162,HORD001339,PRD0170,2,90.68,181.36
HITM0004163,HORD001339,PRD0706,2,493.43,986.86
HITM0004164,HORD001339,PRD0576,2,261.6,523.2
HITM0004165,HORD001339,PRD0959,1,1028.98,1028.98
HITM0012617,HORD004024,PRD0168,1,341.32,341.32
HITM0012618,HORD004024,PRD0560,2,176.65,353.3
HITM0012619,HORD004024,PRD0622,1,780.23,780.23
HITM0012620,HORD004024,PRD0757,1,1540.4,1540.4
HITM0014705,HORD004676,PRD0770,1,116.43,116.43
HITM0014706,HORD004676,PRD0008,1,442.13,442.13
HITM0014707,HORD004676,PRD0671,1,1835.03,1835.03
HITM0009779,HORD003108,PRD0770,1,116.43,116.43
HITM0009780,HORD003108,PRD0725,2,1037.01,2074.02
HITM0004496,HORD001442,PRD0176,1,653.3,653.3
HITM0004497,HORD001442,PRD0479,1,1360.38,1360.38
HITM0004498,HORD001442,PRD0668,1,1025.81,1025.81
HITM0000472,HORD000159,PRD0600,2,62.84,125.68
HITM0000473,HORD000159,PRD0545,1,1080.38,1080.38
HITM0000474,HORD000159,PRD0258,1,133.79,133.79
HITM0000475,HORD000159,PRD0910,3,53.54,160.62
HITM0003635,HORD001172,PRD0973,1,703.36,703.36
HITM0003636,HORD001172,PRD0826,1,796.98,796.98
HITM0015627,HORD004980,PRD0098,1,560.95,560.95
HITM0015628,HORD004980,PRD0957,2,2550.17,5100.34
HITM0015629,HORD004980,PRD0325,1,161.7,161.7
HITM0002036,HORD000658,PRD0122,2,674.12,1348.24
HITM0002037,HORD000658,PRD0873,1,665.62,665.62
HITM0002038,HORD000658,PRD0996,1,455.11,455.11
HITM0005808,HORD001858,PRD0105,1,325.21,325.21
HITM0005809,HORD001858,PRD0580,1,109.85,109.85
HITM0005810,HORD001858,PRD0345,1,1050.02,1050.02
HITM0013596,HORD004329,PRD0098,2,560.95,1121.9
HITM0013597,HORD004329,PRD0812,1,1025.12,1025.12
HITM0013598,HORD004329,PRD0594,1,2821.84,2821.84
HITM0013599,HORD004329,PRD0887,1,1400.8,1400.8
HITM0011152,HORD003555,PRD0195,1,715.6,715.6
HITM0011153,HORD003555,PRD0877,1,507.09,507.09
HITM0011154,HORD003555,PRD0141,1,995.53,995.53
HITM0011155,HORD003555,PRD0258,1,133.79,133.79
HITM0011156,HORD003555,PRD0394,1,3851.33,3851.33
HITM0009163,HORD002908,PRD0238,1,866.49,866.49
HITM0000874,HORD000283,PRD0587,1,2586.72,2586.72
HITM0000875,HORD000283,PRD0566,1,150.7,150.7
HITM0000876,HORD000283,PRD0258,1,133.79,133.79
HITM0000877,HORD000283,PRD0461,1,3147.14,3147.14
HITM0001124,HORD000364,PRD0322,1,1844.93,1844.93
HITM0001125,HORD000364,PRD0126,2,464.05,928.1
HITM0001126,HORD000364,PRD0914,1,3258.34,3258.34
HITM0001127,HORD000364,PRD0700,1,241.67,241.67
HITM0010339,HORD003288,PRD0200,1,148.27,148.27
HITM0012276,HORD003920,PRD0724,1,2202.99,2202.99
HITM0013231,HORD004208,PRD0403,1,1021.92,1021.92
HITM0013232,HORD004208,PRD0857,3,160.36,481.08
HITM0013233,HORD004208,PRD0696,2,223.84,447.68
HITM0013234,HORD004208,PRD0419,2,100.25,200.5
HITM0013235,HORD004208,PRD0235,1,158.61,158.61
HITM0013295,HORD004229,PRD0365,1,489.23,489.23
HITM0013296,HORD004229,PRD0064,1,3541.77,3541.77
HITM0013297,HORD004229,PRD0461,1,3147.14,3147.14
HITM0013298,HORD004229,PRD0994,1,1481.14,1481.14
HITM0010009,HORD003181,PRD0335,1,1165.89,1165.89
HITM0010010,HORD003181,PRD0427,1,241.58,241.58
HITM0010011,HORD003181,PRD0891,1,2117.27,2117.27
HITM0006040,HORD001929,PRD0893,1,1076.78,1076.78
HITM0006041,HORD001929,PRD0530,2,14.38,28.76
HITM0006042,HORD001929,PRD0518,3,271.63,814.89
HITM0001189,HORD000384,PRD0292,1,1810.91,1810.91
HITM0001190,HORD000384,PRD0084,1,3804.86,3804.86
HITM0001191,HORD000384,PRD0601,1,1162.83,1162.83
HITM0005801,HORD001856,PRD0859,1,1242.69,1242.69
HITM0005802,HORD001856,PRD0128,1,155.79,155.79
HITM0005803,HORD001856,PRD0723,1,1076.87,1076.87
HITM0005804,HORD001856,PRD0152,1,528.88,528.88
HITM0005805,HORD001856,PRD0570,1,277.01,277.01
HITM0009993,HORD003177,PRD0595,1,108.82,108.82
HITM0009994,HORD003177,PRD0785,1,86.54,86.54
HITM0009995,HORD003177,PRD0504,1,3243.43,3243.43
HITM0009996,HORD003177,PRD0385,1,812.79,812.79
HITM0009997,HORD003177,PRD0036,1,355.76,355.76
HITM0012804,HORD004081,PRD0638,1,331.17,331.17
HITM0012805,HORD004081,PRD0356,1,365.08,365.08
HITM0012806,HORD004081,PRD0556,1,365.44,365.44
HITM0008264,HORD002625,PRD0394,1,3851.33,3851.33
HITM0002299,HORD000743,PRD0354,1,1130.05,1130.05
HITM0002300,HORD000743,PRD0502,2,1590.33,3180.66
HITM0002301,HORD000743,PRD0778,1,921.48,921.48
HITM0002613,HORD000845,PRD0272,1,1161.16,1161.16
HITM0002614,HORD000845,PRD0681,1,1086.83,1086.83
HITM0002615,HORD000845,PRD0810,2,336.77,673.54
HITM0002616,HORD000845,PRD0184,1,607.47,607.47
HITM0005239,HORD001676,PRD0047,1,64.28,64.28
HITM0005240,HORD001676,PRD0208,2,569.31,1138.62
HITM0005241,HORD001676,PRD0745,1,222.81,222.81
HITM0005242,HORD001676,PRD0558,2,383.39,766.78
HITM0003321,HORD001071,PRD0770,1,116.43,116.43
HITM0003322,HORD001071,PRD0760,1,36.27,36.27
HITM0003323,HORD001071,PRD0882,1,1555.62,1555.62
HITM0003324,HORD001071,PRD0167,1,2512.16,2512.16
HITM0001461,HORD000471,PRD0280,1,105.66,105.66
HITM0001462,HORD000471,PRD0151,2,2367.77,4735.54
HITM0001463,HORD000471,PRD0261,1,2576.1,2576.1
HITM0004199,HORD001350,PRD0105,2,325.21,650.42
HITM0004200,HORD001350,PRD0666,2,115.16,230.32
HITM0004201,HORD001350,PRD0142,1,1724.25,1724.25
HITM0003035,HORD000974,PRD0758,1,165.39,165.39
HITM0003036,HORD000974,PRD0456,1,690.03,690.03
HITM0003037,HORD000974,PRD0916,1,256.29,256.29
HITM0003038,HORD000974,PRD0246,1,362.52,362.52
HITM0003039,HORD000974,PRD0242,1,600.25,600.25
HITM0009033,HORD002867,PRD0453,1,481.9,481.9
HITM0009034,HORD002867,PRD0985,1,1164.32,1164.32
HITM0009035,HORD002867,PRD0656,2,848.87,1697.74
HITM0009036,HORD002867,PRD0088,1,466.29,466.29
HITM0008408,HORD002670,PRD0546,1,227.79,227.79
HITM0008409,HORD002670,PRD0068,1,316.68,316.68
HITM0008410,HORD002670,PRD0969,1,1212.01,1212.01
HITM0001319,HORD000426,PRD0359,1,196.54,196.54
HITM0001320,HORD000426,PRD0543,1,336.97,336.97
HITM0001321,HORD000426,PRD0419,1,100.25,100.25
HITM0001322,HORD000426,PRD0671,1,1835.03,1835.03
HITM0007121,HORD002271,PRD0811,2,2857.81,5715.62
HITM0007122,HORD002271,PRD0556,1,365.44,365.44
HITM0009270,HORD002945,PRD0292,1,1810.91,1810.91
HITM0009271,HORD002945,PRD0479,2,1360.38,2720.76
HITM0012811,HORD004083,PRD0617,1,629.04,629.04
HITM0012812,HORD004083,PRD0814,1,404.73,404.73
HITM0012813,HORD004083,PRD0262,1,1028.17,1028.17
HITM0012814,HORD004083,PRD0007,1,1605.29,1605.29
HITM0012815,HORD004083,PRD0948,1,581.24,581.24
HITM0015167,HORD004824,PRD0416,1,749.76,749.76
HITM0015168,HORD004824,PRD0359,1,196.54,196.54
HITM0015169,HORD004824,PRD0049,2,740.34,1480.68
HITM0015170,HORD004824,PRD0800,1,334.97,334.97
HITM0013357,HORD004249,PRD0683,1,704.09,704.09
HITM0013358,HORD004249,PRD0723,2,1076.87,2153.74
HITM0013359,HORD004249,PRD0806,1,210.08,210.08
HITM0013360,HORD004249,PRD0219,1,1110.34,1110.34
HITM0000090,HORD000032,PRD0485,2,283.51,567.02
HITM0000091,HORD000032,PRD0559,2,531.55,1063.1
HITM0000092,HORD000032,PRD0296,1,440.13,440.13
HITM0000625,HORD000204,PRD0527,1,1407.36,1407.36
HITM0001809,HORD000588,PRD0280,1,105.66,105.66
HITM0001810,HORD000588,PRD0520,1,331.38,331.38
HITM0001811,HORD000588,PRD0995,1,69.16,69.16
HITM0001812,HORD000588,PRD0143,1,1276.25,1276.25
HITM0009518,HORD003024,PRD0485,1,283.51,283.51
HITM0009519,HORD003024,PRD0571,1,3063.56,3063.56
HITM0009520,HORD003024,PRD0512,1,853.36,853.36
HITM0009521,HORD003024,PRD0102,1,581.67,581.67
HITM0001855,HORD000604,PRD0002,1,455.28,455.28
HITM0014016,HORD004458,PRD0345,1,1050.02,1050.02
HITM0014017,HORD004458,PRD0838,1,858.89,858.89
HITM0011828,HORD003765,PRD0402,1,400.07,400.07
HITM0011829,HORD003765,PRD0110,1,113.31,113.31
HITM0009250,HORD002939,PRD0080,1,60.33,60.33
HITM0009251,HORD002939,PRD0971,1,1257.81,1257.81
HITM0009252,HORD002939,PRD0356,3,365.08,1095.24
HITM0000648,HORD000212,PRD0165,1,567.68,567.68
HITM0000649,HORD000212,PRD0923,1,1251.17,1251.17
HITM0000650,HORD000212,PRD0974,1,3468.15,3468.15
HITM0014314,HORD004554,PRD0783,1,478.3,478.3
HITM0014315,HORD004554,PRD0150,1,189.45,189.45
HITM0014316,HORD004554,PRD0455,1,191.31,191.31
HITM0007800,HORD002480,PRD0351,1,1461.95,1461.95
HITM0007801,HORD002480,PRD0416,1,749.76,749.76
HITM0007802,HORD002480,PRD0320,2,154.64,309.28
HITM0007803,HORD002480,PRD0802,1,1865.37,1865.37
HITM0007804,HORD002480,PRD0707,1,2487.37,2487.37
HITM0008004,HORD002545,PRD0415,1,111.92,111.92
HITM0008005,HORD002545,PRD0595,2,108.82,217.64
HITM0001305,HORD000420,PRD0112,1,387.62,387.62
HITM0001306,HORD000420,PRD0315,2,74.41,148.82
HITM0001307,HORD000420,PRD0994,1,1481.14,1481.14
HITM0008797,HORD002793,PRD0218,1,490.11,490.11
HITM0008798,HORD002793,PRD0372,1,1308.61,1308.61
HITM0006097,HORD001949,PRD0988,3,1072.9,3218.7
HITM0000258,HORD000086,PRD0192,1,1657.76,1657.76
HITM0000259,HORD000086,PRD0847,1,1533.33,1533.33
HITM0000260,HORD000086,PRD0909,1,1266.71,1266.71
HITM0000572,HORD000188,PRD0534,1,781.55,781.55
HITM0000573,HORD000188,PRD0064,1,3541.77,3541.77
HITM0000574,HORD000188,PRD0856,1,508.46,508.46
HITM0014199,HORD004518,PRD0859,1,1242.69,1242.69
HITM0014200,HORD004518,PRD0054,1,4096.4,4096.4
HITM0012988,HORD004137,PRD0083,1,558.55,558.55
HITM0012989,HORD004137,PRD0526,1,208.36,208.36
HITM0008756,HORD002781,PRD0075,2,155.15,310.3
HITM0008757,HORD002781,PRD0452,1,1373.84,1373.84
HITM0008758,HORD002781,PRD0350,1,142.11,142.11
HITM0008759,HORD002781,PRD0150,1,189.45,189.45
HITM0008774,HORD002786,PRD0218,1,490.11,490.11
HITM0008775,HORD002786,PRD0909,1,1266.71,1266.71
HITM0008776,HORD002786,PRD0115,2,855.33,1710.66
HITM0008777,HORD002786,PRD0456,1,690.03,690.03
HITM0008778,HORD002786,PRD0899,1,180.25,180.25
HITM0001167,HORD000377,PRD0946,1,618.18,618.18
HITM0005669,HORD001813,PRD0270,1,154.55,154.55
HITM0005670,HORD001813,PRD0359,1,196.54,196.54
HITM0005671,HORD001813,PRD0593,1,356.64,356.64
HITM0008660,HORD002751,PRD0867,1,111.69,111.69
HITM0008661,HORD002751,PRD0286,2,725.81,1451.62
HITM0008662,HORD002751,PRD0607,2,113.06,226.12
HITM0008663,HORD002751,PRD0700,2,241.67,483.34
HITM0014065,HORD004473,PRD0744,1,4074.4,4074.4
HITM0014066,HORD004473,PRD0441,1,1203.85,1203.85
HITM0014067,HORD004473,PRD0976,1,196.82,196.82
HITM0010453,HORD003324,PRD0190,1,248.59,248.59
HITM0010454,HORD003324,PRD0795,2,841.05,1682.1
HITM0010455,HORD003324,PRD0769,1,982.55,982.55
HITM0001613,HORD000521,PRD0263,2,1205.78,2411.56
HITM0001614,HORD000521,PRD0849,1,216.96,216.96
HITM0014310,HORD004553,PRD0910,1,53.54,53.54
HITM0014311,HORD004553,PRD0136,1,249.62,249.62
HITM0014312,HORD004553,PRD0675,2,927.62,1855.24
HITM0014313,HORD004553,PRD0370,1,206.12,206.12
HITM0005782,HORD001851,PRD0976,1,196.82,196.82
HITM0005783,HORD001851,PRD0154,1,1129.84,1129.84
HITM0005784,HORD001851,PRD0708,1,1076.81,1076.81
HITM0005785,HORD001851,PRD0860,1,113.03,113.03
HITM0005786,HORD001851,PRD0686,1,529.65,529.65
HITM0012922,HORD004115,PRD0677,1,1049.55,1049.55
HITM0012923,HORD004115,PRD0228,1,419.86,419.86
HITM0012924,HORD004115,PRD0829,1,582.58,582.58
HITM0011824,HORD003763,PRD0654,2,864.76,1729.52
HITM0011825,HORD003763,PRD0296,1,440.13,440.13
HITM0011826,HORD003763,PRD0961,1,2282.29,2282.29
HITM0008055,HORD002563,PRD0273,1,469.96,469.96
HITM0008056,HORD002563,PRD0819,1,191.18,191.18
HITM0008057,HORD002563,PRD0718,3,287.05,861.15
HITM0009253,HORD002940,PRD0009,2,301.36,602.72
HITM0009254,HORD002940,PRD0209,1,164.63,164.63
HITM0014639,HORD004656,PRD0726,1,357.63,357.63
HITM0014640,HORD004656,PRD0002,1,455.28,455.28
HITM0003911,HORD001260,PRD0376,1,810.62,810.62
HITM0003912,HORD001260,PRD0632,1,372.28,372.28
HITM0003913,HORD001260,PRD0901,2,2926.07,5852.14
HITM0000610,HORD000200,PRD0617,1,629.04,629.04
HITM0000611,HORD000200,PRD0316,1,816.98,816.98
HITM0000612,HORD000200,PRD0385,2,812.79,1625.58
HITM0000613,HORD000200,PRD0326,1,828.92,828.92
HITM0007100,HORD002266,PRD0175,1,1014.37,1014.37
HITM0007101,HORD002266,PRD0567,2,179.96,359.92
HITM0007102,HORD002266,PRD0141,1,995.53,995.53
HITM0001147,HORD000371,PRD0753,1,377.42,377.42
HITM0001148,HORD000371,PRD0355,1,714.36,714.36
HITM0009280,HORD002948,PRD0242,1,600.25,600.25
HITM0009281,HORD002948,PRD0458,2,242.85,485.7
HITM0009282,HORD002948,PRD0047,1,64.28,64.28
HITM0009283,HORD002948,PRD0015,1,238.76,238.76
HITM0009284,HORD002948,PRD0786,1,142.49,142.49
HITM0014372,HORD004574,PRD0897,1,1058.2,1058.2
HITM0014373,HORD004574,PRD0178,2,131.81,263.62
HITM0002269,HORD000734,PRD0238,3,866.49,2599.47
HITM0002270,HORD000734,PRD0808,1,601.58,601.58
HITM0002271,HORD000734,PRD0409,1,200.48,200.48
HITM0011235,HORD003580,PRD0028,1,855.88,855.88
HITM0011236,HORD003580,PRD0546,1,227.79,227.79
HITM0011237,HORD003580,PRD0039,1,150.51,150.51
HITM0011238,HORD003580,PRD0467,2,2512.22,5024.44
HITM0005887,HORD001883,PRD0871,1,1164.43,1164.43
HITM0005888,HORD001883,PRD0048,3,165.15,495.45
HITM0005889,HORD001883,PRD0049,1,740.34,740.34
HITM0005890,HORD001883,PRD0323,1,1220.6,1220.6
HITM0005891,HORD001883,PRD0349,1,1342.94,1342.94
HITM0001680,HORD000545,PRD0772,1,306.42,306.42
HITM0001681,HORD000545,PRD0318,2,115.57,231.14
HITM0001682,HORD000545,PRD0463,2,1250.22,2500.44
HITM0003801,HORD001227,PRD0773,2,1495.61,2991.22
HITM0003802,HORD001227,PRD0249,1,871.19,871.19
HITM0003803,HORD001227,PRD0421,1,1234.35,1234.35
HITM0003804,HORD001227,PRD0472,1,1677.61,1677.61
HITM0003805,HORD001227,PRD0473,2,1300.2,2600.4
HITM0007913,HORD002515,PRD0076,2,705.93,1411.86
HITM0007914,HORD002515,PRD0207,1,2341.74,2341.74
HITM0007915,HORD002515,PRD0294,1,4059.32,4059.32
HITM0007916,HORD002515,PRD0811,3,2857.81,8573.43
HITM0002342,HORD000757,PRD0220,2,201.85,403.7
HITM0002343,HORD000757,PRD0100,1,400.25,400.25
HITM0007103,HORD002267,PRD0553,1,941.32,941.32
HITM0007104,HORD002267,PRD0530,1,14.38,14.38
HITM0007105,HORD002267,PRD0047,1,64.28,64.28
HITM0007106,HORD002267,PRD0013,1,1325.85,1325.85
HITM0005684,HORD001818,PRD0604,1,1031.83,1031.83
HITM0005685,HORD001818,PRD0864,2,3828.18,7656.36
HITM0005686,HORD001818,PRD0047,1,64.28,64.28
HITM0010514,HORD003344,PRD0550,1,112.99,112.99
HITM0010515,HORD003344,PRD0598,2,723.86,1447.72
HITM0010516,HORD003344,PRD0002,2,455.28,910.56
HITM0008232,HORD002616,PRD0751,1,2924.83,2924.83
HITM0008233,HORD002616,PRD0296,2,440.13,880.26
HITM0008234,HORD002616,PRD0532,1,1457.77,1457.77
HITM0008235,HORD002616,PRD0840,1,164.29,164.29
HITM0008236,HORD002616,PRD0009,2,301.36,602.72
HITM0003153,HORD001012,PRD0857,1,160.36,160.36
HITM0003154,HORD001012,PRD0180,1,386.36,386.36
HITM0003155,HORD001012,PRD0865,1,851.18,851.18
HITM0003156,HORD001012,PRD0744,1,4074.4,4074.4
HITM0012820,HORD004085,PRD0943,3,1025.75,3077.25
HITM0006558,HORD002094,PRD0683,1,704.09,704.09
HITM0006559,HORD002094,PRD0507,2,954.32,1908.64
HITM0006560,HORD002094,PRD0658,1,353.59,353.59
HITM0004939,HORD001582,PRD0822,1,724.35,724.35
HITM0004940,HORD001582,PRD0063,1,1165.11,1165.11
HITM0014944,HORD004754,PRD0599,1,1497.17,1497.17
HITM0014945,HORD004754,PRD0652,1,1300.01,1300.01
HITM0012897,HORD004108,PRD0322,3,1844.93,5534.79
HITM0012898,HORD004108,PRD0996,2,455.11,910.22
HITM0012899,HORD004108,PRD0580,1,109.85,109.85
HITM0012900,HORD004108,PRD0199,1,1349.0,1349.0
HITM0003211,HORD001030,PRD0270,3,154.55,463.65
HITM0003212,HORD001030,PRD0950,1,108.8,108.8
HITM0003213,HORD001030,PRD0856,1,508.46,508.46
HITM0006438,HORD002059,PRD0206,1,433.31,433.31
HITM0006439,HORD002059,PRD0109,3,429.51,1288.53
HITM0006440,HORD002059,PRD0698,1,68.9,68.9
HITM0012412,HORD003965,PRD0557,2,114.56,229.12
HITM0012413,HORD003965,PRD0506,1,551.69,551.69
HITM0012414,HORD003965,PRD0284,2,600.42,1200.84
HITM0002174,HORD000702,PRD0955,2,891.93,1783.86
HITM0002175,HORD000702,PRD0765,3,915.52,2746.56
HITM0002176,HORD000702,PRD0350,2,142.11,284.22
HITM0000659,HORD000215,PRD0516,1,339.27,339.27
HITM0000660,HORD000215,PRD0353,3,1077.75,3233.25
HITM0000661,HORD000215,PRD1000,1,192.28,192.28
HITM0000662,HORD000215,PRD0452,1,1373.84,1373.84
HITM0000663,HORD000215,PRD0903,2,980.26,1960.52
HITM0001497,HORD000483,PRD0439,1,74.96,74.96
HITM0001498,HORD000483,PRD0262,1,1028.17,1028.17
HITM0001499,HORD000483,PRD0726,1,357.63,357.63
HITM0011632,HORD003705,PRD0468,1,254.35,254.35
HITM0011633,HORD003705,PRD0071,1,2671.31,2671.31
HITM0007291,HORD002322,PRD0568,1,670.01,670.01
HITM0007292,HORD002322,PRD0766,2,655.3,1310.6
HITM0007293,HORD002322,PRD0858,2,179.07,358.14
HITM0001972,HORD000641,PRD0320,1,154.64,154.64
HITM0001973,HORD000641,PRD0026,1,760.37,760.37
HITM0001974,HORD000641,PRD0629,2,741.8,1483.6
HITM0001975,HORD000641,PRD0560,1,176.65,176.65
HITM0001976,HORD000641,PRD0386,1,167.3,167.3
HITM0007439,HORD002372,PRD0484,1,1342.84,1342.84
HITM0007440,HORD002372,PRD0814,1,404.73,404.73
HITM0007441,HORD002372,PRD0656,1,848.87,848.87
HITM0007442,HORD002372,PRD0760,1,36.27,36.27
HITM0011297,HORD003599,PRD0326,1,828.92,828.92
HITM0011298,HORD003599,PRD0640,1,215.9,215.9
HITM0011299,HORD003599,PRD0257,1,637.63,637.63
HITM0007471,HORD002381,PRD0210,1,408.84,408.84
HITM0007472,HORD002381,PRD0416,1,749.76,749.76
HITM0007473,HORD002381,PRD0351,1,1461.95,1461.95
HITM0007474,HORD002381,PRD0762,2,1016.52,2033.04
HITM0007475,HORD002381,PRD0853,1,1117.98,1117.98
HITM0012755,HORD004067,PRD0200,1,148.27,148.27
HITM0012756,HORD004067,PRD0142,2,1724.25,3448.5
HITM0012757,HORD004067,PRD0698,1,68.9,68.9
HITM0012758,HORD004067,PRD0513,1,1335.99,1335.99
HITM0005959,HORD001905,PRD0006,1,733.43,733.43
HITM0005960,HORD001905,PRD0965,1,536.69,536.69
HITM0005961,HORD001905,PRD0761,1,2263.02,2263.02
HITM0007280,HORD002319,PRD0576,1,261.6,261.6
HITM0007281,HORD002319,PRD0602,1,1186.95,1186.95
HITM0007282,HORD002319,PRD0250,1,376.98,376.98
HITM0010352,HORD003292,PRD0633,1,804.04,804.04
HITM0010353,HORD003292,PRD0856,1,508.46,508.46
HITM0010354,HORD003292,PRD0463,1,1250.22,1250.22
HITM0010355,HORD003292,PRD0530,1,14.38,14.38
HITM0011964,HORD003813,PRD0327,1,122.19,122.19
HITM0011965,HORD003813,PRD0419,2,100.25,200.5
HITM0011966,HORD003813,PRD0770,1,116.43,116.43
HITM0002141,HORD000691,PRD0525,2,1134.69,2269.38
HITM0002142,HORD000691,PRD0509,1,246.73,246.73
HITM0002143,HORD000691,PRD0312,2,523.23,1046.46
HITM0002144,HORD000691,PRD0184,1,607.47,607.47
HITM0004793,HORD001538,PRD0158,1,751.25,751.25
HITM0004794,HORD001538,PRD0456,1,690.03,690.03
HITM0004795,HORD001538,PRD0700,1,241.67,241.67
HITM0004796,HORD001538,PRD0815,1,261.87,261.87
HITM0007181,HORD002290,PRD0322,1,1844.93,1844.93
HITM0007182,HORD002290,PRD0826,1,796.98,796.98
HITM0007183,HORD002290,PRD0762,1,1016.52,1016.52
HITM0009485,HORD003011,PRD0327,1,122.19,122.19
HITM0009486,HORD003011,PRD0056,1,258.5,258.5
HITM0009487,HORD003011,PRD0106,2,385.13,770.26
HITM0005349,HORD001707,PRD0836,1,70.78,70.78
HITM0005350,HORD001707,PRD0534,1,781.55,781.55
HITM0005351,HORD001707,PRD0975,1,87.41,87.41
HITM0005352,HORD001707,PRD0325,2,161.7,323.4
HITM0008112,HORD002580,PRD0137,3,1155.19,3465.57
HITM0008113,HORD002580,PRD0603,1,557.9,557.9
HITM0008114,HORD002580,PRD0951,2,2323.13,4646.26
HITM0008115,HORD002580,PRD0284,1,600.42,600.42
HITM0011159,HORD003557,PRD0216,2,823.62,1647.24
HITM0002991,HORD000960,PRD0802,1,1865.37,1865.37
HITM0002992,HORD000960,PRD0808,2,601.58,1203.16
HITM0002993,HORD000960,PRD0201,1,3066.38,3066.38
HITM0009584,HORD003044,PRD0100,2,400.25,800.5
HITM0009585,HORD003044,PRD0846,1,671.93,671.93
HITM0009586,HORD003044,PRD0791,1,2700.27,2700.27
HITM0009587,HORD003044,PRD0558,1,383.39,383.39
HITM0008745,HORD002776,PRD0416,1,749.76,749.76
HITM0008746,HORD002776,PRD0938,1,327.05,327.05
HITM0005292,HORD001690,PRD0010,1,23.5,23.5
HITM0005293,HORD001690,PRD0168,2,341.32,682.64
HITM0013498,HORD004297,PRD0728,1,504.43,504.43
HITM0013499,HORD004297,PRD0290,3,154.65,463.95
HITM0013500,HORD004297,PRD0890,2,309.69,619.38
HITM0005233,HORD001674,PRD0519,1,154.53,154.53
HITM0005234,HORD001674,PRD0229,2,813.08,1626.16
HITM0007534,HORD002401,PRD0897,1,1058.2,1058.2
HITM0007535,HORD002401,PRD0670,1,387.96,387.96
HITM0007536,HORD002401,PRD0751,1,2924.83,2924.83
HITM0007537,HORD002401,PRD0121,1,3142.89,3142.89
HITM0008072,HORD002567,PRD0908,2,81.42,162.84
HITM0008073,HORD002567,PRD0425,1,932.26,932.26
HITM0008074,HORD002567,PRD0481,1,3068.96,3068.96
HITM0008075,HORD002567,PRD0509,1,246.73,246.73
HITM0015571,HORD004961,PRD0435,2,306.84,613.68
HITM0015572,HORD004961,PRD0826,1,796.98,796.98
HITM0007936,HORD002522,PRD0090,1,99.88,99.88
HITM0007937,HORD002522,PRD0225,2,255.65,511.3
HITM0007938,HORD002522,PRD0485,1,283.51,283.51
HITM0007939,HORD002522,PRD0076,2,705.93,1411.86
HITM0002466,HORD000799,PRD0862,1,717.42,717.42
HITM0002467,HORD000799,PRD0462,1,1832.75,1832.75
HITM0002468,HORD000799,PRD0637,2,1350.41,2700.82
HITM0006358,HORD002032,PRD0756,1,177.47,177.47
HITM0006359,HORD002032,PRD0434,2,1483.17,2966.34
HITM0006360,HORD002032,PRD0600,2,62.84,125.68
HITM0008370,HORD002657,PRD0983,2,1360.95,2721.9
HITM0008371,HORD002657,PRD0020,2,47.5,95.0
HITM0008372,HORD002657,PRD0813,3,326.38,979.14
HITM0011243,HORD003582,PRD0533,1,789.09,789.09
HITM0011244,HORD003582,PRD0330,1,265.81,265.81
HITM0011245,HORD003582,PRD0090,1,99.88,99.88
HITM0011246,HORD003582,PRD0266,1,189.02,189.02
HITM0011247,HORD003582,PRD0625,1,840.9,840.9
HITM0010102,HORD003211,PRD0653,1,1139.17,1139.17
HITM0010103,HORD003211,PRD0079,3,211.65,634.95
HITM0006965,HORD002224,PRD0424,2,937.77,1875.54
HITM0006966,HORD002224,PRD0047,1,64.28,64.28
HITM0004238,HORD001361,PRD0737,1,420.63,420.63
HITM0004239,HORD001361,PRD0753,1,377.42,377.42
HITM0004240,HORD001361,PRD0973,1,703.36,703.36
HITM0005723,HORD001831,PRD0633,2,804.04,1608.08
HITM0005724,HORD001831,PRD0962,1,482.88,482.88
HITM0005725,HORD001831,PRD0554,1,1054.0,1054.0
HITM0003888,HORD001254,PRD0246,1,362.52,362.52
HITM0003889,HORD001254,PRD0046,2,822.45,1644.9
HITM0003890,HORD001254,PRD0144,1,2170.55,2170.55
HITM0002453,HORD000793,PRD0356,1,365.08,365.08
HITM0008275,HORD002629,PRD0316,1,816.98,816.98
HITM0008276,HORD002629,PRD0813,2,326.38,652.76
HITM0008277,HORD002629,PRD0380,2,318.45,636.9
HITM0010378,HORD003299,PRD0206,1,433.31,433.31
HITM0010379,HORD003299,PRD0435,1,306.84,306.84
HITM0010380,HORD003299,PRD0532,1,1457.77,1457.77
HITM0011445,HORD003645,PRD0502,1,1590.33,1590.33
HITM0011446,HORD003645,PRD0052,1,1015.78,1015.78
HITM0011447,HORD003645,PRD0800,2,334.97,669.94
HITM0004029,HORD001296,PRD0034,1,780.7,780.7
HITM0004030,HORD001296,PRD0555,1,159.32,159.32
HITM0004031,HORD001296,PRD0604,1,1031.83,1031.83
HITM0004032,HORD001296,PRD0976,2,196.82,393.64
HITM0004033,HORD001296,PRD0380,2,318.45,636.9
HITM0005109,HORD001636,PRD0251,1,1852.67,1852.67
HITM0005110,HORD001636,PRD0947,2,1985.26,3970.52
HITM0005111,HORD001636,PRD0403,1,1021.92,1021.92
HITM0011162,HORD003559,PRD0816,1,125.37,125.37
HITM0011163,HORD003559,PRD0836,1,70.78,70.78
HITM0011164,HORD003559,PRD0819,1,191.18,191.18
HITM0015093,HORD004802,PRD0213,1,351.6,351.6
HITM0015094,HORD004802,PRD0082,1,1101.3,1101.3
HITM0015095,HORD004802,PRD0675,1,927.62,927.62
HITM0015096,HORD004802,PRD0940,2,51.08,102.16
HITM0015097,HORD004802,PRD0891,1,2117.27,2117.27
HITM0009698,HORD003083,PRD0210,1,408.84,408.84
HITM0009699,HORD003083,PRD0855,1,552.31,552.31
HITM0009700,HORD003083,PRD0526,1,208.36,208.36
HITM0009701,HORD003083,PRD0250,2,376.98,753.96
HITM0009562,HORD003038,PRD0124,1,1400.78,1400.78
HITM0009563,HORD003038,PRD0948,3,581.24,1743.72
HITM0009564,HORD003038,PRD0185,1,1138.66,1138.66
HITM0009565,HORD003038,PRD0730,1,418.77,418.77
HITM0009566,HORD003038,PRD0349,2,1342.94,2685.88
HITM0000458,HORD000155,PRD0976,1,196.82,196.82
HITM0000459,HORD000155,PRD0300,2,158.44,316.88
HITM0000460,HORD000155,PRD0162,1,318.31,318.31
HITM0011478,HORD003655,PRD0452,1,1373.84,1373.84
HITM0006896,HORD002201,PRD0106,2,385.13,770.26
HITM0006897,HORD002201,PRD0554,1,1054.0,1054.0
HITM0006898,HORD002201,PRD0613,1,774.1,774.1
HITM0014566,HORD004635,PRD0555,1,159.32,159.32
HITM0014567,HORD004635,PRD0957,1,2550.17,2550.17
HITM0014568,HORD004635,PRD0601,1,1162.83,1162.83
HITM0014569,HORD004635,PRD0946,1,618.18,618.18
HITM0007242,HORD002308,PRD0493,1,417.81,417.81
HITM0007243,HORD002308,PRD0669,1,271.59,271.59
HITM0007244,HORD002308,PRD0865,2,851.18,1702.36
HITM0007245,HORD002308,PRD0432,1,390.19,390.19
HITM0007246,HORD002308,PRD0110,1,113.31,113.31
HITM0014610,HORD004648,PRD0917,1,624.31,624.31
HITM0014611,HORD004648,PRD0610,2,347.23,694.46
HITM0014612,HORD004648,PRD0589,1,671.85,671.85
HITM0014613,HORD004648,PRD0967,3,2500.44,7501.32
HITM0011063,HORD003526,PRD0057,2,1785.63,3571.26
HITM0011064,HORD003526,PRD0509,1,246.73,246.73
HITM0011065,HORD003526,PRD0780,1,297.57,297.57
HITM0011066,HORD003526,PRD0479,2,1360.38,2720.76
HITM0005653,HORD001807,PRD0171,1,1970.35,1970.35
HITM0005654,HORD001807,PRD0071,2,2671.31,5342.62
HITM0005655,HORD001807,PRD0750,1,400.34,400.34
HITM0012335,HORD003939,PRD0223,1,1020.19,1020.19
HITM0012336,HORD003939,PRD0632,1,372.28,372.28
HITM0012337,HORD003939,PRD0698,1,68.9,68.9
HITM0011006,HORD003507,PRD0451,1,2985.26,2985.26
HITM0011007,HORD003507,PRD0530,1,14.38,14.38
HITM0011008,HORD003507,PRD0699,2,373.99,747.98
HITM0011009,HORD003507,PRD0593,2,356.64,713.28
HITM0012568,HORD004010,PRD0475,1,559.21,559.21
HITM0012569,HORD004010,PRD0242,3,600.25,1800.75
HITM0012570,HORD004010,PRD0698,1,68.9,68.9
HITM0012571,HORD004010,PRD0327,1,122.19,122.19
HITM0002166,HORD000698,PRD0275,1,687.49,687.49
HITM0002167,HORD000698,PRD0636,1,421.78,421.78
HITM0002168,HORD000698,PRD0402,1,400.07,400.07
HITM0009943,HORD003160,PRD0782,2,483.91,967.82
HITM0000989,HORD000320,PRD0340,2,382.9,765.8
HITM0000990,HORD000320,PRD0945,2,730.35,1460.7
HITM0015119,HORD004809,PRD0306,1,677.68,677.68
HITM0015120,HORD004809,PRD0920,1,53.18,53.18
HITM0015121,HORD004809,PRD0679,1,864.47,864.47
HITM0000977,HORD000316,PRD0755,1,802.94,802.94
HITM0000978,HORD000316,PRD0985,1,1164.32,1164.32
HITM0000979,HORD000316,PRD0099,1,1406.39,1406.39
HITM0000980,HORD000316,PRD0426,1,690.03,690.03
HITM0004804,HORD001541,PRD0198,1,492.76,492.76
HITM0004805,HORD001541,PRD0640,1,215.9,215.9
HITM0004806,HORD001541,PRD0753,1,377.42,377.42
HITM0004807,HORD001541,PRD0760,1,36.27,36.27
HITM0004808,HORD001541,PRD0272,1,1161.16,1161.16
HITM0002718,HORD000875,PRD0402,1,400.07,400.07
HITM0002719,HORD000875,PRD0683,1,704.09,704.09
HITM0009028,HORD002866,PRD0836,3,70.78,212.34
HITM0009029,HORD002866,PRD0603,1,557.9,557.9
HITM0009030,HORD002866,PRD0615,1,159.68,159.68
HITM0009031,HORD002866,PRD0867,1,111.69,111.69
HITM0009032,HORD002866,PRD0052,1,1015.78,1015.78
HITM0007152,HORD002280,PRD0244,1,2495.06,2495.06
HITM0007153,HORD002280,PRD0329,1,1326.77,1326.77
HITM0007154,HORD002280,PRD0361,1,2730.19,2730.19
HITM0009109,HORD002891,PRD0405,2,842.76,1685.52
HITM0009110,HORD002891,PRD0712,1,331.7,331.7
HITM0001735,HORD000565,PRD0470,1,91.58,91.58
HITM0001736,HORD000565,PRD0275,2,687.49,1374.98
HITM0001737,HORD000565,PRD0127,1,599.05,599.05
HITM0007436,HORD002371,PRD0998,1,178.25,178.25
HITM0007437,HORD002371,PRD0020,1,47.5,47.5
HITM0007438,HORD002371,PRD0646,1,498.38,498.38
HITM0001260,HORD000406,PRD0849,1,216.96,216.96
HITM0001261,HORD000406,PRD0778,1,921.48,921.48
HITM0001262,HORD000406,PRD0962,1,482.88,482.88
HITM0001263,HORD000406,PRD0456,2,690.03,1380.06
HITM0001264,HORD000406,PRD0616,1,311.42,311.42
HITM0000558,HORD000183,PRD0438,1,767.87,767.87
HITM0000559,HORD000183,PRD0711,1,2598.42,2598.42
HITM0000560,HORD000183,PRD0739,1,1069.28,1069.28
HITM0014383,HORD004578,PRD0331,1,1570.55,1570.55
HITM0014384,HORD004578,PRD0730,1,418.77,418.77
HITM0014385,HORD004578,PRD0096,1,569.77,569.77
HITM0014386,HORD004578,PRD0799,1,1443.92,1443.92
HITM0003789,HORD001223,PRD0829,1,582.58,582.58
HITM0003790,HORD001223,PRD0732,1,729.81,729.81
HITM0003791,HORD001223,PRD0600,2,62.84,125.68
HITM0003792,HORD001223,PRD0650,1,129.9,129.9
HITM0006788,HORD002167,PRD0320,1,154.64,154.64
HITM0006789,HORD002167,PRD0368,1,919.95,919.95
HITM0006790,HORD002167,PRD0102,1,581.67,581.67
HITM0006791,HORD002167,PRD0365,2,489.23,978.46
HITM0006792,HORD002167,PRD0623,2,442.62,885.24
HITM0012715,HORD004055,PRD0999,1,626.07,626.07
HITM0012716,HORD004055,PRD0080,1,60.33,60.33
HITM0012717,HORD004055,PRD0521,2,1257.03,2514.06
HITM0015560,HORD004958,PRD0020,2,47.5,95.0
HITM0015561,HORD004958,PRD0977,1,1354.63,1354.63
HITM0015562,HORD004958,PRD0220,2,201.85,403.7
HITM0003073,HORD000985,PRD0786,1,142.49,142.49
HITM0003074,HORD000985,PRD0119,1,1161.39,1161.39
HITM0003075,HORD000985,PRD0910,1,53.54,53.54
HITM0003076,HORD000985,PRD0214,2,753.54,1507.08
HITM0012304,HORD003930,PRD0080,1,60.33,60.33
HITM0012305,HORD003930,PRD0995,2,69.16,138.32
HITM0012306,HORD003930,PRD0691,1,2417.17,2417.17
HITM0012307,HORD003930,PRD0930,1,62.22,62.22
HITM0003126,HORD001003,PRD0040,2,283.76,567.52
HITM0003127,HORD001003,PRD0656,1,848.87,848.87
HITM0007137,HORD002276,PRD0967,2,2500.44,5000.88
HITM0007138,HORD002276,PRD0228,1,419.86,419.86
HITM0007139,HORD002276,PRD0156,1,400.24,400.24
HITM0008465,HORD002691,PRD0250,1,376.98,376.98
HITM0012884,HORD004103,PRD0826,1,796.98,796.98
HITM0012885,HORD004103,PRD0230,1,72.62,72.62
HITM0012886,HORD004103,PRD0432,1,390.19,390.19
HITM0012887,HORD004103,PRD0200,1,148.27,148.27
HITM0012888,HORD004103,PRD0271,1,1523.72,1523.72
HITM0003145,HORD001009,PRD0225,1,255.65,255.65
HITM0003146,HORD001009,PRD0888,1,828.95,828.95
HITM0008016,HORD002549,PRD0698,1,68.9,68.9
HITM0001961,HORD000636,PRD0786,1,142.49,142.49
HITM0001962,HORD000636,PRD0514,3,2741.93,8225.79
HITM0001963,HORD000636,PRD0727,2,842.09,1684.18
HITM0001964,HORD000636,PRD0415,1,111.92,111.92
HITM0003558,HORD001149,PRD0261,1,2576.1,2576.1
HITM0003559,HORD001149,PRD0020,1,47.5,47.5
HITM0003560,HORD001149,PRD0548,1,952.05,952.05
HITM0003561,HORD001149,PRD0848,2,289.88,579.76
HITM0003562,HORD001149,PRD0631,3,1231.25,3693.75
HITM0009493,HORD003014,PRD0323,1,1220.6,1220.6
HITM0009494,HORD003014,PRD0744,1,4074.4,4074.4
HITM0009495,HORD003014,PRD0713,1,768.21,768.21
HITM0002454,HORD000794,PRD0057,2,1785.63,3571.26
HITM0014493,HORD004612,PRD0555,1,159.32,159.32
HITM0014494,HORD004612,PRD0879,1,287.13,287.13
HITM0014495,HORD004612,PRD0757,1,1540.4,1540.4
HITM0006458,HORD002065,PRD0468,2,254.35,508.7
HITM0006459,HORD002065,PRD0498,1,201.0,201.0
HITM0006460,HORD002065,PRD0739,1,1069.28,1069.28
HITM0000378,HORD000128,PRD0284,1,600.42,600.42
HITM0000379,HORD000128,PRD0139,1,877.46,877.46
HITM0000380,HORD000128,PRD0465,2,61.33,122.66
HITM0003151,HORD001011,PRD0419,1,100.25,100.25
HITM0003152,HORD001011,PRD0904,1,3664.33,3664.33
HITM0010497,HORD003338,PRD0413,1,420.29,420.29
HITM0010498,HORD003338,PRD0385,1,812.79,812.79
HITM0010499,HORD003338,PRD0530,1,14.38,14.38
HITM0014287,HORD004547,PRD0496,2,619.97,1239.94
HITM0014288,HORD004547,PRD0597,1,2470.13,2470.13
HITM0014289,HORD004547,PRD0296,1,440.13,440.13
HITM0014290,HORD004547,PRD0140,3,224.98,674.94
HITM0014291,HORD004547,PRD0340,1,382.9,382.9
HITM0006913,HORD002206,PRD0749,3,1278.37,3835.11
HITM0006914,HORD002206,PRD0312,1,523.23,523.23
HITM0006915,HORD002206,PRD0821,2,1163.73,2327.46
HITM0013988,HORD004448,PRD0194,1,2883.61,2883.61
HITM0013989,HORD004448,PRD0082,1,1101.3,1101.3
HITM0005212,HORD001667,PRD0637,1,1350.41,1350.41
HITM0012203,HORD003894,PRD0225,1,255.65,255.65
HITM0012204,HORD003894,PRD0466,1,362.96,362.96
HITM0000328,HORD000110,PRD0013,1,1325.85,1325.85
HITM0000329,HORD000110,PRD0437,1,2045.28,2045.28
HITM0000330,HORD000110,PRD0619,1,1486.76,1486.76
HITM0014854,HORD004725,PRD0129,1,349.4,349.4
HITM0014855,HORD004725,PRD0395,1,700.42,700.42
HITM0014856,HORD004725,PRD0557,1,114.56,114.56
HITM0003785,HORD001222,PRD0092,3,370.43,1111.29
HITM0003786,HORD001222,PRD0009,1,301.36,301.36
HITM0003787,HORD001222,PRD0916,1,256.29,256.29
HITM0003788,HORD001222,PRD0435,1,306.84,306.84
HITM0004419,HORD001417,PRD0215,1,580.92,580.92
HITM0004420,HORD001417,PRD0214,1,753.54,753.54
HITM0004421,HORD001417,PRD0891,1,2117.27,2117.27
HITM0004422,HORD001417,PRD0257,1,637.63,637.63
HITM0004423,HORD001417,PRD0683,1,704.09,704.09
HITM0011581,HORD003687,PRD0691,1,2417.17,2417.17
HITM0011582,HORD003687,PRD0678,2,566.98,1133.96
HITM0011583,HORD003687,PRD0994,1,1481.14,1481.14
HITM0011584,HORD003687,PRD0995,2,69.16,138.32
HITM0005794,HORD001854,PRD0065,2,1196.5,2393.0
HITM0005795,HORD001854,PRD0729,2,496.66,993.32
HITM0005796,HORD001854,PRD0379,2,989.35,1978.7
HITM0008252,HORD002622,PRD0684,2,1730.11,3460.22
HITM0008253,HORD002622,PRD0291,1,2310.69,2310.69
HITM0008254,HORD002622,PRD0020,2,47.5,95.0
HITM0008255,HORD002622,PRD0087,1,2316.68,2316.68
HITM0006935,HORD002213,PRD0490,1,289.49,289.49
HITM0007886,HORD002507,PRD0415,1,111.92,111.92
HITM0007887,HORD002507,PRD0997,2,602.38,1204.76
HITM0007888,HORD002507,PRD0423,1,684.99,684.99
HITM0007889,HORD002507,PRD0832,1,1103.3,1103.3
HITM0009344,HORD002967,PRD0099,1,1406.39,1406.39
HITM0009345,HORD002967,PRD0865,1,851.18,851.18
HITM0009346,HORD002967,PRD0894,1,2406.75,2406.75
HITM0009347,HORD002967,PRD0360,1,387.48,387.48
HITM0011619,HORD003700,PRD0953,1,536.06,536.06
HITM0011620,HORD003700,PRD0865,1,851.18,851.18
HITM0005769,HORD001847,PRD0827,1,1819.32,1819.32
HITM0005770,HORD001847,PRD0369,1,429.26,429.26
HITM0005771,HORD001847,PRD0484,1,1342.84,1342.84
HITM0002389,HORD000772,PRD0982,1,885.27,885.27
HITM0002390,HORD000772,PRD0550,1,112.99,112.99
HITM0002391,HORD000772,PRD0803,2,1082.24,2164.48
HITM0002392,HORD000772,PRD0372,1,1308.61,1308.61
HITM0002393,HORD000772,PRD0036,2,355.76,711.52
HITM0001201,HORD000388,PRD0039,1,150.51,150.51
HITM0001202,HORD000388,PRD0500,1,408.62,408.62
HITM0001203,HORD000388,PRD0785,1,86.54,86.54
HITM0001204,HORD000388,PRD0774,1,2233.58,2233.58
HITM0005168,HORD001653,PRD0333,1,454.01,454.01
HITM0005169,HORD001653,PRD0973,2,703.36,1406.72
HITM0005170,HORD001653,PRD0229,2,813.08,1626.16
HITM0005171,HORD001653,PRD0214,1,753.54,753.54
HITM0005172,HORD001653,PRD0415,1,111.92,111.92
HITM0001982,HORD000644,PRD0876,1,228.97,228.97
HITM0001983,HORD000644,PRD0519,1,154.53,154.53
HITM0001984,HORD000644,PRD0199,1,1349.0,1349.0
HITM0001985,HORD000644,PRD0895,2,830.36,1660.72
HITM0001986,HORD000644,PRD0049,1,740.34,740.34
HITM0006324,HORD002021,PRD0427,1,241.58,241.58
HITM0006325,HORD002021,PRD0022,1,1480.38,1480.38
HITM0006326,HORD002021,PRD0559,2,531.55,1063.1
HITM0003069,HORD000984,PRD0184,1,607.47,607.47
HITM0003070,HORD000984,PRD0651,1,1043.5,1043.5
HITM0003071,HORD000984,PRD0313,2,1471.48,2942.96
HITM0003072,HORD000984,PRD0625,1,840.9,840.9
HITM0000061,HORD000022,PRD0865,2,851.18,1702.36
HITM0000062,HORD000022,PRD0680,1,228.54,228.54
HITM0000063,HORD000022,PRD0102,1,581.67,581.67
HITM0000064,HORD000022,PRD0949,1,727.16,727.16
HITM0008368,HORD002656,PRD0345,1,1050.02,1050.02
HITM0008369,HORD002656,PRD0988,2,1072.9,2145.8
HITM0008118,HORD002582,PRD0593,1,356.64,356.64
HITM0008119,HORD002582,PRD0456,1,690.03,690.03
HITM0008120,HORD002582,PRD0785,1,86.54,86.54
HITM0008121,HORD002582,PRD0963,1,997.83,997.83
HITM0003976,HORD001279,PRD0300,1,158.44,158.44
HITM0003977,HORD001279,PRD0157,1,591.59,591.59
HITM0003978,HORD001279,PRD0695,2,663.83,1327.66
HITM0003979,HORD001279,PRD0650,1,129.9,129.9
HITM0012851,HORD004095,PRD0292,1,1810.91,1810.91
HITM0012852,HORD004095,PRD0641,1,2509.9,2509.9
HITM0012853,HORD004095,PRD0406,2,482.25,964.5
HITM0012854,HORD004095,PRD0729,1,496.66,496.66
HITM0012855,HORD004095,PRD0142,1,1724.25,1724.25
HITM0012098,HORD003859,PRD0411,1,1693.96,1693.96
HITM0012099,HORD003859,PRD0947,3,1985.26,5955.78
HITM0012100,HORD003859,PRD0361,1,2730.19,2730.19
HITM0012638,HORD004033,PRD0967,1,2500.44,2500.44
HITM0005630,HORD001801,PRD0347,1,1228.43,1228.43
HITM0005631,HORD001801,PRD0195,2,715.6,1431.2
HITM0005632,HORD001801,PRD0613,1,774.1,774.1
HITM0005633,HORD001801,PRD0006,1,733.43,733.43
HITM0005634,HORD001801,PRD0233,1,1369.87,1369.87
HITM0010424,HORD003313,PRD0515,2,987.71,1975.42
HITM0010425,HORD003313,PRD0309,1,332.31,332.31
HITM0010426,HORD003313,PRD0012,2,426.8,853.6
HITM0004941,HORD001583,PRD0479,2,1360.38,2720.76
HITM0004942,HORD001583,PRD0460,1,19.84,19.84
HITM0004943,HORD001583,PRD0579,1,1322.97,1322.97
HITM0004944,HORD001583,PRD0168,2,341.32,682.64
HITM0001059,HORD000343,PRD0318,1,115.57,115.57
HITM0001060,HORD000343,PRD0576,1,261.6,261.6
HITM0001061,HORD000343,PRD0298,1,275.37,275.37
HITM0007422,HORD002366,PRD0512,2,853.36,1706.72
HITM0007423,HORD002366,PRD0082,2,1101.3,2202.6
HITM0007424,HORD002366,PRD0743,1,651.04,651.04
HITM0008320,HORD002641,PRD0312,1,523.23,523.23
HITM0008321,HORD002641,PRD0976,1,196.82,196.82
HITM0012793,HORD004078,PRD0935,1,1070.56,1070.56
HITM0012794,HORD004078,PRD0331,1,1570.55,1570.55
HITM0012795,HORD004078,PRD0700,1,241.67,241.67
HITM0012796,HORD004078,PRD0244,1,2495.06,2495.06
HITM0012797,HORD004078,PRD0598,1,723.86,723.86
HITM0013193,HORD004197,PRD0395,1,700.42,700.42
HITM0013194,HORD004197,PRD0790,1,356.37,356.37
HITM0013195,HORD004197,PRD0506,1,551.69,551.69
HITM0008095,HORD002574,PRD0441,1,1203.85,1203.85
HITM0008096,HORD002574,PRD0597,1,2470.13,2470.13
HITM0008097,HORD002574,PRD0770,1,116.43,116.43
HITM0008098,HORD002574,PRD0089,1,739.15,739.15
HITM0010291,HORD003273,PRD0406,1,482.25,482.25
HITM0010292,HORD003273,PRD0446,1,168.08,168.08
HITM0010293,HORD003273,PRD0132,1,691.37,691.37
HITM0010085,HORD003206,PRD0196,2,206.29,412.58
HITM0010086,HORD003206,PRD0214,1,753.54,753.54
HITM0010087,HORD003206,PRD0259,1,409.08,409.08
HITM0010285,HORD003271,PRD0483,1,436.08,436.08
HITM0010286,HORD003271,PRD0102,1,581.67,581.67
HITM0010287,HORD003271,PRD0435,1,306.84,306.84
HITM0010272,HORD003265,PRD0260,1,100.02,100.02
HITM0010273,HORD003265,PRD0097,1,2083.5,2083.5
HITM0010274,HORD003265,PRD0589,1,671.85,671.85
HITM0011876,HORD003784,PRD0836,1,70.78,70.78
HITM0011877,HORD003784,PRD0178,1,131.81,131.81
HITM0011878,HORD003784,PRD0747,3,1353.66,4060.98
HITM0011879,HORD003784,PRD0207,1,2341.74,2341.74
HITM0011880,HORD003784,PRD0182,1,331.32,331.32
HITM0004252,HORD001365,PRD0469,1,552.84,552.84
HITM0004183,HORD001345,PRD0785,2,86.54,173.08
HITM0004184,HORD001345,PRD0423,1,684.99,684.99
HITM0004185,HORD001345,PRD0443,1,681.97,681.97
HITM0003056,HORD000980,PRD0356,2,365.08,730.16
HITM0003057,HORD000980,PRD0277,1,1153.48,1153.48
HITM0003058,HORD000980,PRD0157,1,591.59,591.59
HITM0003059,HORD000980,PRD0850,1,101.36,101.36
HITM0008711,HORD002765,PRD0627,2,1687.51,3375.02
HITM0008712,HORD002765,PRD0424,1,937.77,937.77
HITM0008713,HORD002765,PRD0217,1,441.18,441.18
HITM0013012,HORD004144,PRD0557,1,114.56,114.56
HITM0013013,HORD004144,PRD0524,2,2636.76,5273.52
HITM0013014,HORD004144,PRD0928,1,426.54,426.54
HITM0006574,HORD002099,PRD0279,2,1450.59,2901.18
HITM0006575,HORD002099,PRD0374,1,772.23,772.23
HITM0008044,HORD002559,PRD0548,1,952.05,952.05
HITM0008045,HORD002559,PRD0175,3,1014.37,3043.11
HITM0009682,HORD003077,PRD0002,1,455.28,455.28
HITM0009683,HORD003077,PRD0890,1,309.69,309.69
HITM0013933,HORD004428,PRD0010,1,23.5,23.5
HITM0013934,HORD004428,PRD0379,2,989.35,1978.7
HITM0002913,HORD000938,PRD0163,1,1426.46,1426.46
HITM0002914,HORD000938,PRD0570,1,277.01,277.01
HITM0002915,HORD000938,PRD0295,2,979.25,1958.5
HITM0002916,HORD000938,PRD0060,1,170.83,170.83
HITM0002917,HORD000938,PRD0656,2,848.87,1697.74
HITM0003347,HORD001078,PRD0171,1,1970.35,1970.35
HITM0003348,HORD001078,PRD0633,1,804.04,804.04
HITM0003349,HORD001078,PRD0759,1,1399.01,1399.01
HITM0014244,HORD004533,PRD0675,1,927.62,927.62
HITM0014245,HORD004533,PRD0503,2,1009.94,2019.88
HITM0001022,HORD000332,PRD0060,1,170.83,170.83
HITM0001023,HORD000332,PRD0130,1,348.52,348.52
HITM0001024,HORD000332,PRD0357,1,902.95,902.95
HITM0001025,HORD000332,PRD0267,2,2404.5,4809.0
HITM0014071,HORD004475,PRD0160,1,361.95,361.95
HITM0014072,HORD004475,PRD0080,2,60.33,120.66
HITM0015030,HORD004781,PRD0525,1,1134.69,1134.69
HITM0015031,HORD004781,PRD0296,1,440.13,440.13
HITM0015032,HORD004781,PRD0446,1,168.08,168.08
HITM0015033,HORD004781,PRD0928,1,426.54,426.54
HITM0013292,HORD004228,PRD0309,2,332.31,664.62
HITM0013293,HORD004228,PRD0050,3,191.67,575.01
HITM0013294,HORD004228,PRD0964,2,1776.26,3552.52
HITM0010980,HORD003497,PRD0613,1,774.1,774.1
HITM0010981,HORD003497,PRD0577,1,1656.23,1656.23
HITM0010982,HORD003497,PRD0398,1,809.04,809.04
HITM0010983,HORD003497,PRD0542,1,1879.25,1879.25
HITM0003601,HORD001161,PRD0620,2,133.24,266.48
HITM0003602,HORD001161,PRD0786,1,142.49,142.49
HITM0003603,HORD001161,PRD0082,3,1101.3,3303.9
HITM0003604,HORD001161,PRD0493,1,417.81,417.81
HITM0003925,HORD001264,PRD0104,1,2802.96,2802.96
HITM0003926,HORD001264,PRD0822,1,724.35,724.35
HITM0003927,HORD001264,PRD0379,1,989.35,989.35
HITM0002808,HORD000905,PRD0339,3,536.34,1609.02
HITM0002809,HORD000905,PRD0541,1,1257.3,1257.3
HITM0002810,HORD000905,PRD0456,1,690.03,690.03
HITM0002500,HORD000812,PRD0540,1,16.38,16.38
HITM0006286,HORD002008,PRD0756,1,177.47,177.47
HITM0013212,HORD004203,PRD0018,1,1099.45,1099.45
HITM0013213,HORD004203,PRD0301,1,1938.69,1938.69
HITM0013214,HORD004203,PRD0917,1,624.31,624.31
HITM0013215,HORD004203,PRD0180,1,386.36,386.36
HITM0013216,HORD004203,PRD0303,2,1407.52,2815.04
HITM0006160,HORD001971,PRD0908,1,81.42,81.42
HITM0006161,HORD001971,PRD0191,1,1103.43,1103.43
HITM0006162,HORD001971,PRD0111,1,2798.27,2798.27
HITM0004037,HORD001299,PRD0231,1,1774.07,1774.07
HITM0004038,HORD001299,PRD0617,2,629.04,1258.08
HITM0004039,HORD001299,PRD0615,1,159.68,159.68
HITM0005468,HORD001749,PRD0323,1,1220.6,1220.6
HITM0005469,HORD001749,PRD0433,1,456.5,456.5
HITM0005470,HORD001749,PRD0393,2,310.3,620.6
HITM0015557,HORD004957,PRD0112,1,387.62,387.62
HITM0015558,HORD004957,PRD0921,1,2485.73,2485.73
HITM0015559,HORD004957,PRD0327,1,122.19,122.19
HITM0004174,HORD001342,PRD0791,1,2700.27,2700.27
HITM0004175,HORD001342,PRD0014,1,1339.17,1339.17
HITM0004176,HORD001342,PRD0859,1,1242.69,1242.69
HITM0001331,HORD000429,PRD0369,2,429.26,858.52
HITM0001332,HORD000429,PRD0625,1,840.9,840.9
HITM0001333,HORD000429,PRD0432,1,390.19,390.19
HITM0010203,HORD003245,PRD0483,1,436.08,436.08
HITM0010204,HORD003245,PRD0613,1,774.1,774.1
HITM0010205,HORD003245,PRD0636,1,421.78,421.78
HITM0010206,HORD003245,PRD0178,1,131.81,131.81
HITM0010207,HORD003245,PRD0130,1,348.52,348.52
HITM0015261,HORD004856,PRD0010,1,23.5,23.5
HITM0015262,HORD004856,PRD0750,1,400.34,400.34
HITM0015263,HORD004856,PRD0257,1,637.63,637.63
HITM0015264,HORD004856,PRD0543,1,336.97,336.97
HITM0006955,HORD002220,PRD0013,1,1325.85,1325.85
HITM0006956,HORD002220,PRD0530,1,14.38,14.38
HITM0006957,HORD002220,PRD0590,1,54.96,54.96
HITM0006958,HORD002220,PRD0445,2,830.34,1660.68
HITM0005040,HORD001614,PRD0724,2,2202.99,4405.98
HITM0001003,HORD000325,PRD0205,1,1030.02,1030.02
HITM0001004,HORD000325,PRD0007,1,1605.29,1605.29
HITM0003461,HORD001117,PRD0567,1,179.96,179.96
HITM0003462,HORD001117,PRD0421,1,1234.35,1234.35
HITM0003463,HORD001117,PRD0816,1,125.37,125.37
HITM0015102,HORD004804,PRD0287,1,1095.91,1095.91
HITM0015103,HORD004804,PRD0149,2,119.35,238.7
HITM0006936,HORD002214,PRD0179,2,1481.8,2963.6
HITM0006937,HORD002214,PRD0626,1,521.1,521.1
HITM0006938,HORD002214,PRD0377,2,726.19,1452.38
HITM0006939,HORD002214,PRD0851,1,2462.55,2462.55
HITM0014133,HORD004494,PRD0406,1,482.25,482.25
HITM0005277,HORD001686,PRD0567,1,179.96,179.96
HITM0005278,HORD001686,PRD0336,1,761.65,761.65
HITM0005279,HORD001686,PRD0914,1,3258.34,3258.34
HITM0005280,HORD001686,PRD0656,1,848.87,848.87
HITM0014820,HORD004715,PRD0437,1,2045.28,2045.28
HITM0014821,HORD004715,PRD0737,1,420.63,420.63
HITM0014822,HORD004715,PRD0894,1,2406.75,2406.75
HITM0014823,HORD004715,PRD0736,1,508.97,508.97
HITM0009837,HORD003126,PRD0440,1,413.05,413.05
HITM0009838,HORD003126,PRD0301,2,1938.69,3877.38
HITM0015361,HORD004891,PRD0531,1,2895.4,2895.4
HITM0015362,HORD004891,PRD0873,1,665.62,665.62
HITM0015363,HORD004891,PRD0624,1,4122.57,4122.57
HITM0004008,HORD001288,PRD0326,1,828.92,828.92
HITM0004009,HORD001288,PRD0015,2,238.76,477.52
HITM0002114,HORD000684,PRD0713,1,768.21,768.21
HITM0002115,HORD000684,PRD0738,3,357.89,1073.67
HITM0002116,HORD000684,PRD0718,1,287.05,287.05
HITM0013140,HORD004181,PRD0980,1,310.02,310.02
HITM0013141,HORD004181,PRD0316,1,816.98,816.98
HITM0013142,HORD004181,PRD0097,2,2083.5,4167.0
HITM0013143,HORD004181,PRD0388,2,652.95,1305.9
HITM0000927,HORD000300,PRD0500,2,408.62,817.24
HITM0000928,HORD000300,PRD0015,1,238.76,238.76
HITM0013906,HORD004419,PRD0613,1,774.1,774.1
HITM0013907,HORD004419,PRD0673,3,373.06,1119.18
HITM0013483,HORD004291,PRD0129,1,349.4,349.4
HITM0013484,HORD004291,PRD0660,1,137.13,137.13
HITM0005098,HORD001633,PRD0740,3,366.0,1098.0
HITM0005099,HORD001633,PRD0742,1,338.72,338.72
HITM0005100,HORD001633,PRD0688,1,409.87,409.87
HITM0005101,HORD001633,PRD0716,1,300.2,300.2
HITM0005102,HORD001633,PRD0657,1,1084.44,1084.44
HITM0001617,HORD000523,PRD0647,1,2133.15,2133.15
HITM0011795,HORD003754,PRD0263,1,1205.78,1205.78
HITM0011796,HORD003754,PRD0522,1,1754.68,1754.68
HITM0011797,HORD003754,PRD0081,1,3046.5,3046.5
HITM0011798,HORD003754,PRD0285,2,1110.14,2220.28
HITM0011799,HORD003754,PRD0617,2,629.04,1258.08
HITM0004907,HORD001572,PRD0031,1,1902.42,1902.42
HITM0004908,HORD001572,PRD0615,1,159.68,159.68
HITM0004909,HORD001572,PRD0439,1,74.96,74.96
HITM0004910,HORD001572,PRD0260,1,100.02,100.02
HITM0007409,HORD002362,PRD0140,1,224.98,224.98
HITM0007410,HORD002362,PRD0484,1,1342.84,1342.84
HITM0007411,HORD002362,PRD0515,1,987.71,987.71
HITM0007412,HORD002362,PRD0225,1,255.65,255.65
HITM0007413,HORD002362,PRD0525,1,1134.69,1134.69
HITM0012696,HORD004050,PRD0692,1,1859.26,1859.26
HITM0012697,HORD004050,PRD0493,1,417.81,417.81
HITM0012698,HORD004050,PRD0465,2,61.33,122.66
HITM0012699,HORD004050,PRD0525,1,1134.69,1134.69
HITM0001034,HORD000336,PRD0349,2,1342.94,2685.88
HITM0001035,HORD000336,PRD0795,1,841.05,841.05
HITM0001036,HORD000336,PRD0246,1,362.52,362.52
HITM0001037,HORD000336,PRD0432,1,390.19,390.19
HITM0001532,HORD000495,PRD0314,2,1247.26,2494.52
HITM0001533,HORD000495,PRD0525,2,1134.69,2269.38
HITM0001534,HORD000495,PRD0586,1,754.59,754.59
HITM0001535,HORD000495,PRD0606,3,74.13,222.39
HITM0012244,HORD003907,PRD0705,1,1096.7,1096.7
HITM0012245,HORD003907,PRD0146,1,510.27,510.27
HITM0012246,HORD003907,PRD0419,1,100.25,100.25
HITM0012247,HORD003907,PRD0996,1,455.11,455.11
HITM0006093,HORD001948,PRD0083,1,558.55,558.55
HITM0006094,HORD001948,PRD0090,1,99.88,99.88
HITM0006095,HORD001948,PRD0391,1,1640.32,1640.32
HITM0006096,HORD001948,PRD0129,2,349.4,698.8
HITM0005400,HORD001724,PRD0980,1,310.02,310.02
HITM0005401,HORD001724,PRD0236,1,135.01,135.01
HITM0015108,HORD004806,PRD0438,1,767.87,767.87
HITM0015109,HORD004806,PRD0004,2,1300.01,2600.02
HITM0015110,HORD004806,PRD0498,1,201.0,201.0
HITM0000432,HORD000147,PRD0129,2,349.4,698.8
HITM0000433,HORD000147,PRD0882,1,1555.62,1555.62
HITM0000434,HORD000147,PRD0816,1,125.37,125.37
HITM0000435,HORD000147,PRD0213,1,351.6,351.6
HITM0009951,HORD003164,PRD0200,1,148.27,148.27
HITM0009542,HORD003031,PRD0160,1,361.95,361.95
HITM0002447,HORD000790,PRD0785,1,86.54,86.54
HITM0002448,HORD000790,PRD0041,2,2661.08,5322.16
HITM0002449,HORD000790,PRD0742,1,338.72,338.72
HITM0010012,HORD003182,PRD0906,1,303.87,303.87
HITM0010013,HORD003182,PRD0757,1,1540.4,1540.4
HITM0010014,HORD003182,PRD0403,1,1021.92,1021.92
HITM0012048,HORD003842,PRD0786,2,142.49,284.98
HITM0012049,HORD003842,PRD0502,2,1590.33,3180.66
HITM0006636,HORD002120,PRD0600,1,62.84,62.84
HITM0006637,HORD002120,PRD0930,1,62.22,62.22
HITM0006638,HORD002120,PRD0585,1,855.14,855.14
HITM0006639,HORD002120,PRD0145,1,672.85,672.85
HITM0002034,HORD000657,PRD0090,1,99.88,99.88
HITM0002035,HORD000657,PRD0329,1,1326.77,1326.77
HITM0010437,HORD003318,PRD0998,2,178.25,356.5
HITM0010438,HORD003318,PRD0475,1,559.21,559.21
HITM0000476,HORD000160,PRD0072,1,1642.51,1642.51
HITM0000477,HORD000160,PRD0929,1,1112.27,1112.27
HITM0000478,HORD000160,PRD0128,1,155.79,155.79
HITM0000479,HORD000160,PRD0213,2,351.6,703.2
HITM0009883,HORD003141,PRD0298,1,275.37,275.37
HITM0009884,HORD003141,PRD0890,1,309.69,309.69
HITM0009885,HORD003141,PRD0631,1,1231.25,1231.25
HITM0009886,HORD003141,PRD0640,1,215.9,215.9
HITM0005173,HORD001654,PRD0697,1,590.16,590.16
HITM0005174,HORD001654,PRD0508,2,513.6,1027.2
HITM0005175,HORD001654,PRD0798,1,999.78,999.78
HITM0005176,HORD001654,PRD0398,1,809.04,809.04
HITM0005177,HORD001654,PRD0728,2,504.43,1008.86
HITM0004864,HORD001558,PRD0124,1,1400.78,1400.78
HITM0004865,HORD001558,PRD0090,1,99.88,99.88
HITM0004866,HORD001558,PRD0447,1,1044.91,1044.91
HITM0004867,HORD001558,PRD0465,1,61.33,61.33
HITM0010804,HORD003440,PRD0450,1,212.69,212.69
HITM0012960,HORD004128,PRD0566,1,150.7,150.7
HITM0012961,HORD004128,PRD0318,1,115.57,115.57
HITM0014426,HORD004591,PRD0687,1,200.01,200.01
HITM0014427,HORD004591,PRD0579,1,1322.97,1322.97
HITM0014428,HORD004591,PRD0602,2,1186.95,2373.9
HITM0014429,HORD004591,PRD0935,1,1070.56,1070.56
HITM0001637,HORD000529,PRD0645,1,262.13,262.13
HITM0001638,HORD000529,PRD0080,1,60.33,60.33
HITM0001639,HORD000529,PRD0116,1,295.88,295.88
HITM0002261,HORD000730,PRD0839,2,835.25,1670.5
HITM0002262,HORD000730,PRD0524,1,2636.76,2636.76
HITM0011388,HORD003627,PRD0769,1,982.55,982.55
HITM0011389,HORD003627,PRD0720,1,216.18,216.18
HITM0011390,HORD003627,PRD0845,2,323.81,647.62
HITM0004580,HORD001468,PRD0877,1,507.09,507.09
HITM0004581,HORD001468,PRD0067,1,374.02,374.02
HITM0004582,HORD001468,PRD0965,3,536.69,1610.07
HITM0006425,HORD002055,PRD0849,1,216.96,216.96
HITM0006426,HORD002055,PRD0456,1,690.03,690.03
HITM0006427,HORD002055,PRD0058,1,243.69,243.69
HITM0006428,HORD002055,PRD0740,1,366.0,366.0
HITM0002739,HORD000882,PRD0256,2,694.57,1389.14
HITM0002740,HORD000882,PRD0906,1,303.87,303.87
HITM0003448,HORD001112,PRD0321,1,1131.25,1131.25
HITM0003449,HORD001112,PRD0948,1,581.24,581.24
HITM0011273,HORD003591,PRD0521,1,1257.03,1257.03
HITM0011274,HORD003591,PRD0443,1,681.97,681.97
HITM0015058,HORD004790,PRD0470,1,91.58,91.58
HITM0015059,HORD004790,PRD0060,2,170.83,341.66
HITM0009966,HORD003169,PRD0052,2,1015.78,2031.56
HITM0009967,HORD003169,PRD0073,1,900.89,900.89
HITM0009968,HORD003169,PRD0780,1,297.57,297.57
HITM0009969,HORD003169,PRD0825,1,363.11,363.11
HITM0010638,HORD003386,PRD0868,1,1088.06,1088.06
HITM0010639,HORD003386,PRD0525,1,1134.69,1134.69
HITM0010640,HORD003386,PRD0105,1,325.21,325.21
HITM0010641,HORD003386,PRD0436,1,180.16,180.16
HITM0010642,HORD003386,PRD0730,1,418.77,418.77
HITM0001644,HORD000531,PRD0562,1,670.44,670.44
HITM0001645,HORD000531,PRD0650,1,129.9,129.9
HITM0009103,HORD002889,PRD0402,3,400.07,1200.21
HITM0000340,HORD000115,PRD0815,2,261.87,523.74
HITM0000341,HORD000115,PRD0523,1,911.73,911.73
HITM0000342,HORD000115,PRD0712,2,331.7,663.4
HITM0001051,HORD000341,PRD0540,3,16.38,49.14
HITM0001052,HORD000341,PRD0103,1,421.42,421.42
HITM0001053,HORD000341,PRD0902,1,307.82,307.82
HITM0001054,HORD000341,PRD0011,1,1900.95,1900.95
HITM0009227,HORD002932,PRD0859,1,1242.69,1242.69
HITM0009228,HORD002932,PRD0727,1,842.09,842.09
HITM0009229,HORD002932,PRD0509,1,246.73,246.73
HITM0014442,HORD004596,PRD0209,1,164.63,164.63
HITM0005281,HORD001687,PRD0732,2,729.81,1459.62
HITM0005282,HORD001687,PRD0876,1,228.97,228.97
HITM0005283,HORD001687,PRD0766,1,655.3,655.3
HITM0006675,HORD002132,PRD0266,1,189.02,189.02
HITM0006676,HORD002132,PRD0557,1,114.56,114.56
HITM0006677,HORD002132,PRD0785,1,86.54,86.54
HITM0006678,HORD002132,PRD0312,1,523.23,523.23
HITM0007263,HORD002314,PRD0178,1,131.81,131.81
HITM0007264,HORD002314,PRD0760,1,36.27,36.27
HITM0007265,HORD002314,PRD0690,1,115.07,115.07
HITM0007266,HORD002314,PRD0162,1,318.31,318.31
HITM0005559,HORD001780,PRD0105,1,325.21,325.21
HITM0005560,HORD001780,PRD0760,1,36.27,36.27
HITM0005561,HORD001780,PRD0499,1,1328.97,1328.97
HITM0004911,HORD001573,PRD0293,1,1383.27,1383.27
HITM0004912,HORD001573,PRD0423,1,684.99,684.99
HITM0004913,HORD001573,PRD0228,1,419.86,419.86
HITM0004914,HORD001573,PRD0392,2,827.61,1655.22
HITM0001089,HORD000353,PRD0645,1,262.13,262.13
HITM0001090,HORD000353,PRD0253,1,1391.34,1391.34
HITM0014410,HORD004586,PRD0521,1,1257.03,1257.03
HITM0014411,HORD004586,PRD1000,1,192.28,192.28
HITM0011481,HORD003657,PRD0985,2,1164.32,2328.64
HITM0011482,HORD003657,PRD0529,1,952.92,952.92
HITM0011483,HORD003657,PRD0951,2,2323.13,4646.26
HITM0011484,HORD003657,PRD0302,1,1259.27,1259.27
HITM0007348,HORD002343,PRD0330,1,265.81,265.81
HITM0007349,HORD002343,PRD0049,1,740.34,740.34
HITM0007350,HORD002343,PRD0726,1,357.63,357.63
HITM0007351,HORD002343,PRD0376,1,810.62,810.62
HITM0014341,HORD004562,PRD0740,1,366.0,366.0
HITM0014342,HORD004562,PRD0608,2,918.08,1836.16
HITM0014343,HORD004562,PRD0088,1,466.29,466.29
HITM0014344,HORD004562,PRD0956,2,584.64,1169.28
HITM0009308,HORD002955,PRD0587,1,2586.72,2586.72
HITM0009309,HORD002955,PRD0059,2,602.47,1204.94
HITM0011756,HORD003742,PRD0238,1,866.49,866.49
HITM0011757,HORD003742,PRD0877,1,507.09,507.09
HITM0011758,HORD003742,PRD0855,1,552.31,552.31
HITM0005571,HORD001784,PRD0933,2,1071.81,2143.62
HITM0005572,HORD001784,PRD0853,1,1117.98,1117.98
HITM0005573,HORD001784,PRD0491,2,2132.04,4264.08
HITM0009341,HORD002966,PRD0377,1,726.19,726.19
HITM0009342,HORD002966,PRD0206,1,433.31,433.31
HITM0009343,HORD002966,PRD0269,2,1258.42,2516.84
HITM0001452,HORD000468,PRD0416,1,749.76,749.76
HITM0001453,HORD000468,PRD0914,1,3258.34,3258.34
HITM0001454,HORD000468,PRD0392,3,827.61,2482.83
HITM0012222,HORD003901,PRD0448,1,1025.21,1025.21
HITM0012223,HORD003901,PRD0567,1,179.96,179.96
HITM0012224,HORD003901,PRD0424,2,937.77,1875.54
HITM0009970,HORD003170,PRD0657,1,1084.44,1084.44
HITM0009971,HORD003170,PRD0325,2,161.7,323.4
HITM0009972,HORD003170,PRD0797,1,1449.58,1449.58
HITM0006340,HORD002026,PRD0709,1,320.78,320.78
HITM0006341,HORD002026,PRD0807,1,1660.47,1660.47
HITM0007267,HORD002315,PRD0603,2,557.9,1115.8
HITM0007268,HORD002315,PRD0436,1,180.16,180.16
HITM0007269,HORD002315,PRD0983,1,1360.95,1360.95
HITM0000114,HORD000039,PRD0315,1,74.41,74.41
HITM0000115,HORD000039,PRD0505,1,350.13,350.13
HITM0000116,HORD000039,PRD0634,1,1093.47,1093.47
HITM0006669,HORD002130,PRD0400,1,249.11,249.11
HITM0006670,HORD002130,PRD0274,1,1538.07,1538.07
HITM0006671,HORD002130,PRD0695,1,663.83,663.83
HITM0008227,HORD002615,PRD0224,1,460.12,460.12
HITM0008228,HORD002615,PRD0623,1,442.62,442.62
HITM0008229,HORD002615,PRD0075,1,155.15,155.15
HITM0008230,HORD002615,PRD0535,1,536.13,536.13
HITM0008231,HORD002615,PRD0512,1,853.36,853.36
HITM0014751,HORD004692,PRD0188,1,370.0,370.0
HITM0014752,HORD004692,PRD0809,2,699.91,1399.82
HITM0014753,HORD004692,PRD0770,1,116.43,116.43
HITM0011559,HORD003681,PRD0710,2,193.26,386.52
HITM0011560,HORD003681,PRD0029,1,1303.04,1303.04
HITM0011561,HORD003681,PRD0020,1,47.5,47.5
HITM0011562,HORD003681,PRD0050,1,191.67,191.67
HITM0002007,HORD000650,PRD0999,2,626.07,1252.14
HITM0002008,HORD000650,PRD0063,1,1165.11,1165.11
HITM0002009,HORD000650,PRD0398,1,809.04,809.04
HITM0002010,HORD000650,PRD0496,1,619.97,619.97
HITM0002011,HORD000650,PRD0376,1,810.62,810.62
HITM0014881,HORD004735,PRD0933,2,1071.81,2143.62
HITM0014882,HORD004735,PRD0320,1,154.64,154.64
HITM0014883,HORD004735,PRD0447,1,1044.91,1044.91
HITM0014884,HORD004735,PRD0847,2,1533.33,3066.66
HITM0014885,HORD004735,PRD0318,1,115.57,115.57
HITM0006712,HORD002143,PRD0260,2,100.02,200.04
HITM0006713,HORD002143,PRD0798,1,999.78,999.78
HITM0006714,HORD002143,PRD0625,1,840.9,840.9
HITM0006715,HORD002143,PRD0858,2,179.07,358.14
HITM0007507,HORD002392,PRD0116,1,295.88,295.88
HITM0007508,HORD002392,PRD0877,1,507.09,507.09
HITM0007509,HORD002392,PRD0311,2,3180.87,6361.74
HITM0004248,HORD001364,PRD0641,1,2509.9,2509.9
HITM0004249,HORD001364,PRD0742,1,338.72,338.72
HITM0004250,HORD001364,PRD0318,2,115.57,231.14
HITM0004251,HORD001364,PRD0255,1,699.0,699.0
HITM0013978,HORD004444,PRD0854,1,2878.03,2878.03
HITM0013979,HORD004444,PRD0922,1,1800.32,1800.32
HITM0013980,HORD004444,PRD0638,2,331.17,662.34
HITM0000728,HORD000236,PRD0145,1,672.85,672.85
HITM0000729,HORD000236,PRD0375,1,495.35,495.35
HITM0000730,HORD000236,PRD0027,1,431.75,431.75
HITM0000731,HORD000236,PRD0123,1,1499.49,1499.49
HITM0000732,HORD000236,PRD0146,1,510.27,510.27
HITM0008553,HORD002719,PRD0460,1,19.84,19.84
HITM0008554,HORD002719,PRD0041,3,2661.08,7983.24
HITM0008555,HORD002719,PRD0439,2,74.96,149.92
HITM0008556,HORD002719,PRD0479,1,1360.38,1360.38
HITM0014135,HORD004496,PRD0710,2,193.26,386.52
HITM0014136,HORD004496,PRD0098,1,560.95,560.95
HITM0002573,HORD000832,PRD0483,2,436.08,872.16
HITM0002574,HORD000832,PRD0496,1,619.97,619.97
HITM0000600,HORD000196,PRD0695,1,663.83,663.83
HITM0000601,HORD000196,PRD0891,1,2117.27,2117.27
HITM0012191,HORD003891,PRD0155,2,171.72,343.44
HITM0012192,HORD003891,PRD0486,1,706.44,706.44
HITM0012193,HORD003891,PRD0266,1,189.02,189.02
HITM0012194,HORD003891,PRD0036,2,355.76,711.52
HITM0008256,HORD002623,PRD0623,3,442.62,1327.86
HITM0008257,HORD002623,PRD0108,1,323.48,323.48
HITM0008258,HORD002623,PRD0960,1,322.58,322.58
HITM0008259,HORD002623,PRD0314,1,1247.26,1247.26
HITM0004889,HORD001567,PRD0469,1,552.84,552.84
HITM0004890,HORD001567,PRD0256,1,694.57,694.57
HITM0004891,HORD001567,PRD0007,1,1605.29,1605.29
HITM0004892,HORD001567,PRD0890,1,309.69,309.69
HITM0012296,HORD003928,PRD0436,1,180.16,180.16
HITM0012297,HORD003928,PRD0499,1,1328.97,1328.97
HITM0012298,HORD003928,PRD0256,1,694.57,694.57
HITM0015259,HORD004855,PRD0858,1,179.07,179.07
HITM0015260,HORD004855,PRD0127,3,599.05,1797.15
HITM0005743,HORD001838,PRD0396,1,385.11,385.11
HITM0006247,HORD001997,PRD0933,1,1071.81,1071.81
HITM0006248,HORD001997,PRD0184,1,607.47,607.47
HITM0006249,HORD001997,PRD0167,1,2512.16,2512.16
HITM0013670,HORD004351,PRD0152,2,528.88,1057.76
HITM0013671,HORD004351,PRD0977,1,1354.63,1354.63
HITM0006872,HORD002193,PRD0855,1,552.31,552.31
HITM0006873,HORD002193,PRD0739,1,1069.28,1069.28
HITM0003319,HORD001070,PRD0356,1,365.08,365.08
HITM0003320,HORD001070,PRD0590,2,54.96,109.92
HITM0009782,HORD003110,PRD0690,1,115.07,115.07
HITM0009783,HORD003110,PRD0184,1,607.47,607.47
HITM0009784,HORD003110,PRD0410,1,401.28,401.28
HITM0009785,HORD003110,PRD0359,1,196.54,196.54
HITM0009381,HORD002978,PRD0770,1,116.43,116.43
HITM0009382,HORD002978,PRD0879,1,287.13,287.13
HITM0009383,HORD002978,PRD0661,1,1196.27,1196.27
HITM0009384,HORD002978,PRD0451,2,2985.26,5970.52
HITM0013008,HORD004143,PRD0118,1,148.01,148.01
HITM0013009,HORD004143,PRD0798,1,999.78,999.78
HITM0013010,HORD004143,PRD0959,3,1028.98,3086.94
HITM0013011,HORD004143,PRD0505,1,350.13,350.13
HITM0000193,HORD000066,PRD0140,2,224.98,449.96
HITM0000194,HORD000066,PRD0650,1,129.9,129.9
HITM0002441,HORD000788,PRD0359,1,196.54,196.54
HITM0002442,HORD000788,PRD0118,1,148.01,148.01
HITM0002443,HORD000788,PRD0641,1,2509.9,2509.9
HITM0002444,HORD000788,PRD0915,1,1134.28,1134.28
HITM0013249,HORD004214,PRD0530,1,14.38,14.38
HITM0013250,HORD004214,PRD0305,2,387.39,774.78
HITM0006361,HORD002033,PRD0472,2,1677.61,3355.22
HITM0006362,HORD002033,PRD0276,1,337.93,337.93
HITM0006363,HORD002033,PRD0499,1,1328.97,1328.97
HITM0012252,HORD003910,PRD0684,1,1730.11,1730.11
HITM0012253,HORD003910,PRD0047,1,64.28,64.28
HITM0012674,HORD004044,PRD0320,1,154.64,154.64
HITM0012675,HORD004044,PRD0115,2,855.33,1710.66
HITM0012676,HORD004044,PRD0935,3,1070.56,3211.68
HITM0012677,HORD004044,PRD0070,1,257.34,257.34
HITM0007090,HORD002263,PRD0590,1,54.96,54.96
HITM0007091,HORD002263,PRD0550,1,112.99,112.99
HITM0007092,HORD002263,PRD0982,1,885.27,885.27
HITM0004324,HORD001389,PRD0557,1,114.56,114.56
HITM0004325,HORD001389,PRD0389,1,562.64,562.64
HITM0000881,HORD000285,PRD0860,1,113.03,113.03
HITM0000882,HORD000285,PRD0533,2,789.09,1578.18
HITM0000883,HORD000285,PRD0209,2,164.63,329.26
HITM0003893,HORD001256,PRD0281,1,2324.84,2324.84
HITM0003894,HORD001256,PRD0067,1,374.02,374.02
HITM0003895,HORD001256,PRD0543,1,336.97,336.97
HITM0003896,HORD001256,PRD0400,1,249.11,249.11
HITM0003897,HORD001256,PRD0356,1,365.08,365.08
HITM0008116,HORD002581,PRD0523,1,911.73,911.73
HITM0008117,HORD002581,PRD0743,1,651.04,651.04
HITM0014378,HORD004576,PRD0619,1,1486.76,1486.76
HITM0014379,HORD004576,PRD0931,1,1200.5,1200.5
HITM0014380,HORD004576,PRD0929,1,1112.27,1112.27
HITM0010313,HORD003279,PRD0361,1,2730.19,2730.19
HITM0010757,HORD003425,PRD0733,1,1448.13,1448.13
HITM0000903,HORD000293,PRD0178,1,131.81,131.81
HITM0000904,HORD000293,PRD0345,1,1050.02,1050.02
HITM0000905,HORD000293,PRD0470,1,91.58,91.58
HITM0000906,HORD000293,PRD0641,1,2509.9,2509.9
HITM0010393,HORD003304,PRD0341,1,1098.33,1098.33
HITM0010394,HORD003304,PRD0950,1,108.8,108.8
HITM0010395,HORD003304,PRD0555,1,159.32,159.32
HITM0012436,HORD003972,PRD0110,1,113.31,113.31
HITM0012437,HORD003972,PRD0620,1,133.24,133.24
HITM0012438,HORD003972,PRD0189,2,1162.73,2325.46
HITM0012439,HORD003972,PRD0069,1,402.1,402.1
HITM0012440,HORD003972,PRD0418,1,584.01,584.01
HITM0003658,HORD001179,PRD0607,1,113.06,113.06
HITM0003659,HORD001179,PRD0510,1,267.14,267.14
HITM0003660,HORD001179,PRD0121,1,3142.89,3142.89
HITM0004542,HORD001456,PRD0141,1,995.53,995.53
HITM0004543,HORD001456,PRD0534,1,781.55,781.55
HITM0004544,HORD001456,PRD0783,1,478.3,478.3
HITM0004545,HORD001456,PRD0690,1,115.07,115.07
HITM0004546,HORD001456,PRD0090,2,99.88,199.76
HITM0005710,HORD001827,PRD0726,2,357.63,715.26
HITM0005711,HORD001827,PRD0992,1,1431.3,1431.3
HITM0005712,HORD001827,PRD0691,1,2417.17,2417.17
HITM0005713,HORD001827,PRD0580,1,109.85,109.85
HITM0005714,HORD001827,PRD0137,1,1155.19,1155.19
HITM0001783,HORD000580,PRD0128,2,155.79,311.58
HITM0001784,HORD000580,PRD0093,3,1330.98,3992.94
HITM0001785,HORD000580,PRD0331,1,1570.55,1570.55
HITM0001786,HORD000580,PRD0110,1,113.31,113.31
HITM0013243,HORD004212,PRD0118,1,148.01,148.01
HITM0013244,HORD004212,PRD0901,2,2926.07,5852.14
HITM0013245,HORD004212,PRD0154,1,1129.84,1129.84
HITM0013246,HORD004212,PRD0607,1,113.06,113.06
HITM0005452,HORD001742,PRD0966,1,819.73,819.73
HITM0005453,HORD001742,PRD0027,1,431.75,431.75
HITM0005454,HORD001742,PRD0255,1,699.0,699.0
HITM0005455,HORD001742,PRD0185,1,1138.66,1138.66
HITM0005124,HORD001640,PRD0687,2,200.01,400.02
HITM0006490,HORD002075,PRD0345,1,1050.02,1050.02
HITM0006491,HORD002075,PRD0392,2,827.61,1655.22
HITM0006492,HORD002075,PRD0299,1,1391.83,1391.83
HITM0007862,HORD002500,PRD0569,2,870.85,1741.7
HITM0007863,HORD002500,PRD0476,2,787.22,1574.44
HITM0000176,HORD000060,PRD0964,1,1776.26,1776.26
HITM0000177,HORD000060,PRD0412,2,1872.56,3745.12
HITM0004446,HORD001425,PRD0062,1,685.19,685.19
HITM0004447,HORD001425,PRD0437,2,2045.28,4090.56
HITM0004448,HORD001425,PRD0206,1,433.31,433.31
HITM0004449,HORD001425,PRD0108,1,323.48,323.48
HITM0012468,HORD003980,PRD0153,2,638.8,1277.6
HITM0012469,HORD003980,PRD0888,1,828.95,828.95
HITM0012470,HORD003980,PRD0850,1,101.36,101.36
HITM0006215,HORD001987,PRD0772,1,306.42,306.42
HITM0006216,HORD001987,PRD0586,1,754.59,754.59
HITM0006217,HORD001987,PRD0334,1,1182.39,1182.39
HITM0013430,HORD004271,PRD0489,1,1103.05,1103.05
HITM0013431,HORD004271,PRD0158,1,751.25,751.25
HITM0014152,HORD004503,PRD0227,1,853.87,853.87
HITM0014153,HORD004503,PRD0048,1,165.15,165.15
HITM0006368,HORD002035,PRD0293,2,1383.27,2766.54
HITM0006369,HORD002035,PRD0597,1,2470.13,2470.13
HITM0011312,HORD003604,PRD0618,1,578.42,578.42
HITM0011313,HORD003604,PRD0735,2,952.04,1904.08
HITM0014926,HORD004748,PRD0249,1,871.19,871.19
HITM0014927,HORD004748,PRD0995,1,69.16,69.16
HITM0014928,HORD004748,PRD0996,2,455.11,910.22
HITM0012656,HORD004039,PRD0933,1,1071.81,1071.81
HITM0012657,HORD004039,PRD0600,1,62.84,62.84
HITM0012658,HORD004039,PRD0202,2,1891.9,3783.8
HITM0012659,HORD004039,PRD0209,3,164.63,493.89
HITM0012660,HORD004039,PRD0207,2,2341.74,4683.48
HITM0003882,HORD001252,PRD0188,2,370.0,740.0
HITM0003883,HORD001252,PRD0593,1,356.64,356.64
HITM0003884,HORD001252,PRD0195,2,715.6,1431.2
HITM0003885,HORD001252,PRD0633,1,804.04,804.04
HITM0012554,HORD004006,PRD0590,1,54.96,54.96
HITM0012555,HORD004006,PRD0929,1,1112.27,1112.27
HITM0012556,HORD004006,PRD0897,1,1058.2,1058.2
HITM0012557,HORD004006,PRD0373,1,1277.27,1277.27
HITM0015075,HORD004796,PRD0737,1,420.63,420.63
HITM0015076,HORD004796,PRD0738,2,357.89,715.78
HITM0008193,HORD002605,PRD0695,1,663.83,663.83
HITM0008194,HORD002605,PRD0677,1,1049.55,1049.55
HITM0008195,HORD002605,PRD0267,1,2404.5,2404.5
HITM0005704,HORD001825,PRD0717,1,1445.8,1445.8
HITM0005705,HORD001825,PRD0047,1,64.28,64.28
HITM0005706,HORD001825,PRD0224,1,460.12,460.12
HITM0007158,HORD002282,PRD0873,2,665.62,1331.24
HITM0007159,HORD002282,PRD0030,1,405.09,405.09
HITM0007160,HORD002282,PRD0806,1,210.08,210.08
HITM0000170,HORD000058,PRD0865,2,851.18,1702.36
HITM0000171,HORD000058,PRD0437,2,2045.28,4090.56
HITM0000172,HORD000058,PRD0567,1,179.96,179.96
HITM0000173,HORD000058,PRD0560,1,176.65,176.65
HITM0006528,HORD002086,PRD0260,1,100.02,100.02
HITM0006529,HORD002086,PRD0280,1,105.66,105.66
HITM0006530,HORD002086,PRD0708,1,1076.81,1076.81
HITM0005576,HORD001786,PRD0256,1,694.57,694.57
HITM0005577,HORD001786,PRD0466,1,362.96,362.96
HITM0005578,HORD001786,PRD0696,1,223.84,223.84
HITM0005094,HORD001632,PRD0426,2,690.03,1380.06
HITM0005095,HORD001632,PRD0651,1,1043.5,1043.5
HITM0005096,HORD001632,PRD0356,1,365.08,365.08
HITM0005097,HORD001632,PRD0183,3,1008.76,3026.28
HITM0012428,HORD003970,PRD0163,1,1426.46,1426.46
HITM0012429,HORD003970,PRD0718,2,287.05,574.1
HITM0012430,HORD003970,PRD0493,3,417.81,1253.43
HITM0014975,HORD004763,PRD0506,1,551.69,551.69
HITM0014976,HORD004763,PRD0723,1,1076.87,1076.87
HITM0014977,HORD004763,PRD0676,1,45.2,45.2
HITM0014978,HORD004763,PRD0567,3,179.96,539.88
HITM0014979,HORD004763,PRD0793,1,454.0,454.0
HITM0004763,HORD001529,PRD0940,2,51.08,102.16
HITM0004764,HORD001529,PRD0286,2,725.81,1451.62
HITM0004765,HORD001529,PRD0136,3,249.62,748.86
HITM0004766,HORD001529,PRD0768,1,435.51,435.51
HITM0010643,HORD003387,PRD0729,2,496.66,993.32
HITM0002587,HORD000837,PRD0300,1,158.44,158.44
HITM0002588,HORD000837,PRD0139,1,877.46,877.46
HITM0002589,HORD000837,PRD0257,1,637.63,637.63
HITM0006679,HORD002133,PRD0183,2,1008.76,2017.52
HITM0006680,HORD002133,PRD0237,1,1587.04,1587.04
HITM0006681,HORD002133,PRD0249,3,871.19,2613.57
HITM0006682,HORD002133,PRD0496,1,619.97,619.97
HITM0003215,HORD001032,PRD0139,1,877.46,877.46
HITM0003216,HORD001032,PRD0810,1,336.77,336.77
HITM0003217,HORD001032,PRD0290,1,154.65,154.65
HITM0011434,HORD003641,PRD0410,1,401.28,401.28
HITM0011435,HORD003641,PRD0088,1,466.29,466.29
HITM0014486,HORD004609,PRD0596,1,596.4,596.4
HITM0014487,HORD004609,PRD0973,1,703.36,703.36
HITM0014488,HORD004609,PRD0288,1,920.06,920.06
HITM0007873,HORD002503,PRD0844,1,3468.14,3468.14
HITM0007874,HORD002503,PRD0457,1,514.55,514.55
HITM0007875,HORD002503,PRD0695,1,663.83,663.83
HITM0004736,HORD001520,PRD0080,1,60.33,60.33
HITM0004737,HORD001520,PRD0808,1,601.58,601.58
HITM0004738,HORD001520,PRD0188,1,370.0,370.0
HITM0004739,HORD001520,PRD0239,1,271.25,271.25
HITM0004740,HORD001520,PRD0257,1,637.63,637.63
HITM0009010,HORD002862,PRD0099,1,1406.39,1406.39
HITM0009011,HORD002862,PRD0133,2,1145.34,2290.68
HITM0009012,HORD002862,PRD0687,1,200.01,200.01
HITM0009013,HORD002862,PRD0978,2,452.17,904.34
HITM0009014,HORD002862,PRD0405,1,842.76,842.76
HITM0010332,HORD003285,PRD0607,1,113.06,113.06
HITM0015347,HORD004885,PRD0363,1,924.17,924.17
HITM0000710,HORD000231,PRD0889,1,478.58,478.58
HITM0000711,HORD000231,PRD0948,1,581.24,581.24
HITM0000712,HORD000231,PRD0599,1,1497.17,1497.17
HITM0001998,HORD000648,PRD0862,2,717.42,1434.84
HITM0001999,HORD000648,PRD0258,1,133.79,133.79
HITM0002000,HORD000648,PRD0785,3,86.54,259.62
HITM0002001,HORD000648,PRD0343,2,634.07,1268.14
HITM0013427,HORD004270,PRD0712,1,331.7,331.7
HITM0013428,HORD004270,PRD0639,1,1085.06,1085.06
HITM0013429,HORD004270,PRD0541,1,1257.3,1257.3
HITM0000700,HORD000228,PRD0858,1,179.07,179.07
HITM0000701,HORD000228,PRD0064,2,3541.77,7083.54
HITM0000702,HORD000228,PRD0124,1,1400.78,1400.78
HITM0012621,HORD004025,PRD0465,2,61.33,122.66
HITM0012622,HORD004025,PRD0842,1,1758.47,1758.47
HITM0001856,HORD000605,PRD0139,1,877.46,877.46
HITM0001857,HORD000605,PRD0217,1,441.18,441.18
HITM0001858,HORD000605,PRD0747,1,1353.66,1353.66
HITM0015615,HORD004975,PRD0429,1,251.33,251.33
HITM0015616,HORD004975,PRD0214,1,753.54,753.54
HITM0015617,HORD004975,PRD0968,1,1098.76,1098.76
HITM0010039,HORD003190,PRD0048,1,165.15,165.15
HITM0010040,HORD003190,PRD0878,1,1044.76,1044.76
HITM0005010,HORD001604,PRD0690,1,115.07,115.07
HITM0005011,HORD001604,PRD0357,2,902.95,1805.9
HITM0007665,HORD002440,PRD0057,3,1785.63,5356.89
HITM0007666,HORD002440,PRD0337,1,842.79,842.79
HITM0007667,HORD002440,PRD0364,1,4084.62,4084.62
HITM0002617,HORD000846,PRD0960,1,322.58,322.58
HITM0002618,HORD000846,PRD0975,1,87.41,87.41
HITM0012594,HORD004017,PRD0410,1,401.28,401.28
HITM0012595,HORD004017,PRD0869,1,1367.62,1367.62
HITM0012596,HORD004017,PRD0490,1,289.49,289.49
HITM0012597,HORD004017,PRD0567,1,179.96,179.96
HITM0008151,HORD002593,PRD0220,1,201.85,201.85
HITM0008152,HORD002593,PRD0681,1,1086.83,1086.83
HITM0008153,HORD002593,PRD0990,1,114.18,114.18
HITM0008154,HORD002593,PRD0819,1,191.18,191.18
HITM0015536,HORD004948,PRD0920,1,53.18,53.18
HITM0012250,HORD003909,PRD0781,2,1039.29,2078.58
HITM0012251,HORD003909,PRD0790,1,356.37,356.37
HITM0004760,HORD001528,PRD0098,1,560.95,560.95
HITM0004761,HORD001528,PRD0925,1,557.83,557.83
HITM0004762,HORD001528,PRD0768,1,435.51,435.51
HITM0007367,HORD002349,PRD0175,2,1014.37,2028.74
HITM0007368,HORD002349,PRD0876,1,228.97,228.97
HITM0007369,HORD002349,PRD0565,1,1021.79,1021.79
HITM0003565,HORD001151,PRD0287,1,1095.91,1095.91
HITM0003566,HORD001151,PRD0207,1,2341.74,2341.74
HITM0003567,HORD001151,PRD0060,1,170.83,170.83
HITM0003568,HORD001151,PRD0009,1,301.36,301.36
HITM0011047,HORD003521,PRD0807,1,1660.47,1660.47
HITM0011048,HORD003521,PRD0191,1,1103.43,1103.43
HITM0011049,HORD003521,PRD0287,1,1095.91,1095.91
HITM0007276,HORD002318,PRD0455,1,191.31,191.31
HITM0007277,HORD002318,PRD0566,1,150.7,150.7
HITM0007278,HORD002318,PRD0244,1,2495.06,2495.06
HITM0007279,HORD002318,PRD0760,1,36.27,36.27
HITM0003332,HORD001074,PRD0821,1,1163.73,1163.73
HITM0003333,HORD001074,PRD0127,2,599.05,1198.1
HITM0003334,HORD001074,PRD0089,2,739.15,1478.3
HITM0013755,HORD004375,PRD0123,1,1499.49,1499.49
HITM0013756,HORD004375,PRD0808,1,601.58,601.58
HITM0013757,HORD004375,PRD0012,2,426.8,853.6
HITM0007430,HORD002369,PRD0402,1,400.07,400.07
HITM0007431,HORD002369,PRD0916,1,256.29,256.29
HITM0007432,HORD002369,PRD0148,1,1047.53,1047.53
HITM0001050,HORD000340,PRD0312,1,523.23,523.23
HITM0002773,HORD000894,PRD0998,1,178.25,178.25
HITM0002774,HORD000894,PRD0568,2,670.01,1340.02
HITM0007017,HORD002241,PRD0322,1,1844.93,1844.93
HITM0007018,HORD002241,PRD0206,1,433.31,433.31
HITM0007019,HORD002241,PRD0071,1,2671.31,2671.31
HITM0007020,HORD002241,PRD0546,1,227.79,227.79
HITM0007021,HORD002241,PRD0520,2,331.38,662.76
HITM0013668,HORD004350,PRD0459,2,1343.7,2687.4
HITM0013669,HORD004350,PRD0607,1,113.06,113.06
HITM0010561,HORD003360,PRD0566,1,150.7,150.7
HITM0006234,HORD001993,PRD0135,1,1040.75,1040.75
HITM0006235,HORD001993,PRD0675,2,927.62,1855.24
HITM0007663,HORD002439,PRD0471,2,2188.61,4377.22
HITM0007664,HORD002439,PRD0155,3,171.72,515.16
HITM0012480,HORD003983,PRD0123,1,1499.49,1499.49
HITM0012481,HORD003983,PRD0267,1,2404.5,2404.5
HITM0012482,HORD003983,PRD0456,1,690.03,690.03
HITM0012483,HORD003983,PRD0552,1,643.85,643.85
HITM0014007,HORD004454,PRD0363,1,924.17,924.17
HITM0014008,HORD004454,PRD0334,1,1182.39,1182.39
HITM0005731,HORD001834,PRD0693,2,748.42,1496.84
HITM0005732,HORD001834,PRD0105,3,325.21,975.63
HITM0005733,HORD001834,PRD0165,1,567.68,567.68
HITM0008637,HORD002745,PRD0277,2,1153.48,2306.96
HITM0008638,HORD002745,PRD0132,2,691.37,1382.74
HITM0008639,HORD002745,PRD0530,2,14.38,28.76
HITM0008640,HORD002745,PRD0192,1,1657.76,1657.76
HITM0003157,HORD001013,PRD0991,1,1841.41,1841.41
HITM0003158,HORD001013,PRD0902,1,307.82,307.82
HITM0003159,HORD001013,PRD0378,1,857.8,857.8
HITM0004683,HORD001502,PRD0132,1,691.37,691.37
HITM0004684,HORD001502,PRD0189,2,1162.73,2325.46
HITM0004685,HORD001502,PRD0311,1,3180.87,3180.87
HITM0004686,HORD001502,PRD0018,1,1099.45,1099.45
HITM0010156,HORD003231,PRD0320,1,154.64,154.64
HITM0010157,HORD003231,PRD0826,2,796.98,1593.96
HITM0010158,HORD003231,PRD0468,1,254.35,254.35
HITM0003103,HORD000994,PRD0127,1,599.05,599.05
HITM0003104,HORD000994,PRD0810,1,336.77,336.77
HITM0003105,HORD000994,PRD0991,1,1841.41,1841.41
HITM0009214,HORD002927,PRD0890,1,309.69,309.69
HITM0009215,HORD002927,PRD0720,2,216.18,432.36
HITM0001224,HORD000395,PRD0922,2,1800.32,3600.64
HITM0001225,HORD000395,PRD0920,1,53.18,53.18
HITM0001226,HORD000395,PRD0954,2,1508.35,3016.7
HITM0001227,HORD000395,PRD0938,1,327.05,327.05
HITM0001228,HORD000395,PRD0958,1,453.1,453.1
HITM0004343,HORD001395,PRD0136,2,249.62,499.24
HITM0001608,HORD000520,PRD0466,1,362.96,362.96
HITM0001609,HORD000520,PRD0156,2,400.24,800.48
HITM0001610,HORD000520,PRD0460,1,19.84,19.84
HITM0001611,HORD000520,PRD0564,1,2199.8,2199.8
HITM0001612,HORD000520,PRD0052,1,1015.78,1015.78
HITM0008132,HORD002588,PRD0949,2,727.16,1454.32
HITM0008133,HORD002588,PRD0875,2,243.6,487.2
HITM0008134,HORD002588,PRD0690,2,115.07,230.14
HITM0004638,HORD001488,PRD0749,1,1278.37,1278.37
HITM0004639,HORD001488,PRD0959,1,1028.98,1028.98
HITM0004640,HORD001488,PRD0268,2,1094.58,2189.16
HITM0009089,HORD002883,PRD0727,1,842.09,842.09
HITM0009090,HORD002883,PRD0298,2,275.37,550.74
HITM0009091,HORD002883,PRD0590,1,54.96,54.96
HITM0012392,HORD003957,PRD0253,1,1391.34,1391.34
HITM0012393,HORD003957,PRD0010,1,23.5,23.5
HITM0012394,HORD003957,PRD0307,1,2209.06,2209.06
HITM0003625,HORD001168,PRD0157,1,591.59,591.59
HITM0003626,HORD001168,PRD0976,1,196.82,196.82
HITM0003627,HORD001168,PRD0090,1,99.88,99.88
HITM0003628,HORD001168,PRD0645,1,262.13,262.13
HITM0006331,HORD002023,PRD0306,1,677.68,677.68
HITM0006332,HORD002023,PRD0687,1,200.01,200.01
HITM0015171,HORD004825,PRD0034,1,780.7,780.7
HITM0006026,HORD001925,PRD0902,1,307.82,307.82
HITM0006027,HORD001925,PRD0059,1,602.47,602.47
HITM0006028,HORD001925,PRD0761,1,2263.02,2263.02
HITM0015034,HORD004782,PRD0583,2,1198.86,2397.72
HITM0015035,HORD004782,PRD0719,1,192.41,192.41
HITM0015036,HORD004782,PRD0566,2,150.7,301.4
HITM0015037,HORD004782,PRD0580,1,109.85,109.85
HITM0007140,HORD002277,PRD0996,1,455.11,455.11
HITM0007141,HORD002277,PRD0466,2,362.96,725.92
HITM0007142,HORD002277,PRD0521,1,1257.03,1257.03
HITM0007143,HORD002277,PRD0536,1,825.29,825.29
HITM0006971,HORD002226,PRD0849,1,216.96,216.96
HITM0006972,HORD002226,PRD0915,1,1134.28,1134.28
HITM0006973,HORD002226,PRD0221,2,2253.19,4506.38
HITM0006974,HORD002226,PRD0011,1,1900.95,1900.95
HITM0005051,HORD001618,PRD0290,1,154.65,154.65
HITM0005052,HORD001618,PRD0477,1,1380.73,1380.73
HITM0005053,HORD001618,PRD0790,1,356.37,356.37
HITM0002987,HORD000959,PRD0351,1,1461.95,1461.95
HITM0002988,HORD000959,PRD0230,1,72.62,72.62
HITM0002989,HORD000959,PRD0047,2,64.28,128.56
HITM0002990,HORD000959,PRD0662,1,483.82,483.82
HITM0009390,HORD002980,PRD0853,1,1117.98,1117.98
HITM0009391,HORD002980,PRD0812,1,1025.12,1025.12
HITM0005202,HORD001664,PRD0690,1,115.07,115.07
HITM0005203,HORD001664,PRD0727,2,842.09,1684.18
HITM0005204,HORD001664,PRD0621,1,3087.07,3087.07
HITM0005205,HORD001664,PRD0864,1,3828.18,3828.18
HITM0005206,HORD001664,PRD0796,1,187.69,187.69
HITM0000855,HORD000277,PRD0858,1,179.07,179.07
HITM0000856,HORD000277,PRD0769,2,982.55,1965.1
HITM0000857,HORD000277,PRD0607,1,113.06,113.06
HITM0000858,HORD000277,PRD0758,2,165.39,330.78
HITM0012981,HORD004134,PRD0446,1,168.08,168.08
HITM0008461,HORD002689,PRD0994,1,1481.14,1481.14
HITM0008462,HORD002689,PRD0754,1,2206.66,2206.66
HITM0008463,HORD002689,PRD0176,1,653.3,653.3
HITM0007345,HORD002342,PRD0984,1,3872.19,3872.19
HITM0007346,HORD002342,PRD0958,2,453.1,906.2
HITM0007347,HORD002342,PRD0795,1,841.05,841.05
HITM0010816,HORD003444,PRD0255,2,699.0,1398.0
HITM0010817,HORD003444,PRD0275,1,687.49,687.49
HITM0002302,HORD000744,PRD0875,1,243.6,243.6
HITM0002303,HORD000744,PRD0118,1,148.01,148.01
HITM0013097,HORD004168,PRD0789,1,416.43,416.43
HITM0013098,HORD004168,PRD0796,3,187.69,563.07
HITM0007719,HORD002456,PRD0575,1,222.44,222.44
HITM0007720,HORD002456,PRD0374,1,772.23,772.23
HITM0007721,HORD002456,PRD0349,2,1342.94,2685.88
HITM0007722,HORD002456,PRD0396,3,385.11,1155.33
HITM0006261,HORD002001,PRD0316,2,816.98,1633.96
HITM0006262,HORD002001,PRD0427,2,241.58,483.16
HITM0006263,HORD002001,PRD0350,1,142.11,142.11
HITM0006264,HORD002001,PRD0413,1,420.29,420.29
HITM0008031,HORD002555,PRD0652,1,1300.01,1300.01
HITM0008032,HORD002555,PRD0248,1,1065.71,1065.71
HITM0008033,HORD002555,PRD0052,1,1015.78,1015.78
HITM0008034,HORD002555,PRD0098,1,560.95,560.95
HITM0007550,HORD002405,PRD0991,1,1841.41,1841.41
HITM0007551,HORD002405,PRD0535,1,536.13,536.13
HITM0007552,HORD002405,PRD0042,2,1480.28,2960.56
HITM0001991,HORD000646,PRD0693,1,748.42,748.42
HITM0001992,HORD000646,PRD0198,1,492.76,492.76
HITM0001993,HORD000646,PRD0608,1,918.08,918.08
HITM0015601,HORD004971,PRD0224,3,460.12,1380.36
HITM0015602,HORD004971,PRD0680,1,228.54,228.54
HITM0015603,HORD004971,PRD0804,1,1211.99,1211.99
HITM0000093,HORD000033,PRD0860,1,113.03,113.03
HITM0000094,HORD000033,PRD0431,1,1892.24,1892.24
HITM0000095,HORD000033,PRD0149,1,119.35,119.35
HITM0000096,HORD000033,PRD0442,1,1758.97,1758.97
HITM0000097,HORD000033,PRD0550,1,112.99,112.99
HITM0004400,HORD001412,PRD0659,1,725.61,725.61
HITM0004401,HORD001412,PRD0674,1,3768.2,3768.2
HITM0004402,HORD001412,PRD0828,1,745.61,745.61
HITM0004403,HORD001412,PRD0865,3,851.18,2553.54
HITM0004404,HORD001412,PRD0793,2,454.0,908.0
HITM0008853,HORD002813,PRD0057,2,1785.63,3571.26
HITM0008854,HORD002813,PRD0058,2,243.69,487.38
HITM0005901,HORD001888,PRD0088,2,466.29,932.58
HITM0005902,HORD001888,PRD0338,1,472.36,472.36
HITM0005903,HORD001888,PRD0377,3,726.19,2178.57
HITM0005904,HORD001888,PRD0716,1,300.2,300.2
HITM0006723,HORD002146,PRD0817,1,2026.78,2026.78
HITM0006724,HORD002146,PRD0312,1,523.23,523.23
HITM0006725,HORD002146,PRD0110,1,113.31,113.31
HITM0006726,HORD002146,PRD0188,1,370.0,370.0
HITM0000321,HORD000108,PRD0150,2,189.45,378.9
HITM0000322,HORD000108,PRD0819,1,191.18,191.18
HITM0000323,HORD000108,PRD0533,1,789.09,789.09
HITM0000324,HORD000108,PRD0348,1,643.07,643.07
HITM0004904,HORD001571,PRD0607,2,113.06,226.12
HITM0004905,HORD001571,PRD0372,1,1308.61,1308.61
HITM0004906,HORD001571,PRD0632,1,372.28,372.28
HITM0005137,HORD001644,PRD0179,2,1481.8,2963.6
HITM0005138,HORD001644,PRD0835,1,705.82,705.82
HITM0005139,HORD001644,PRD0646,1,498.38,498.38
HITM0007979,HORD002535,PRD0880,1,291.86,291.86
HITM0003065,HORD000983,PRD0827,1,1819.32,1819.32
HITM0003066,HORD000983,PRD0698,1,68.9,68.9
HITM0003067,HORD000983,PRD0856,1,508.46,508.46
HITM0003068,HORD000983,PRD0628,2,219.29,438.58
HITM0002471,HORD000802,PRD0995,1,69.16,69.16
HITM0002472,HORD000802,PRD0455,1,191.31,191.31
HITM0002473,HORD000802,PRD0982,1,885.27,885.27
HITM0002474,HORD000802,PRD0808,2,601.58,1203.16
HITM0008832,HORD002806,PRD0840,1,164.29,164.29
HITM0008833,HORD002806,PRD0884,1,3422.46,3422.46
HITM0008834,HORD002806,PRD0903,1,980.26,980.26
HITM0013099,HORD004169,PRD0712,1,331.7,331.7
HITM0013100,HORD004169,PRD0374,1,772.23,772.23
HITM0013101,HORD004169,PRD0038,1,769.34,769.34
HITM0004301,HORD001382,PRD0696,1,223.84,223.84
HITM0004302,HORD001382,PRD0135,1,1040.75,1040.75
HITM0004303,HORD001382,PRD0089,1,739.15,739.15
HITM0002258,HORD000729,PRD0948,1,581.24,581.24
HITM0002259,HORD000729,PRD0180,1,386.36,386.36
HITM0002260,HORD000729,PRD0296,1,440.13,440.13
HITM0011902,HORD003792,PRD0633,1,804.04,804.04
HITM0011903,HORD003792,PRD0312,1,523.23,523.23
HITM0003720,HORD001201,PRD0366,2,547.49,1094.98
HITM0003721,HORD001201,PRD0764,2,1928.47,3856.94
HITM0003722,HORD001201,PRD0521,2,1257.03,2514.06
HITM0000597,HORD000195,PRD0195,1,715.6,715.6
HITM0000598,HORD000195,PRD0919,3,1308.07,3924.21
HITM0000599,HORD000195,PRD0112,2,387.62,775.24
HITM0006595,HORD002107,PRD0929,1,1112.27,1112.27
HITM0006596,HORD002107,PRD0102,1,581.67,581.67
HITM0006597,HORD002107,PRD0940,1,51.08,51.08
HITM0014739,HORD004689,PRD0713,1,768.21,768.21
HITM0014740,HORD004689,PRD0784,1,3893.33,3893.33
HITM0014741,HORD004689,PRD0062,1,685.19,685.19
HITM0014742,HORD004689,PRD0698,1,68.9,68.9
HITM0003622,HORD001167,PRD0446,3,168.08,504.24
HITM0003623,HORD001167,PRD0834,1,2475.8,2475.8
HITM0003624,HORD001167,PRD0015,1,238.76,238.76
HITM0000101,HORD000035,PRD0562,1,670.44,670.44
HITM0000102,HORD000035,PRD0560,2,176.65,353.3
HITM0000103,HORD000035,PRD0065,1,1196.5,1196.5
HITM0000104,HORD000035,PRD0470,1,91.58,91.58
HITM0005130,HORD001642,PRD0226,1,202.49,202.49
HITM0005131,HORD001642,PRD0918,1,781.2,781.2
HITM0003686,HORD001187,PRD0017,1,1979.17,1979.17
HITM0003687,HORD001187,PRD0388,2,652.95,1305.9
HITM0004040,HORD001300,PRD0493,1,417.81,417.81
HITM0004041,HORD001300,PRD0325,1,161.7,161.7
HITM0014679,HORD004668,PRD0846,1,671.93,671.93
HITM0013251,HORD004215,PRD0965,1,536.69,536.69
HITM0013252,HORD004215,PRD0587,1,2586.72,2586.72
HITM0013253,HORD004215,PRD0644,1,2655.53,2655.53
HITM0013254,HORD004215,PRD0152,1,528.88,528.88
HITM0004143,HORD001333,PRD0401,1,1079.31,1079.31
HITM0004144,HORD001333,PRD0175,1,1014.37,1014.37
HITM0004145,HORD001333,PRD0914,1,3258.34,3258.34
HITM0010543,HORD003354,PRD0456,2,690.03,1380.06
HITM0010544,HORD003354,PRD0499,3,1328.97,3986.91
HITM0006101,HORD001951,PRD0950,3,108.8,326.4
HITM0006102,HORD001951,PRD0393,1,310.3,310.3
HITM0006103,HORD001951,PRD0139,1,877.46,877.46
HITM0003220,HORD001034,PRD0299,1,1391.83,1391.83
HITM0003221,HORD001034,PRD0279,2,1450.59,2901.18
HITM0003222,HORD001034,PRD0150,1,189.45,189.45
HITM0012273,HORD003918,PRD0876,2,228.97,457.94
HITM0009812,HORD003118,PRD0659,1,725.61,725.61
HITM0009813,HORD003118,PRD0067,2,374.02,748.04
HITM0009814,HORD003118,PRD0890,1,309.69,309.69
HITM0009815,HORD003118,PRD0509,1,246.73,246.73
HITM0009816,HORD003118,PRD0370,1,206.12,206.12
HITM0006195,HORD001982,PRD0146,1,510.27,510.27
HITM0006196,HORD001982,PRD0378,1,857.8,857.8
HITM0006197,HORD001982,PRD0304,1,4012.3,4012.3
HITM0005251,HORD001679,PRD0336,1,761.65,761.65
HITM0005252,HORD001679,PRD0280,1,105.66,105.66
HITM0005253,HORD001679,PRD0632,1,372.28,372.28
HITM0012183,HORD003888,PRD0412,1,1872.56,1872.56
HITM0012184,HORD003888,PRD0698,1,68.9,68.9
HITM0012185,HORD003888,PRD0175,2,1014.37,2028.74
HITM0013132,HORD004178,PRD0678,1,566.98,566.98
HITM0013133,HORD004178,PRD0213,2,351.6,703.2
HITM0006664,HORD002128,PRD0470,2,91.58,183.16
HITM0006665,HORD002128,PRD0950,1,108.8,108.8
HITM0006666,HORD002128,PRD0302,1,1259.27,1259.27
HITM0006643,HORD002122,PRD0951,1,2323.13,2323.13
HITM0006644,HORD002122,PRD0169,1,1130.0,1130.0
HITM0006645,HORD002122,PRD0327,1,122.19,122.19
HITM0011209,HORD003572,PRD0089,1,739.15,739.15
HITM0011210,HORD003572,PRD0231,1,1774.07,1774.07
HITM0011211,HORD003572,PRD0131,2,1311.04,2622.08
HITM0011212,HORD003572,PRD0840,2,164.29,328.58
HITM0011213,HORD003572,PRD0499,2,1328.97,2657.94
HITM0007971,HORD002533,PRD0206,1,433.31,433.31
HITM0007972,HORD002533,PRD0066,1,291.03,291.03
HITM0007973,HORD002533,PRD0228,1,419.86,419.86
HITM0007974,HORD002533,PRD0562,1,670.44,670.44
HITM0006701,HORD002140,PRD0566,1,150.7,150.7
HITM0006702,HORD002140,PRD0011,1,1900.95,1900.95
HITM0006703,HORD002140,PRD0952,1,1618.02,1618.02
HITM0006611,HORD002111,PRD0819,2,191.18,382.36
HITM0006612,HORD002111,PRD0135,3,1040.75,3122.25
HITM0011455,HORD003648,PRD0408,1,402.17,402.17
HITM0011456,HORD003648,PRD0808,2,601.58,1203.16
HITM0011457,HORD003648,PRD0428,1,1044.38,1044.38
HITM0011458,HORD003648,PRD0639,1,1085.06,1085.06
HITM0011459,HORD003648,PRD0128,1,155.79,155.79
HITM0002157,HORD000696,PRD0535,1,536.13,536.13
HITM0002158,HORD000696,PRD0419,1,100.25,100.25
HITM0002159,HORD000696,PRD0086,1,669.12,669.12
HITM0002160,HORD000696,PRD0137,1,1155.19,1155.19
HITM0002418,HORD000780,PRD0560,1,176.65,176.65
HITM0002419,HORD000780,PRD0470,1,91.58,91.58
HITM0002420,HORD000780,PRD0258,2,133.79,267.58
HITM0002421,HORD000780,PRD0664,1,3499.77,3499.77
HITM0009705,HORD003085,PRD0979,1,1127.85,1127.85
HITM0009706,HORD003085,PRD0894,2,2406.75,4813.5
HITM0009707,HORD003085,PRD0126,2,464.05,928.1
HITM0009708,HORD003085,PRD0080,2,60.33,120.66
HITM0012807,HORD004082,PRD0485,1,283.51,283.51
HITM0012808,HORD004082,PRD0209,2,164.63,329.26
HITM0012809,HORD004082,PRD0484,1,1342.84,1342.84
HITM0012810,HORD004082,PRD0669,1,271.59,271.59
HITM0003957,HORD001273,PRD0718,1,287.05,287.05
HITM0003958,HORD001273,PRD0777,1,2576.34,2576.34
HITM0003959,HORD001273,PRD0348,3,643.07,1929.21
HITM0003960,HORD001273,PRD0135,1,1040.75,1040.75
HITM0008719,HORD002767,PRD0377,1,726.19,726.19
HITM0008720,HORD002767,PRD0050,1,191.67,191.67
HITM0008721,HORD002767,PRD0071,2,2671.31,5342.62
HITM0011387,HORD003626,PRD0325,1,161.7,161.7
HITM0011329,HORD003609,PRD0349,1,1342.94,1342.94
HITM0011330,HORD003609,PRD0772,2,306.42,612.84
HITM0011331,HORD003609,PRD0693,1,748.42,748.42
HITM0011332,HORD003609,PRD0942,1,1694.84,1694.84
HITM0011333,HORD003609,PRD0010,1,23.5,23.5
HITM0013751,HORD004374,PRD0240,1,371.29,371.29
HITM0013752,HORD004374,PRD0535,1,536.13,536.13
HITM0013753,HORD004374,PRD0064,1,3541.77,3541.77
HITM0013754,HORD004374,PRD0269,1,1258.42,1258.42
HITM0014292,HORD004548,PRD0623,2,442.62,885.24
HITM0014293,HORD004548,PRD0009,2,301.36,602.72
HITM0014294,HORD004548,PRD0736,1,508.97,508.97
HITM0002531,HORD000821,PRD0817,1,2026.78,2026.78
HITM0002532,HORD000821,PRD0727,1,842.09,842.09
HITM0002533,HORD000821,PRD0232,1,358.39,358.39
HITM0008214,HORD002612,PRD0168,1,341.32,341.32
HITM0008215,HORD002612,PRD0314,2,1247.26,2494.52
HITM0008216,HORD002612,PRD0997,1,602.38,602.38
HITM0008217,HORD002612,PRD0991,1,1841.41,1841.41
HITM0008218,HORD002612,PRD0187,1,2390.01,2390.01
HITM0001851,HORD000602,PRD0748,1,432.14,432.14
HITM0001852,HORD000602,PRD0280,1,105.66,105.66
HITM0011716,HORD003732,PRD0369,2,429.26,858.52
HITM0011717,HORD003732,PRD0283,1,1338.12,1338.12
HITM0011718,HORD003732,PRD0465,1,61.33,61.33
HITM0011719,HORD003732,PRD0028,1,855.88,855.88
HITM0008997,HORD002858,PRD0999,1,626.07,626.07
HITM0008998,HORD002858,PRD0127,2,599.05,1198.1
HITM0008999,HORD002858,PRD0687,2,200.01,400.02
HITM0009000,HORD002858,PRD0456,2,690.03,1380.06
HITM0014174,HORD004510,PRD0300,2,158.44,316.88
HITM0014175,HORD004510,PRD0401,1,1079.31,1079.31
HITM0014176,HORD004510,PRD0822,1,724.35,724.35
HITM0008535,HORD002713,PRD0092,1,370.43,370.43
HITM0008411,HORD002671,PRD0262,1,1028.17,1028.17
HITM0008412,HORD002671,PRD0647,1,2133.15,2133.15
HITM0001396,HORD000449,PRD0713,1,768.21,768.21
HITM0001397,HORD000449,PRD0497,1,1019.05,1019.05
HITM0001398,HORD000449,PRD0047,1,64.28,64.28
HITM0009826,HORD003122,PRD0390,1,254.28,254.28
HITM0009827,HORD003122,PRD0082,2,1101.3,2202.6
HITM0003828,HORD001235,PRD0366,1,547.49,547.49
HITM0003829,HORD001235,PRD0136,3,249.62,748.86
HITM0004608,HORD001478,PRD0299,1,1391.83,1391.83
HITM0004609,HORD001478,PRD0750,1,400.34,400.34
HITM0004610,HORD001478,PRD0063,1,1165.11,1165.11
HITM0003310,HORD001067,PRD0002,1,455.28,455.28
HITM0003311,HORD001067,PRD0286,1,725.81,725.81
HITM0003312,HORD001067,PRD0539,1,1463.75,1463.75
HITM0012945,HORD004123,PRD0195,1,715.6,715.6
HITM0012946,HORD004123,PRD0670,1,387.96,387.96
HITM0012947,HORD004123,PRD0754,3,2206.66,6619.98
HITM0012948,HORD004123,PRD0184,1,607.47,607.47
HITM0001492,HORD000481,PRD0848,1,289.88,289.88
HITM0001493,HORD000481,PRD0371,1,2628.93,2628.93
HITM0006708,HORD002142,PRD0543,1,336.97,336.97
HITM0006709,HORD002142,PRD0460,1,19.84,19.84
HITM0006710,HORD002142,PRD0714,1,3365.3,3365.3
HITM0006711,HORD002142,PRD0239,1,271.25,271.25
HITM0009071,HORD002877,PRD0758,1,165.39,165.39
HITM0009072,HORD002877,PRD0136,2,249.62,499.24
HITM0009073,HORD002877,PRD0615,2,159.68,319.36
HITM0001602,HORD000517,PRD0286,2,725.81,1451.62
HITM0001603,HORD000517,PRD0553,1,941.32,941.32
HITM0001604,HORD000517,PRD0923,1,1251.17,1251.17
HITM0003000,HORD000963,PRD0370,2,206.12,412.24
HITM0003001,HORD000963,PRD0186,1,480.83,480.83
HITM0003002,HORD000963,PRD0617,1,629.04,629.04
HITM0002422,HORD000781,PRD0080,3,60.33,180.99
HITM0002423,HORD000781,PRD0881,1,2880.61,2880.61
HITM0002424,HORD000781,PRD0446,2,168.08,336.16
HITM0013302,HORD004231,PRD0047,1,64.28,64.28
HITM0013303,HORD004231,PRD0253,1,1391.34,1391.34
HITM0013304,HORD004231,PRD0528,1,478.44,478.44
HITM0013305,HORD004231,PRD0241,1,2817.68,2817.68
HITM0002937,HORD000945,PRD0378,1,857.8,857.8
HITM0002938,HORD000945,PRD0963,1,997.83,997.83
HITM0002939,HORD000945,PRD0474,2,1816.04,3632.08
HITM0002940,HORD000945,PRD0550,1,112.99,112.99
HITM0009511,HORD003021,PRD0115,2,855.33,1710.66
HITM0009512,HORD003021,PRD0027,1,431.75,431.75
HITM0009513,HORD003021,PRD0020,1,47.5,47.5
HITM0011817,HORD003761,PRD0362,1,1208.57,1208.57
HITM0011818,HORD003761,PRD0998,1,178.25,178.25
HITM0011819,HORD003761,PRD0608,1,918.08,918.08
HITM0000015,HORD000006,PRD0017,1,1979.17,1979.17
HITM0000016,HORD000006,PRD0913,1,1306.73,1306.73
HITM0003726,HORD001203,PRD0836,1,70.78,70.78
HITM0003727,HORD001203,PRD0189,1,1162.73,1162.73
HITM0003728,HORD001203,PRD0991,2,1841.41,3682.82
HITM0003729,HORD001203,PRD0260,1,100.02,100.02
HITM0015657,HORD004990,PRD0770,1,116.43,116.43
HITM0015658,HORD004990,PRD0351,1,1461.95,1461.95
HITM0015659,HORD004990,PRD0823,1,1291.29,1291.29
HITM0015660,HORD004990,PRD0424,1,937.77,937.77
HITM0006626,HORD002117,PRD0439,1,74.96,74.96
HITM0006627,HORD002117,PRD0075,1,155.15,155.15
HITM0006628,HORD002117,PRD0401,3,1079.31,3237.93
HITM0006629,HORD002117,PRD0012,1,426.8,426.8
HITM0014295,HORD004549,PRD0862,2,717.42,1434.84
HITM0014296,HORD004549,PRD0997,1,602.38,602.38
HITM0014297,HORD004549,PRD0805,1,1196.95,1196.95
HITM0014298,HORD004549,PRD0103,1,421.42,421.42
HITM0013839,HORD004401,PRD0512,3,853.36,2560.08
HITM0013840,HORD004401,PRD0213,1,351.6,351.6
HITM0013841,HORD004401,PRD0596,3,596.4,1789.2
HITM0000687,HORD000223,PRD0908,1,81.42,81.42
HITM0000688,HORD000223,PRD0606,1,74.13,74.13
HITM0003421,HORD001103,PRD0333,2,454.01,908.02
HITM0003422,HORD001103,PRD0171,1,1970.35,1970.35
HITM0003423,HORD001103,PRD0487,1,322.51,322.51
HITM0003424,HORD001103,PRD0937,1,1780.49,1780.49
HITM0000575,HORD000189,PRD0479,3,1360.38,4081.14
HITM0000576,HORD000189,PRD0511,2,1327.08,2654.16
HITM0000577,HORD000189,PRD0415,1,111.92,111.92
HITM0000578,HORD000189,PRD0808,1,601.58,601.58
HITM0012109,HORD003863,PRD0130,1,348.52,348.52
HITM0012110,HORD003863,PRD0879,1,287.13,287.13
HITM0012111,HORD003863,PRD0297,1,1360.98,1360.98
HITM0001276,HORD000410,PRD0016,2,594.47,1188.94
HITM0001277,HORD000410,PRD0128,1,155.79,155.79
HITM0001278,HORD000410,PRD0736,1,508.97,508.97
HITM0006619,HORD002114,PRD0074,1,3772.69,3772.69
HITM0006620,HORD002114,PRD0135,1,1040.75,1040.75
HITM0004367,HORD001401,PRD0720,1,216.18,216.18
HITM0004368,HORD001401,PRD0796,1,187.69,187.69
HITM0004369,HORD001401,PRD0367,2,1143.76,2287.52
HITM0004370,HORD001401,PRD0179,1,1481.8,1481.8
HITM0009752,HORD003099,PRD0159,1,1281.12,1281.12
HITM0007022,HORD002242,PRD0017,1,1979.17,1979.17
HITM0007023,HORD002242,PRD0101,1,1151.85,1151.85
HITM0008801,HORD002795,PRD0312,1,523.23,523.23
HITM0008802,HORD002795,PRD0601,1,1162.83,1162.83
HITM0008803,HORD002795,PRD0359,1,196.54,196.54
HITM0008702,HORD002763,PRD0668,1,1025.81,1025.81
HITM0008703,HORD002763,PRD0425,1,932.26,932.26
HITM0008704,HORD002763,PRD0175,1,1014.37,1014.37
HITM0008705,HORD002763,PRD0015,1,238.76,238.76
HITM0008706,HORD002763,PRD0846,2,671.93,1343.86
HITM0012831,HORD004089,PRD0251,1,1852.67,1852.67
HITM0012832,HORD004089,PRD0080,1,60.33,60.33
HITM0012833,HORD004089,PRD0783,1,478.3,478.3
HITM0012834,HORD004089,PRD0640,1,215.9,215.9
HITM0012835,HORD004089,PRD0718,1,287.05,287.05
HITM0006265,HORD002002,PRD0830,1,121.26,121.26
HITM0006266,HORD002002,PRD0540,1,16.38,16.38
HITM0006267,HORD002002,PRD0716,1,300.2,300.2
HITM0007952,HORD002526,PRD0263,1,1205.78,1205.78
HITM0007953,HORD002526,PRD0576,1,261.6,261.6
HITM0007954,HORD002526,PRD0498,2,201.0,402.0
HITM0007955,HORD002526,PRD0287,2,1095.91,2191.82
HITM0006742,HORD002152,PRD0375,1,495.35,495.35
HITM0006743,HORD002152,PRD0808,1,601.58,601.58
HITM0006744,HORD002152,PRD0088,1,466.29,466.29
HITM0006745,HORD002152,PRD0056,1,258.5,258.5
HITM0008278,HORD002630,PRD0559,1,531.55,531.55
HITM0008279,HORD002630,PRD0794,1,1445.08,1445.08
HITM0008280,HORD002630,PRD0816,1,125.37,125.37
HITM0008281,HORD002630,PRD0396,1,385.11,385.11
HITM0008282,HORD002630,PRD0773,3,1495.61,4486.83
HITM0014460,HORD004602,PRD0623,1,442.62,442.62
HITM0014461,HORD004602,PRD0435,1,306.84,306.84
HITM0014462,HORD004602,PRD0280,1,105.66,105.66
HITM0014463,HORD004602,PRD0279,1,1450.59,1450.59
HITM0014464,HORD004602,PRD0634,1,1093.47,1093.47
HITM0006686,HORD002135,PRD0523,1,911.73,911.73
HITM0005254,HORD001680,PRD0089,2,739.15,1478.3
HITM0005255,HORD001680,PRD0415,1,111.92,111.92
HITM0005256,HORD001680,PRD0552,1,643.85,643.85
HITM0005257,HORD001680,PRD0166,1,822.52,822.52
HITM0005258,HORD001680,PRD0867,1,111.69,111.69
HITM0010061,HORD003197,PRD0135,1,1040.75,1040.75
HITM0010062,HORD003197,PRD0272,1,1161.16,1161.16
HITM0010063,HORD003197,PRD0273,2,469.96,939.92
HITM0010064,HORD003197,PRD0020,2,47.5,95.0
HITM0012998,HORD004140,PRD0917,1,624.31,624.31
HITM0012999,HORD004140,PRD0582,1,622.36,622.36
HITM0013000,HORD004140,PRD0410,2,401.28,802.56
HITM0012864,HORD004098,PRD0278,2,509.34,1018.68
HITM0012865,HORD004098,PRD0468,2,254.35,508.7
HITM0012866,HORD004098,PRD0736,1,508.97,508.97
HITM0012867,HORD004098,PRD0840,1,164.29,164.29
HITM0012868,HORD004098,PRD0529,1,952.92,952.92
HITM0007062,HORD002255,PRD0991,2,1841.41,3682.82
HITM0007063,HORD002255,PRD0429,1,251.33,251.33
HITM0007064,HORD002255,PRD0718,1,287.05,287.05
HITM0007065,HORD002255,PRD0374,1,772.23,772.23
HITM0001379,HORD000444,PRD0660,2,137.13,274.26
HITM0001380,HORD000444,PRD0923,1,1251.17,1251.17
HITM0001381,HORD000444,PRD0650,2,129.9,259.8
HITM0013635,HORD004340,PRD0074,2,3772.69,7545.38
HITM0013636,HORD004340,PRD0560,1,176.65,176.65
HITM0013637,HORD004340,PRD0521,1,1257.03,1257.03
HITM0000916,HORD000297,PRD0786,1,142.49,142.49
HITM0000917,HORD000297,PRD0950,1,108.8,108.8
HITM0000918,HORD000297,PRD0948,1,581.24,581.24
HITM0008830,HORD002805,PRD0690,1,115.07,115.07
HITM0008831,HORD002805,PRD0746,1,804.31,804.31
HITM0015020,HORD004776,PRD0754,1,2206.66,2206.66
HITM0010082,HORD003204,PRD0452,1,1373.84,1373.84
HITM0010083,HORD003204,PRD0940,1,51.08,51.08
HITM0012904,HORD004110,PRD0334,1,1182.39,1182.39
HITM0012905,HORD004110,PRD0359,1,196.54,196.54
HITM0012906,HORD004110,PRD0526,1,208.36,208.36
HITM0012907,HORD004110,PRD0396,1,385.11,385.11
HITM0010396,HORD003305,PRD0975,1,87.41,87.41
HITM0010397,HORD003305,PRD0480,1,303.23,303.23
HITM0010398,HORD003305,PRD0068,1,316.68,316.68
HITM0010399,HORD003305,PRD0636,2,421.78,843.56
HITM0003414,HORD001100,PRD0870,1,297.44,297.44
HITM0003415,HORD001100,PRD0282,1,1632.77,1632.77
HITM0005676,HORD001815,PRD0490,1,289.49,289.49
HITM0002263,HORD000731,PRD0680,1,228.54,228.54
HITM0002264,HORD000731,PRD0344,1,1481.0,1481.0
HITM0002265,HORD000731,PRD0050,2,191.67,383.34
HITM0001817,HORD000591,PRD0603,1,557.9,557.9
HITM0001818,HORD000591,PRD0323,1,1220.6,1220.6
HITM0001819,HORD000591,PRD0069,2,402.1,804.2
HITM0003381,HORD001089,PRD0961,1,2282.29,2282.29
HITM0003382,HORD001089,PRD0785,1,86.54,86.54
HITM0003383,HORD001089,PRD0273,1,469.96,469.96
HITM0003384,HORD001089,PRD0580,1,109.85,109.85
HITM0006852,HORD002186,PRD0819,1,191.18,191.18
HITM0014275,HORD004543,PRD0325,1,161.7,161.7
HITM0014276,HORD004543,PRD0980,1,310.02,310.02
HITM0014277,HORD004543,PRD0751,1,2924.83,2924.83
HITM0014278,HORD004543,PRD0408,1,402.17,402.17
HITM0002699,HORD000869,PRD0946,2,618.18,1236.36
HITM0002700,HORD000869,PRD0097,1,2083.5,2083.5
HITM0002701,HORD000869,PRD0479,1,1360.38,1360.38
HITM0010442,HORD003320,PRD0549,2,660.48,1320.96
HITM0010443,HORD003320,PRD0096,1,569.77,569.77
HITM0015351,HORD004887,PRD0866,2,487.97,975.94
HITM0015352,HORD004887,PRD0858,2,179.07,358.14
HITM0015353,HORD004887,PRD0687,3,200.01,600.03
HITM0003733,HORD001205,PRD0122,1,674.12,674.12
HITM0003734,HORD001205,PRD0739,2,1069.28,2138.56
HITM0003735,HORD001205,PRD0562,2,670.44,1340.88
HITM0007417,HORD002364,PRD0993,2,976.99,1953.98
HITM0007418,HORD002364,PRD0516,1,339.27,339.27
HITM0007419,HORD002364,PRD0476,1,787.22,787.22
HITM0007420,HORD002364,PRD0483,2,436.08,872.16
HITM0014890,HORD004737,PRD0849,1,216.96,216.96
HITM0014891,HORD004737,PRD0406,1,482.25,482.25
HITM0014892,HORD004737,PRD0232,1,358.39,358.39
HITM0000405,HORD000137,PRD0650,2,129.9,259.8
HITM0000406,HORD000137,PRD0680,1,228.54,228.54
HITM0000407,HORD000137,PRD0594,3,2821.84,8465.52
HITM0009680,HORD003076,PRD0905,1,958.12,958.12
HITM0009681,HORD003076,PRD0141,1,995.53,995.53
HITM0014754,HORD004693,PRD0658,2,353.59,707.18
HITM0014755,HORD004693,PRD0576,2,261.6,523.2
HITM0014756,HORD004693,PRD0226,2,202.49,404.98
HITM0014757,HORD004693,PRD0840,1,164.29,164.29
HITM0014758,HORD004693,PRD0544,1,1611.97,1611.97
HITM0008677,HORD002756,PRD0413,1,420.29,420.29
HITM0008678,HORD002756,PRD0941,1,2304.74,2304.74
HITM0008679,HORD002756,PRD0143,1,1276.25,1276.25
HITM0008680,HORD002756,PRD0353,3,1077.75,3233.25
HITM0007678,HORD002444,PRD0411,1,1693.96,1693.96
HITM0007679,HORD002444,PRD0122,1,674.12,674.12
HITM0007680,HORD002444,PRD0456,1,690.03,690.03
HITM0007681,HORD002444,PRD0093,1,1330.98,1330.98
HITM0007682,HORD002444,PRD0720,2,216.18,432.36
HITM0013945,HORD004432,PRD0327,1,122.19,122.19
HITM0013946,HORD004432,PRD0694,1,2715.4,2715.4
HITM0013947,HORD004432,PRD0279,1,1450.59,1450.59
HITM0013948,HORD004432,PRD0747,1,1353.66,1353.66
HITM0000208,HORD000071,PRD0175,1,1014.37,1014.37
HITM0007328,HORD002336,PRD0840,1,164.29,164.29
HITM0007329,HORD002336,PRD0012,2,426.8,853.6
HITM0007330,HORD002336,PRD0449,2,168.36,336.72
HITM0001567,HORD000507,PRD0068,1,316.68,316.68
HITM0001568,HORD000507,PRD0432,1,390.19,390.19
HITM0001569,HORD000507,PRD0607,2,113.06,226.12
HITM0001570,HORD000507,PRD0582,1,622.36,622.36
HITM0005579,HORD001787,PRD0341,1,1098.33,1098.33
HITM0005580,HORD001787,PRD0013,1,1325.85,1325.85
HITM0005581,HORD001787,PRD0788,1,699.94,699.94
HITM0000408,HORD000138,PRD0680,1,228.54,228.54
HITM0000409,HORD000138,PRD0460,1,19.84,19.84
HITM0004424,HORD001418,PRD0603,2,557.9,1115.8
HITM0004425,HORD001418,PRD0433,1,456.5,456.5
HITM0004426,HORD001418,PRD0865,1,851.18,851.18
HITM0011667,HORD003717,PRD0238,2,866.49,1732.98
HITM0011668,HORD003717,PRD0880,1,291.86,291.86
HITM0011669,HORD003717,PRD0699,2,373.99,747.98
HITM0006945,HORD002217,PRD0895,2,830.36,1660.72
HITM0006946,HORD002217,PRD0858,2,179.07,358.14
HITM0006947,HORD002217,PRD0674,1,3768.2,3768.2
HITM0006948,HORD002217,PRD0048,1,165.15,165.15
HITM0007014,HORD002240,PRD0047,1,64.28,64.28
HITM0007015,HORD002240,PRD0305,2,387.39,774.78
HITM0007016,HORD002240,PRD0657,1,1084.44,1084.44
HITM0014492,HORD004611,PRD0449,3,168.36,505.08
HITM0011496,HORD003663,PRD0096,2,569.77,1139.54
HITM0011497,HORD003663,PRD0590,2,54.96,109.92
HITM0011498,HORD003663,PRD0123,1,1499.49,1499.49
HITM0011499,HORD003663,PRD0652,1,1300.01,1300.01
HITM0011500,HORD003663,PRD0937,1,1780.49,1780.49
HITM0010221,HORD003250,PRD0481,1,3068.96,3068.96
HITM0010222,HORD003250,PRD0873,1,665.62,665.62
HITM0010223,HORD003250,PRD0858,2,179.07,358.14
HITM0014231,HORD004528,PRD0245,1,645.34,645.34
HITM0014232,HORD004528,PRD0720,1,216.18,216.18
HITM0000029,HORD000012,PRD0906,1,303.87,303.87
HITM0000030,HORD000012,PRD0429,1,251.33,251.33
HITM0000031,HORD000012,PRD0285,1,1110.14,1110.14
HITM0013723,HORD004365,PRD0047,1,64.28,64.28
HITM0013724,HORD004365,PRD0626,1,521.1,521.1
HITM0013725,HORD004365,PRD0810,2,336.77,673.54
HITM0003968,HORD001276,PRD0296,1,440.13,440.13
HITM0003969,HORD001276,PRD0983,1,1360.95,1360.95
HITM0003970,HORD001276,PRD0209,1,164.63,164.63
HITM0000518,HORD000172,PRD0850,1,101.36,101.36
HITM0000519,HORD000172,PRD0230,1,72.62,72.62
HITM0000520,HORD000172,PRD0593,1,356.64,356.64
HITM0000521,HORD000172,PRD0894,1,2406.75,2406.75
HITM0007443,HORD002373,PRD0521,2,1257.03,2514.06
HITM0007444,HORD002373,PRD0695,1,663.83,663.83
HITM0007445,HORD002373,PRD0945,1,730.35,730.35
HITM0007446,HORD002373,PRD0633,1,804.04,804.04
HITM0007447,HORD002373,PRD0103,1,421.42,421.42
HITM0000529,HORD000175,PRD0936,1,477.26,477.26
HITM0000530,HORD000175,PRD0997,1,602.38,602.38
HITM0011517,HORD003669,PRD0764,2,1928.47,3856.94
HITM0011518,HORD003669,PRD0845,1,323.81,323.81
HITM0011519,HORD003669,PRD0530,1,14.38,14.38
HITM0014465,HORD004603,PRD0605,2,969.96,1939.92
HITM0014466,HORD004603,PRD0640,2,215.9,431.8
HITM0012920,HORD004114,PRD0895,1,830.36,830.36
HITM0012921,HORD004114,PRD0415,1,111.92,111.92
HITM0004524,HORD001451,PRD0108,1,323.48,323.48
HITM0004525,HORD001451,PRD0505,1,350.13,350.13
HITM0011743,HORD003738,PRD0030,1,405.09,405.09
HITM0011744,HORD003738,PRD0014,1,1339.17,1339.17
HITM0011745,HORD003738,PRD0606,1,74.13,74.13
HITM0008596,HORD002732,PRD0680,1,228.54,228.54
HITM0010071,HORD003200,PRD0288,1,920.06,920.06
HITM0010072,HORD003200,PRD0325,1,161.7,161.7
HITM0010073,HORD003200,PRD0660,1,137.13,137.13
HITM0012456,HORD003977,PRD0734,2,1722.21,3444.42
HITM0012457,HORD003977,PRD0817,1,2026.78,2026.78
HITM0012458,HORD003977,PRD0928,2,426.54,853.08
HITM0012459,HORD003977,PRD0938,1,327.05,327.05
HITM0010809,HORD003442,PRD0635,1,809.45,809.45
HITM0010810,HORD003442,PRD0298,1,275.37,275.37
HITM0010811,HORD003442,PRD0765,1,915.52,915.52
HITM0010812,HORD003442,PRD0082,1,1101.3,1101.3
HITM0003783,HORD001221,PRD0562,1,670.44,670.44
HITM0003784,HORD001221,PRD0521,2,1257.03,2514.06
HITM0005806,HORD001857,PRD0976,2,196.82,393.64
HITM0005807,HORD001857,PRD0192,1,1657.76,1657.76
HITM0012460,HORD003978,PRD0596,1,596.4,596.4
HITM0012461,HORD003978,PRD0820,1,109.62,109.62
HITM0012462,HORD003978,PRD0063,1,1165.11,1165.11
HITM0012463,HORD003978,PRD0011,2,1900.95,3801.9
HITM0013281,HORD004224,PRD0131,1,1311.04,1311.04
HITM0013282,HORD004224,PRD0738,2,357.89,715.78
HITM0013283,HORD004224,PRD0975,1,87.41,87.41
HITM0005867,HORD001878,PRD0563,1,1356.35,1356.35
HITM0005868,HORD001878,PRD0070,2,257.34,514.68
HITM0005869,HORD001878,PRD0296,1,440.13,440.13
HITM0006810,HORD002173,PRD0488,1,281.31,281.31
HITM0006811,HORD002173,PRD0857,1,160.36,160.36
HITM0006812,HORD002173,PRD0914,1,3258.34,3258.34
HITM0006813,HORD002173,PRD0505,1,350.13,350.13
HITM0010185,HORD003240,PRD0075,1,155.15,155.15
HITM0010186,HORD003240,PRD0505,1,350.13,350.13
HITM0010187,HORD003240,PRD0705,1,1096.7,1096.7
HITM0004593,HORD001472,PRD0358,1,761.53,761.53
HITM0004594,HORD001472,PRD0940,1,51.08,51.08
HITM0004595,HORD001472,PRD0687,2,200.01,400.02
HITM0000167,HORD000057,PRD0737,1,420.63,420.63
HITM0000168,HORD000057,PRD0040,1,283.76,283.76
HITM0000169,HORD000057,PRD0663,1,599.38,599.38
HITM0001716,HORD000558,PRD0020,1,47.5,47.5
HITM0001717,HORD000558,PRD0728,1,504.43,504.43
HITM0013182,HORD004193,PRD0471,2,2188.61,4377.22
HITM0013183,HORD004193,PRD0628,1,219.29,219.29
HITM0013184,HORD004193,PRD0188,1,370.0,370.0
HITM0000442,HORD000150,PRD0122,2,674.12,1348.24
HITM0000443,HORD000150,PRD0782,1,483.91,483.91
HITM0000444,HORD000150,PRD1000,2,192.28,384.56
HITM0000445,HORD000150,PRD0657,1,1084.44,1084.44
HITM0000446,HORD000150,PRD0456,1,690.03,690.03
HITM0000674,HORD000219,PRD0837,2,2447.06,4894.12
HITM0000675,HORD000219,PRD0725,1,1037.01,1037.01
HITM0000676,HORD000219,PRD0329,2,1326.77,2653.54
HITM0000677,HORD000219,PRD0520,1,331.38,331.38
HITM0009978,HORD003172,PRD0478,3,966.98,2900.94
HITM0009979,HORD003172,PRD0184,1,607.47,607.47
HITM0009980,HORD003172,PRD0712,1,331.7,331.7
HITM0009981,HORD003172,PRD0961,1,2282.29,2282.29
HITM0011219,HORD003575,PRD0405,2,842.76,1685.52
HITM0011220,HORD003575,PRD0155,1,171.72,171.72
HITM0012327,HORD003937,PRD0479,1,1360.38,1360.38
HITM0012328,HORD003937,PRD0090,2,99.88,199.76
HITM0012329,HORD003937,PRD0065,1,1196.5,1196.5
HITM0012330,HORD003937,PRD0520,1,331.38,331.38
HITM0004148,HORD001335,PRD0981,1,2201.61,2201.61
HITM0004149,HORD001335,PRD0319,2,1422.45,2844.9
HITM0004150,HORD001335,PRD0660,1,137.13,137.13
HITM0004151,HORD001335,PRD0208,2,569.31,1138.62
HITM0004152,HORD001335,PRD0098,1,560.95,560.95
HITM0014812,HORD004711,PRD0526,1,208.36,208.36
HITM0010231,HORD003253,PRD0470,1,91.58,91.58
HITM0010232,HORD003253,PRD0742,1,338.72,338.72
HITM0010233,HORD003253,PRD0857,2,160.36,320.72
HITM0010234,HORD003253,PRD0383,1,584.39,584.39
HITM0012360,HORD003947,PRD0999,1,626.07,626.07
HITM0012361,HORD003947,PRD0016,1,594.47,594.47
HITM0012362,HORD003947,PRD0120,1,348.09,348.09
HITM0014759,HORD004694,PRD0446,1,168.08,168.08
HITM0014760,HORD004694,PRD0641,1,2509.9,2509.9
HITM0008389,HORD002663,PRD0461,1,3147.14,3147.14
HITM0008390,HORD002663,PRD0479,1,1360.38,1360.38
HITM0008391,HORD002663,PRD0026,1,760.37,760.37
HITM0008046,HORD002560,PRD0271,2,1523.72,3047.44
HITM0008047,HORD002560,PRD0990,2,114.18,228.36
HITM0008048,HORD002560,PRD0660,1,137.13,137.13
HITM0000001,HORD000001,PRD0350,2,142.11,284.22
HITM0000002,HORD000001,PRD0496,1,619.97,619.97
HITM0000003,HORD000001,PRD0830,1,121.26,121.26
HITM0015208,HORD004838,PRD0917,1,624.31,624.31
HITM0015209,HORD004838,PRD0822,2,724.35,1448.7
HITM0015210,HORD004838,PRD0699,1,373.99,373.99
HITM0013196,HORD004198,PRD0434,1,1483.17,1483.17
HITM0013197,HORD004198,PRD0480,2,303.23,606.46
HITM0013198,HORD004198,PRD0083,2,558.55,1117.1
HITM0007213,HORD002300,PRD0845,1,323.81,323.81
HITM0007214,HORD002300,PRD0476,1,787.22,787.22
HITM0007215,HORD002300,PRD0680,1,228.54,228.54
HITM0015321,HORD004877,PRD0975,1,87.41,87.41
HITM0015322,HORD004877,PRD0020,1,47.5,47.5
HITM0015323,HORD004877,PRD0436,1,180.16,180.16
HITM0015324,HORD004877,PRD0736,1,508.97,508.97
HITM0011150,HORD003554,PRD0051,2,2305.52,4611.04
HITM0011151,HORD003554,PRD0976,2,196.82,393.64
HITM0012967,HORD004130,PRD0654,1,864.76,864.76
HITM0012968,HORD004130,PRD0012,2,426.8,853.6
HITM0012969,HORD004130,PRD0402,1,400.07,400.07
HITM0012970,HORD004130,PRD0355,1,714.36,714.36
HITM0012260,HORD003913,PRD0637,1,1350.41,1350.41
HITM0006564,HORD002096,PRD0630,1,227.99,227.99
HITM0006565,HORD002096,PRD0611,1,1295.24,1295.24
HITM0006566,HORD002096,PRD0511,1,1327.08,1327.08
HITM0006567,HORD002096,PRD0431,1,1892.24,1892.24
HITM0006568,HORD002096,PRD0291,1,2310.69,2310.69
HITM0014588,HORD004641,PRD0209,1,164.63,164.63
HITM0014589,HORD004641,PRD0320,1,154.64,154.64
HITM0014590,HORD004641,PRD0048,1,165.15,165.15
HITM0007256,HORD002312,PRD0606,1,74.13,74.13
HITM0007257,HORD002312,PRD0023,2,688.53,1377.06
HITM0007258,HORD002312,PRD0441,1,1203.85,1203.85
HITM0007259,HORD002312,PRD0608,2,918.08,1836.16
HITM0009614,HORD003052,PRD0260,1,100.02,100.02
HITM0009615,HORD003052,PRD0010,1,23.5,23.5
HITM0005363,HORD001712,PRD0926,1,546.12,546.12
HITM0005364,HORD001712,PRD0756,1,177.47,177.47
HITM0005365,HORD001712,PRD0460,1,19.84,19.84
HITM0005366,HORD001712,PRD0442,1,1758.97,1758.97
HITM0005677,HORD001816,PRD0198,2,492.76,985.52
HITM0005678,HORD001816,PRD0152,1,528.88,528.88
HITM0005679,HORD001816,PRD0911,1,1497.3,1497.3
HITM0005680,HORD001816,PRD0270,1,154.55,154.55
HITM0005681,HORD001816,PRD0275,1,687.49,687.49
HITM0014789,HORD004705,PRD0409,1,200.48,200.48
HITM0014790,HORD004705,PRD0327,3,122.19,366.57
HITM0014791,HORD004705,PRD0374,2,772.23,1544.46
HITM0014792,HORD004705,PRD0256,1,694.57,694.57
HITM0014793,HORD004705,PRD0950,3,108.8,326.4
HITM0001683,HORD000546,PRD0370,2,206.12,412.24
HITM0001684,HORD000546,PRD0535,1,536.13,536.13
HITM0001685,HORD000546,PRD0700,1,241.67,241.67
HITM0009723,HORD003090,PRD0590,1,54.96,54.96
HITM0009724,HORD003090,PRD0584,3,2508.46,7525.38
HITM0009725,HORD003090,PRD0244,1,2495.06,2495.06
HITM0009323,HORD002960,PRD1000,1,192.28,192.28
HITM0009324,HORD002960,PRD0852,1,1542.22,1542.22
HITM0004024,HORD001294,PRD1000,1,192.28,192.28
HITM0004025,HORD001294,PRD0047,1,64.28,64.28
HITM0004026,HORD001294,PRD0730,1,418.77,418.77
HITM0004027,HORD001294,PRD0985,1,1164.32,1164.32
HITM0007455,HORD002376,PRD0717,1,1445.8,1445.8
HITM0007456,HORD002376,PRD0737,1,420.63,420.63
HITM0007457,HORD002376,PRD0543,1,336.97,336.97
HITM0000180,HORD000062,PRD0230,1,72.62,72.62
HITM0000181,HORD000062,PRD0947,1,1985.26,1985.26
HITM0000182,HORD000062,PRD0773,2,1495.61,2991.22
HITM0006967,HORD002225,PRD0606,1,74.13,74.13
HITM0006968,HORD002225,PRD0863,1,894.64,894.64
HITM0006969,HORD002225,PRD0482,1,1837.18,1837.18
HITM0006970,HORD002225,PRD0742,1,338.72,338.72
HITM0002871,HORD000924,PRD0506,1,551.69,551.69
HITM0002872,HORD000924,PRD0743,1,651.04,651.04
HITM0002873,HORD000924,PRD0526,1,208.36,208.36
HITM0002874,HORD000924,PRD0575,1,222.44,222.44
HITM0012308,HORD003931,PRD0499,1,1328.97,1328.97
HITM0012309,HORD003931,PRD0067,1,374.02,374.02
HITM0012310,HORD003931,PRD0935,1,1070.56,1070.56
HITM0012311,HORD003931,PRD0793,1,454.0,454.0
HITM0012312,HORD003931,PRD0109,2,429.51,859.02
HITM0007956,HORD002527,PRD0460,1,19.84,19.84
HITM0007957,HORD002527,PRD0358,2,761.53,1523.06
HITM0000778,HORD000251,PRD0566,2,150.7,301.4
HITM0000779,HORD000251,PRD0898,3,642.43,1927.29
HITM0000780,HORD000251,PRD0791,1,2700.27,2700.27
HITM0000781,HORD000251,PRD0243,1,567.88,567.88
HITM0008414,HORD002673,PRD0148,2,1047.53,2095.06
HITM0008415,HORD002673,PRD0380,1,318.45,318.45
HITM0002639,HORD000852,PRD0370,1,206.12,206.12
HITM0002640,HORD000852,PRD0196,2,206.29,412.58
HITM0002641,HORD000852,PRD0245,1,645.34,645.34
HITM0002642,HORD000852,PRD0214,1,753.54,753.54
HITM0000604,HORD000198,PRD0990,1,114.18,114.18
HITM0000605,HORD000198,PRD0130,2,348.52,697.04
HITM0000606,HORD000198,PRD0907,1,130.49,130.49
HITM0011251,HORD003584,PRD0914,1,3258.34,3258.34
HITM0006221,HORD001989,PRD0455,1,191.31,191.31
HITM0006222,HORD001989,PRD0170,3,90.68,272.04
HITM0002902,HORD000934,PRD0686,1,529.65,529.65
HITM0002903,HORD000934,PRD0380,1,318.45,318.45
HITM0002904,HORD000934,PRD0318,2,115.57,231.14
HITM0010304,HORD003277,PRD0156,1,400.24,400.24
HITM0010305,HORD003277,PRD0396,2,385.11,770.22
HITM0010306,HORD003277,PRD0859,1,1242.69,1242.69
HITM0010307,HORD003277,PRD0461,1,3147.14,3147.14
HITM0010308,HORD003277,PRD0653,1,1139.17,1139.17
HITM0009808,HORD003117,PRD0867,1,111.69,111.69
HITM0009809,HORD003117,PRD0806,1,210.08,210.08
HITM0009810,HORD003117,PRD0753,1,377.42,377.42
HITM0009811,HORD003117,PRD0709,1,320.78,320.78
HITM0010309,HORD003278,PRD0279,1,1450.59,1450.59
HITM0010310,HORD003278,PRD0209,1,164.63,164.63
HITM0010311,HORD003278,PRD0355,1,714.36,714.36
HITM0010312,HORD003278,PRD0490,2,289.49,578.98
HITM0009722,HORD003089,PRD0070,1,257.34,257.34
HITM0014265,HORD004539,PRD0990,2,114.18,228.36
HITM0014266,HORD004539,PRD0748,1,432.14,432.14
HITM0014267,HORD004539,PRD0309,1,332.31,332.31
HITM0012426,HORD003969,PRD0465,1,61.33,61.33
HITM0012427,HORD003969,PRD0886,1,59.21,59.21
HITM0015053,HORD004789,PRD0180,1,386.36,386.36
HITM0015054,HORD004789,PRD0257,1,637.63,637.63
HITM0015055,HORD004789,PRD0968,1,1098.76,1098.76
HITM0015056,HORD004789,PRD0859,1,1242.69,1242.69
HITM0015057,HORD004789,PRD0958,1,453.1,453.1
HITM0003379,HORD001088,PRD0427,1,241.58,241.58
HITM0003380,HORD001088,PRD0600,1,62.84,62.84
HITM0015050,HORD004787,PRD0109,1,429.51,429.51
HITM0015051,HORD004787,PRD0198,1,492.76,492.76
HITM0000813,HORD000264,PRD0551,1,2204.48,2204.48
HITM0000814,HORD000264,PRD0082,1,1101.3,1101.3
HITM0000815,HORD000264,PRD0707,2,2487.37,4974.74
HITM0012518,HORD003994,PRD0656,1,848.87,848.87
HITM0012519,HORD003994,PRD0265,1,1188.22,1188.22
HITM0000697,HORD000227,PRD0859,2,1242.69,2485.38
HITM0000698,HORD000227,PRD0066,1,291.03,291.03
HITM0000699,HORD000227,PRD0546,1,227.79,227.79
HITM0005439,HORD001738,PRD0204,1,3651.04,3651.04
HITM0005440,HORD001738,PRD0663,1,599.38,599.38
HITM0005441,HORD001738,PRD0640,1,215.9,215.9
HITM0008561,HORD002721,PRD0334,1,1182.39,1182.39
HITM0008562,HORD002721,PRD0013,2,1325.85,2651.7
HITM0008563,HORD002721,PRD0813,1,326.38,326.38
HITM0008564,HORD002721,PRD0884,2,3422.46,6844.92
HITM0005325,HORD001700,PRD0656,1,848.87,848.87
HITM0005326,HORD001700,PRD0586,1,754.59,754.59
HITM0005327,HORD001700,PRD0408,1,402.17,402.17
HITM0005328,HORD001700,PRD0632,1,372.28,372.28
HITM0005329,HORD001700,PRD0903,1,980.26,980.26
HITM0010955,HORD003487,PRD0216,1,823.62,823.62
HITM0006255,HORD001999,PRD0600,1,62.84,62.84
HITM0006256,HORD001999,PRD0604,1,1031.83,1031.83
HITM0006257,HORD001999,PRD0113,1,795.05,795.05
HITM0014453,HORD004600,PRD0300,1,158.44,158.44
HITM0014454,HORD004600,PRD0410,1,401.28,401.28
HITM0014455,HORD004600,PRD0988,1,1072.9,1072.9
HITM0014456,HORD004600,PRD0965,1,536.69,536.69
HITM0000065,HORD000023,PRD0656,1,848.87,848.87
HITM0000066,HORD000023,PRD0183,1,1008.76,1008.76
HITM0000067,HORD000023,PRD0428,1,1044.38,1044.38
HITM0008546,HORD002717,PRD0820,1,109.62,109.62
HITM0008547,HORD002717,PRD0886,2,59.21,118.42
HITM0008548,HORD002717,PRD0109,1,429.51,429.51
HITM0008549,HORD002717,PRD0909,1,1266.71,1266.71
HITM0008550,HORD002717,PRD0631,3,1231.25,3693.75
HITM0001862,HORD000607,PRD0285,1,1110.14,1110.14
HITM0001863,HORD000607,PRD0570,1,277.01,277.01
HITM0001864,HORD000607,PRD0344,1,1481.0,1481.0
HITM0001865,HORD000607,PRD0740,1,366.0,366.0
HITM0003187,HORD001023,PRD0531,1,2895.4,2895.4
HITM0003188,HORD001023,PRD0196,1,206.29,206.29
HITM0003189,HORD001023,PRD0624,1,4122.57,4122.57
HITM0003190,HORD001023,PRD0989,1,359.81,359.81
HITM0003191,HORD001023,PRD0060,1,170.83,170.83
HITM0003246,HORD001041,PRD0204,1,3651.04,3651.04
HITM0003247,HORD001041,PRD0816,2,125.37,250.74
HITM0003248,HORD001041,PRD0010,1,23.5,23.5
HITM0003249,HORD001041,PRD0080,1,60.33,60.33
HITM0011720,HORD003733,PRD0792,2,1375.74,2751.48
HITM0011721,HORD003733,PRD0467,1,2512.22,2512.22
HITM0011722,HORD003733,PRD0773,1,1495.61,1495.61
HITM0011723,HORD003733,PRD0660,1,137.13,137.13
HITM0011724,HORD003733,PRD0882,2,1555.62,3111.24
HITM0013255,HORD004216,PRD0623,1,442.62,442.62
HITM0013256,HORD004216,PRD0118,1,148.01,148.01
HITM0013257,HORD004216,PRD0992,1,1431.3,1431.3
HITM0013258,HORD004216,PRD0432,1,390.19,390.19
HITM0006465,HORD002067,PRD0146,1,510.27,510.27
HITM0006466,HORD002067,PRD0419,1,100.25,100.25
HITM0006467,HORD002067,PRD0223,1,1020.19,1020.19
HITM0006468,HORD002067,PRD0112,1,387.62,387.62
HITM0009839,HORD003127,PRD0076,1,705.93,705.93
HITM0009840,HORD003127,PRD0633,3,804.04,2412.12
HITM0009841,HORD003127,PRD0645,1,262.13,262.13
HITM0014446,HORD004598,PRD0760,2,36.27,72.54
HITM0014447,HORD004598,PRD0519,2,154.53,309.06
HITM0014448,HORD004598,PRD0152,1,528.88,528.88
HITM0001248,HORD000402,PRD0285,1,1110.14,1110.14
HITM0001249,HORD000402,PRD0960,1,322.58,322.58
HITM0001250,HORD000402,PRD0427,1,241.58,241.58
HITM0010065,HORD003198,PRD0216,1,823.62,823.62
HITM0010066,HORD003198,PRD0543,1,336.97,336.97
HITM0010067,HORD003198,PRD0678,1,566.98,566.98
HITM0004195,HORD001349,PRD0296,1,440.13,440.13
HITM0004196,HORD001349,PRD0275,1,687.49,687.49
HITM0004197,HORD001349,PRD0068,1,316.68,316.68
HITM0004198,HORD001349,PRD0374,1,772.23,772.23
HITM0015212,HORD004840,PRD0133,1,1145.34,1145.34
HITM0015213,HORD004840,PRD0984,1,3872.19,3872.19
HITM0015214,HORD004840,PRD0832,2,1103.3,2206.6
HITM0001388,HORD000447,PRD0890,2,309.69,619.38
HITM0001389,HORD000447,PRD0154,1,1129.84,1129.84
HITM0001390,HORD000447,PRD0857,1,160.36,160.36
HITM0001391,HORD000447,PRD0621,2,3087.07,6174.14
HITM0011786,HORD003751,PRD0413,1,420.29,420.29
HITM0011787,HORD003751,PRD0819,2,191.18,382.36
HITM0011788,HORD003751,PRD0444,1,1415.02,1415.02
HITM0011789,HORD003751,PRD0241,2,2817.68,5635.36
HITM0003634,HORD001171,PRD0209,1,164.63,164.63
HITM0014725,HORD004683,PRD0909,1,1266.71,1266.71
HITM0014726,HORD004683,PRD0796,2,187.69,375.38
HITM0012021,HORD003833,PRD0934,1,789.27,789.27
HITM0012022,HORD003833,PRD0543,1,336.97,336.97
HITM0012023,HORD003833,PRD0190,2,248.59,497.18
HITM0007585,HORD002416,PRD0267,1,2404.5,2404.5
HITM0007586,HORD002416,PRD0942,1,1694.84,1694.84
HITM0004596,HORD001473,PRD0894,1,2406.75,2406.75
HITM0004597,HORD001473,PRD0550,1,112.99,112.99
HITM0006838,HORD002182,PRD0110,2,113.31,226.62
HITM0006839,HORD002182,PRD0439,2,74.96,149.92
HITM0004177,HORD001343,PRD0454,1,1083.26,1083.26
HITM0004178,HORD001343,PRD0487,1,322.51,322.51
HITM0004179,HORD001343,PRD0918,1,781.2,781.2
HITM0008401,HORD002668,PRD0549,1,660.48,660.48
HITM0008402,HORD002668,PRD0106,1,385.13,385.13
HITM0008403,HORD002668,PRD0180,1,386.36,386.36
HITM0000565,HORD000185,PRD0131,1,1311.04,1311.04
HITM0000566,HORD000185,PRD0362,1,1208.57,1208.57
HITM0000567,HORD000185,PRD0490,1,289.49,289.49
HITM0013067,HORD004160,PRD0480,1,303.23,303.23
HITM0013068,HORD004160,PRD0454,1,1083.26,1083.26
HITM0013069,HORD004160,PRD0760,1,36.27,36.27
HITM0013070,HORD004160,PRD0155,1,171.72,171.72
HITM0013071,HORD004160,PRD0165,1,567.68,567.68
HITM0011634,HORD003706,PRD0317,1,1797.93,1797.93
HITM0011635,HORD003706,PRD0079,2,211.65,423.3
HITM0011636,HORD003706,PRD0376,1,810.62,810.62
HITM0014224,HORD004526,PRD0973,1,703.36,703.36
HITM0014225,HORD004526,PRD0235,1,158.61,158.61
HITM0014226,HORD004526,PRD0498,1,201.0,201.0
HITM0014227,HORD004526,PRD0371,1,2628.93,2628.93
HITM0009913,HORD003149,PRD0286,1,725.81,725.81
HITM0009914,HORD003149,PRD0115,2,855.33,1710.66
HITM0007671,HORD002442,PRD0076,2,705.93,1411.86
HITM0007672,HORD002442,PRD0607,2,113.06,226.12
HITM0007673,HORD002442,PRD0930,2,62.22,124.44
HITM0007674,HORD002442,PRD0715,1,401.49,401.49
HITM0001746,HORD000568,PRD0547,1,1638.11,1638.11
HITM0001747,HORD000568,PRD0691,2,2417.17,4834.34
HITM0001748,HORD000568,PRD0083,1,558.55,558.55
HITM0001749,HORD000568,PRD0355,1,714.36,714.36
HITM0006276,HORD002005,PRD0683,2,704.09,1408.18
HITM0006277,HORD002005,PRD0490,1,289.49,289.49
HITM0006278,HORD002005,PRD0461,1,3147.14,3147.14
HITM0012550,HORD004005,PRD0998,1,178.25,178.25
HITM0012551,HORD004005,PRD0809,1,699.91,699.91
HITM0012552,HORD004005,PRD0973,2,703.36,1406.72
HITM0012553,HORD004005,PRD0573,1,1409.7,1409.7
HITM0009184,HORD002917,PRD0941,1,2304.74,2304.74
HITM0009185,HORD002917,PRD0166,1,822.52,822.52
HITM0009186,HORD002917,PRD0816,1,125.37,125.37
HITM0009187,HORD002917,PRD0299,1,1391.83,1391.83
HITM0007833,HORD002490,PRD0995,1,69.16,69.16
HITM0007834,HORD002490,PRD0761,1,2263.02,2263.02
HITM0007835,HORD002490,PRD0760,1,36.27,36.27
HITM0007816,HORD002484,PRD0823,1,1291.29,1291.29
HITM0007817,HORD002484,PRD0472,2,1677.61,3355.22
HITM0007818,HORD002484,PRD0795,1,841.05,841.05
HITM0007819,HORD002484,PRD0560,1,176.65,176.65
HITM0000513,HORD000171,PRD0547,1,1638.11,1638.11
HITM0000514,HORD000171,PRD0129,1,349.4,349.4
HITM0000515,HORD000171,PRD0376,2,810.62,1621.24
HITM0000516,HORD000171,PRD0978,1,452.17,452.17
HITM0000517,HORD000171,PRD0987,1,751.73,751.73
HITM0010099,HORD003210,PRD0026,1,760.37,760.37
HITM0010100,HORD003210,PRD0863,1,894.64,894.64
HITM0010101,HORD003210,PRD0551,2,2204.48,4408.96
HITM0001027,HORD000334,PRD0232,2,358.39,716.78
HITM0001028,HORD000334,PRD0602,1,1186.95,1186.95
HITM0008273,HORD002628,PRD0079,1,211.65,211.65
HITM0008274,HORD002628,PRD0010,2,23.5,47.0
HITM0011384,HORD003625,PRD0775,3,1055.72,3167.16
HITM0011385,HORD003625,PRD0679,1,864.47,864.47
HITM0011386,HORD003625,PRD0674,1,3768.2,3768.2
HITM0006481,HORD002072,PRD0938,1,327.05,327.05
HITM0006482,HORD002072,PRD0598,1,723.86,723.86
HITM0006483,HORD002072,PRD0343,1,634.07,634.07
HITM0009225,HORD002931,PRD0335,1,1165.89,1165.89
HITM0009226,HORD002931,PRD0362,3,1208.57,3625.71
HITM0004453,HORD001427,PRD0731,1,1738.31,1738.31
HITM0004454,HORD001427,PRD0463,1,1250.22,1250.22
HITM0009191,HORD002919,PRD0022,1,1480.38,1480.38
HITM0009192,HORD002919,PRD0456,1,690.03,690.03
HITM0009193,HORD002919,PRD0530,1,14.38,14.38
HITM0015655,HORD004989,PRD0175,1,1014.37,1014.37
HITM0015656,HORD004989,PRD0141,1,995.53,995.53
HITM0008610,HORD002737,PRD0745,2,222.81,445.62
HITM0008611,HORD002737,PRD0947,1,1985.26,1985.26
HITM0008612,HORD002737,PRD0158,1,751.25,751.25
HITM0005604,HORD001794,PRD0857,2,160.36,320.72
HITM0005605,HORD001794,PRD0550,2,112.99,225.98
HITM0005606,HORD001794,PRD0975,1,87.41,87.41
HITM0005607,HORD001794,PRD0069,1,402.1,402.1
HITM0005608,HORD001794,PRD0429,1,251.33,251.33
HITM0003299,HORD001064,PRD0895,2,830.36,1660.72
HITM0003300,HORD001064,PRD0791,1,2700.27,2700.27
HITM0003301,HORD001064,PRD0915,1,1134.28,1134.28
HITM0003646,HORD001176,PRD0447,2,1044.91,2089.82
HITM0003647,HORD001176,PRD0907,1,130.49,130.49
HITM0003648,HORD001176,PRD0920,1,53.18,53.18
HITM0010406,HORD003308,PRD0231,1,1774.07,1774.07
HITM0010407,HORD003308,PRD0246,3,362.52,1087.56
HITM0010408,HORD003308,PRD0286,1,725.81,725.81
HITM0012843,HORD004092,PRD0325,3,161.7,485.1
HITM0007522,HORD002397,PRD0261,1,2576.1,2576.1
HITM0010631,HORD003384,PRD0095,1,699.82,699.82
HITM0010632,HORD003384,PRD0978,1,452.17,452.17
HITM0010633,HORD003384,PRD0465,2,61.33,122.66
HITM0010634,HORD003384,PRD0217,3,441.18,1323.54
HITM0010635,HORD003384,PRD0902,3,307.82,923.46
HITM0005148,HORD001647,PRD0074,2,3772.69,7545.38
HITM0005149,HORD001647,PRD0232,1,358.39,358.39
HITM0005150,HORD001647,PRD0859,1,1242.69,1242.69
HITM0005151,HORD001647,PRD0610,3,347.23,1041.69
HITM0003730,HORD001204,PRD0163,2,1426.46,2852.92
HITM0003731,HORD001204,PRD0760,1,36.27,36.27
HITM0003732,HORD001204,PRD0325,1,161.7,161.7
HITM0012929,HORD004117,PRD0995,1,69.16,69.16
HITM0001340,HORD000432,PRD0659,1,725.61,725.61
HITM0001341,HORD000432,PRD0729,2,496.66,993.32
HITM0001342,HORD000432,PRD0691,1,2417.17,2417.17
HITM0001343,HORD000432,PRD0756,1,177.47,177.47
HITM0013607,HORD004333,PRD0210,1,408.84,408.84
HITM0013608,HORD004333,PRD0413,1,420.29,420.29
HITM0013609,HORD004333,PRD0755,1,802.94,802.94
HITM0009616,HORD003053,PRD0725,1,1037.01,1037.01
HITM0009617,HORD003053,PRD0700,1,241.67,241.67
HITM0009618,HORD003053,PRD0112,1,387.62,387.62
HITM0009619,HORD003053,PRD0816,1,125.37,125.37
HITM0005371,HORD001714,PRD0286,3,725.81,2177.43
HITM0005372,HORD001714,PRD0166,1,822.52,822.52
HITM0007856,HORD002497,PRD0072,2,1642.51,3285.02
HITM0007857,HORD002497,PRD0231,1,1774.07,1774.07
HITM0001920,HORD000623,PRD0107,1,1601.0,1601.0
HITM0001921,HORD000623,PRD0158,1,751.25,751.25
HITM0001922,HORD000623,PRD0141,1,995.53,995.53
HITM0001923,HORD000623,PRD0148,1,1047.53,1047.53
HITM0002339,HORD000756,PRD0397,1,719.35,719.35
HITM0002340,HORD000756,PRD0206,2,433.31,866.62
HITM0002341,HORD000756,PRD0869,1,1367.62,1367.62
HITM0010471,HORD003330,PRD0785,2,86.54,173.08
HITM0010472,HORD003330,PRD0259,1,409.08,409.08
HITM0015447,HORD004920,PRD0859,1,1242.69,1242.69
HITM0015448,HORD004920,PRD0376,1,810.62,810.62
HITM0015449,HORD004920,PRD0222,1,1721.64,1721.64
HITM0015450,HORD004920,PRD0710,1,193.26,193.26
HITM0002017,HORD000653,PRD0206,1,433.31,433.31
HITM0002018,HORD000653,PRD0690,1,115.07,115.07
HITM0002019,HORD000653,PRD0342,3,1179.87,3539.61
HITM0002222,HORD000717,PRD0671,1,1835.03,1835.03
HITM0002223,HORD000717,PRD0464,1,4106.6,4106.6
HITM0002224,HORD000717,PRD0787,1,189.07,189.07
HITM0009610,HORD003051,PRD0418,1,584.01,584.01
HITM0009611,HORD003051,PRD0009,1,301.36,301.36
HITM0009612,HORD003051,PRD0815,1,261.87,261.87
HITM0009613,HORD003051,PRD0062,1,685.19,685.19
HITM0011120,HORD003545,PRD0110,1,113.31,113.31
HITM0011121,HORD003545,PRD0204,2,3651.04,7302.08
HITM0011122,HORD003545,PRD0266,1,189.02,189.02
HITM0005526,HORD001768,PRD0343,1,634.07,634.07
HITM0005527,HORD001768,PRD0553,2,941.32,1882.64
HITM0002225,HORD000718,PRD0268,1,1094.58,1094.58
HITM0002226,HORD000718,PRD0340,1,382.9,382.9
HITM0002227,HORD000718,PRD0224,2,460.12,920.24
HITM0004788,HORD001536,PRD0580,1,109.85,109.85
HITM0002398,HORD000774,PRD0210,2,408.84,817.68
HITM0002399,HORD000774,PRD0891,1,2117.27,2117.27
HITM0002400,HORD000774,PRD0690,1,115.07,115.07
HITM0015290,HORD004864,PRD0339,1,536.34,536.34
HITM0015291,HORD004864,PRD0658,1,353.59,353.59
HITM0015292,HORD004864,PRD0466,2,362.96,725.92
HITM0002068,HORD000669,PRD0796,1,187.69,187.69
HITM0002069,HORD000669,PRD0435,2,306.84,613.68
HITM0004414,HORD001415,PRD0705,1,1096.7,1096.7
HITM0004415,HORD001415,PRD0632,1,372.28,372.28
HITM0004416,HORD001415,PRD0662,1,483.82,483.82
HITM0004417,HORD001415,PRD0389,1,562.64,562.64
HITM0013600,HORD004330,PRD0185,2,1138.66,2277.32
HITM0013601,HORD004330,PRD0080,3,60.33,180.99
HITM0013088,HORD004166,PRD0625,1,840.9,840.9
HITM0013089,HORD004166,PRD0418,1,584.01,584.01
HITM0013090,HORD004166,PRD0300,2,158.44,316.88
HITM0013091,HORD004166,PRD0221,2,2253.19,4506.38
HITM0012160,HORD003881,PRD0816,2,125.37,250.74
HITM0004921,HORD001576,PRD0995,1,69.16,69.16
HITM0004922,HORD001576,PRD0186,1,480.83,480.83
HITM0004923,HORD001576,PRD0980,2,310.02,620.04
HITM0007980,HORD002536,PRD0154,2,1129.84,2259.68
HITM0007981,HORD002536,PRD0141,2,995.53,1991.06
HITM0015486,HORD004932,PRD0782,1,483.91,483.91
HITM0015487,HORD004932,PRD0545,1,1080.38,1080.38
HITM0015488,HORD004932,PRD0489,2,1103.05,2206.1
HITM0015489,HORD004932,PRD0409,1,200.48,200.48
HITM0015490,HORD004932,PRD0875,1,243.6,243.6
HITM0003877,HORD001250,PRD0088,1,466.29,466.29
HITM0003878,HORD001250,PRD0003,1,472.24,472.24
HITM0003879,HORD001250,PRD0058,1,243.69,243.69
HITM0014381,HORD004577,PRD0077,1,2379.38,2379.38
HITM0014382,HORD004577,PRD0231,2,1774.07,3548.14
HITM0002404,HORD000776,PRD0923,2,1251.17,2502.34
HITM0002405,HORD000776,PRD0858,1,179.07,179.07
HITM0002406,HORD000776,PRD0892,1,1067.89,1067.89
HITM0014794,HORD004706,PRD0461,1,3147.14,3147.14
HITM0014795,HORD004706,PRD0902,2,307.82,615.64
HITM0014796,HORD004706,PRD0009,2,301.36,602.72
HITM0011368,HORD003620,PRD0730,1,418.77,418.77
HITM0011369,HORD003620,PRD0087,1,2316.68,2316.68
HITM0011370,HORD003620,PRD0488,1,281.31,281.31
HITM0011371,HORD003620,PRD0520,1,331.38,331.38
HITM0001477,HORD000477,PRD0203,1,427.62,427.62
HITM0001478,HORD000477,PRD0413,2,420.29,840.58
HITM0001479,HORD000477,PRD0839,2,835.25,1670.5
HITM0001480,HORD000477,PRD0477,2,1380.73,2761.46
HITM0001216,HORD000393,PRD0489,1,1103.05,1103.05
HITM0001217,HORD000393,PRD0096,1,569.77,569.77
HITM0001218,HORD000393,PRD0107,1,1601.0,1601.0
HITM0001219,HORD000393,PRD0047,1,64.28,64.28
HITM0012778,HORD004074,PRD0595,1,108.82,108.82
HITM0012779,HORD004074,PRD0257,1,637.63,637.63
HITM0012780,HORD004074,PRD0978,1,452.17,452.17
HITM0012652,HORD004038,PRD0465,1,61.33,61.33
HITM0012653,HORD004038,PRD0265,1,1188.22,1188.22
HITM0012654,HORD004038,PRD0944,1,2644.88,2644.88
HITM0012655,HORD004038,PRD0816,1,125.37,125.37
HITM0015044,HORD004785,PRD0386,1,167.3,167.3
HITM0015045,HORD004785,PRD0475,2,559.21,1118.42
HITM0015046,HORD004785,PRD0813,2,326.38,652.76
HITM0001669,HORD000540,PRD0640,1,215.9,215.9
HITM0001670,HORD000540,PRD0024,2,2921.86,5843.72
HITM0001671,HORD000540,PRD0243,1,567.88,567.88
HITM0010868,HORD003460,PRD0378,1,857.8,857.8
HITM0010869,HORD003460,PRD0069,1,402.1,402.1
HITM0010870,HORD003460,PRD0450,2,212.69,425.38
HITM0014279,HORD004544,PRD0296,1,440.13,440.13
HITM0014280,HORD004544,PRD0559,2,531.55,1063.1
HITM0014281,HORD004544,PRD0439,3,74.96,224.88
HITM0014282,HORD004544,PRD0340,1,382.9,382.9
HITM0008649,HORD002748,PRD0196,1,206.29,206.29
HITM0008650,HORD002748,PRD0827,1,1819.32,1819.32
HITM0008651,HORD002748,PRD0153,2,638.8,1277.6
HITM0008652,HORD002748,PRD0411,1,1693.96,1693.96
HITM0009878,HORD003139,PRD0997,1,602.38,602.38
HITM0003285,HORD001059,PRD0146,1,510.27,510.27
HITM0003286,HORD001059,PRD0782,1,483.91,483.91
HITM0003287,HORD001059,PRD0682,1,1711.59,1711.59
HITM0000017,HORD000007,PRD0032,1,1124.96,1124.96
HITM0000018,HORD000007,PRD0726,1,357.63,357.63
HITM0002156,HORD000695,PRD0414,1,2893.28,2893.28
HITM0014522,HORD004621,PRD0047,1,64.28,64.28
HITM0013406,HORD004263,PRD0533,1,789.09,789.09
HITM0013407,HORD004263,PRD0886,1,59.21,59.21
HITM0013408,HORD004263,PRD0107,2,1601.0,3202.0
HITM0006185,HORD001979,PRD0204,1,3651.04,3651.04
HITM0006186,HORD001979,PRD1000,1,192.28,192.28
HITM0006187,HORD001979,PRD0768,1,435.51,435.51
HITM0002445,HORD000789,PRD0939,2,966.3,1932.6
HITM0002446,HORD000789,PRD0576,1,261.6,261.6
HITM0008772,HORD002785,PRD0350,2,142.11,284.22
HITM0008773,HORD002785,PRD0976,1,196.82,196.82
HITM0001915,HORD000621,PRD0090,1,99.88,99.88
HITM0001916,HORD000621,PRD0180,1,386.36,386.36
HITM0006023,HORD001924,PRD0209,1,164.63,164.63
HITM0006024,HORD001924,PRD0508,3,513.6,1540.8
HITM0006025,HORD001924,PRD0068,1,316.68,316.68
HITM0002720,HORD000876,PRD0468,2,254.35,508.7
HITM0002721,HORD000876,PRD0250,2,376.98,753.96
HITM0002722,HORD000876,PRD0505,1,350.13,350.13
HITM0002723,HORD000876,PRD0502,1,1590.33,1590.33
HITM0002724,HORD000876,PRD0148,1,1047.53,1047.53
HITM0006892,HORD002200,PRD0202,1,1891.9,1891.9
HITM0006893,HORD002200,PRD0600,1,62.84,62.84
HITM0006894,HORD002200,PRD0511,1,1327.08,1327.08
HITM0006895,HORD002200,PRD0451,1,2985.26,2985.26
HITM0008785,HORD002789,PRD0680,2,228.54,457.08
HITM0008786,HORD002789,PRD0836,1,70.78,70.78
HITM0008787,HORD002789,PRD0549,1,660.48,660.48
HITM0000371,HORD000126,PRD0940,1,51.08,51.08
HITM0000372,HORD000126,PRD0225,1,255.65,255.65
HITM0000373,HORD000126,PRD0358,1,761.53,761.53
HITM0010884,HORD003465,PRD0604,2,1031.83,2063.66
HITM0010885,HORD003465,PRD0565,2,1021.79,2043.58
HITM0010886,HORD003465,PRD0392,1,827.61,827.61
HITM0010887,HORD003465,PRD0002,1,455.28,455.28
HITM0004727,HORD001517,PRD0853,1,1117.98,1117.98
HITM0004728,HORD001517,PRD0518,1,271.63,271.63
HITM0004729,HORD001517,PRD0190,1,248.59,248.59
HITM0001427,HORD000458,PRD0351,1,1461.95,1461.95
HITM0001428,HORD000458,PRD0910,1,53.54,53.54
HITM0008807,HORD002798,PRD0093,2,1330.98,2661.96
HITM0008808,HORD002798,PRD0009,1,301.36,301.36
HITM0008809,HORD002798,PRD0695,1,663.83,663.83
HITM0008810,HORD002798,PRD0209,2,164.63,329.26
HITM0004122,HORD001325,PRD0274,1,1538.07,1538.07
HITM0004123,HORD001325,PRD0593,1,356.64,356.64
HITM0012476,HORD003982,PRD0457,1,514.55,514.55
HITM0012477,HORD003982,PRD0371,1,2628.93,2628.93
HITM0012478,HORD003982,PRD0438,1,767.87,767.87
HITM0012479,HORD003982,PRD0056,1,258.5,258.5
HITM0008123,HORD002584,PRD0103,1,421.42,421.42
HITM0008124,HORD002584,PRD0614,1,2957.76,2957.76
HITM0008125,HORD002584,PRD0605,2,969.96,1939.92
HITM0002286,HORD000739,PRD0579,3,1322.97,3968.91
HITM0002287,HORD000739,PRD0824,2,3668.34,7336.68
HITM0002288,HORD000739,PRD0780,2,297.57,595.14
HITM0002289,HORD000739,PRD0166,1,822.52,822.52
HITM0007756,HORD002466,PRD0419,1,100.25,100.25
HITM0007757,HORD002466,PRD0409,2,200.48,400.96
HITM0012584,HORD004014,PRD0650,1,129.9,129.9
HITM0012585,HORD004014,PRD0986,1,605.03,605.03
HITM0012586,HORD004014,PRD0720,1,216.18,216.18
HITM0012587,HORD004014,PRD0699,1,373.99,373.99
HITM0014627,HORD004653,PRD0518,1,271.63,271.63
HITM0014628,HORD004653,PRD0466,1,362.96,362.96
HITM0014629,HORD004653,PRD0728,1,504.43,504.43
HITM0014630,HORD004653,PRD0145,2,672.85,1345.7
HITM0005447,HORD001741,PRD0017,1,1979.17,1979.17
HITM0005448,HORD001741,PRD0334,1,1182.39,1182.39
HITM0005449,HORD001741,PRD0962,2,482.88,965.76
HITM0005450,HORD001741,PRD0910,1,53.54,53.54
HITM0005451,HORD001741,PRD0977,1,1354.63,1354.63
HITM0001713,HORD000557,PRD0325,2,161.7,323.4
HITM0001714,HORD000557,PRD0935,2,1070.56,2141.12
HITM0001715,HORD000557,PRD0535,2,536.13,1072.26
HITM0003443,HORD001110,PRD0680,1,228.54,228.54
HITM0003444,HORD001110,PRD0540,1,16.38,16.38
HITM0002795,HORD000901,PRD0782,2,483.91,967.82
HITM0002796,HORD000901,PRD0375,1,495.35,495.35
HITM0002797,HORD000901,PRD0720,2,216.18,432.36
HITM0002798,HORD000901,PRD0839,1,835.25,835.25
HITM0013489,HORD004294,PRD0745,2,222.81,445.62
HITM0013490,HORD004294,PRD0287,1,1095.91,1095.91
HITM0013491,HORD004294,PRD0094,3,3733.59,11200.77
HITM0013492,HORD004294,PRD0663,1,599.38,599.38
HITM0012261,HORD003914,PRD0765,2,915.52,1831.04
HITM0012262,HORD003914,PRD0595,1,108.82,108.82
HITM0012263,HORD003914,PRD0409,1,200.48,200.48
HITM0012264,HORD003914,PRD0462,1,1832.75,1832.75
HITM0012265,HORD003914,PRD0660,1,137.13,137.13
HITM0008592,HORD002731,PRD0881,1,2880.61,2880.61
HITM0008593,HORD002731,PRD0760,3,36.27,108.81
HITM0008594,HORD002731,PRD0770,2,116.43,232.86
HITM0008595,HORD002731,PRD0830,1,121.26,121.26
HITM0012358,HORD003946,PRD0826,1,796.98,796.98
HITM0012359,HORD003946,PRD0279,1,1450.59,1450.59
HITM0011493,HORD003662,PRD0010,2,23.5,47.0
HITM0011494,HORD003662,PRD0037,2,2028.72,4057.44
HITM0011495,HORD003662,PRD0899,2,180.25,360.5
HITM0012378,HORD003953,PRD0028,1,855.88,855.88
HITM0012379,HORD003953,PRD0790,1,356.37,356.37
HITM0010314,HORD003280,PRD0858,2,179.07,358.14
HITM0010315,HORD003280,PRD0580,1,109.85,109.85
HITM0010316,HORD003280,PRD0628,1,219.29,219.29
HITM0015593,HORD004968,PRD0612,1,385.34,385.34
HITM0015594,HORD004968,PRD0049,1,740.34,740.34
HITM0015595,HORD004968,PRD0778,1,921.48,921.48
HITM0008454,HORD002686,PRD0073,2,900.89,1801.78
HITM0008455,HORD002686,PRD0726,1,357.63,357.63
HITM0008456,HORD002686,PRD0821,1,1163.73,1163.73
HITM0008457,HORD002686,PRD0476,1,787.22,787.22
HITM0008458,HORD002686,PRD0858,1,179.07,179.07
HITM0014412,HORD004587,PRD0013,1,1325.85,1325.85
HITM0014413,HORD004587,PRD0894,1,2406.75,2406.75
HITM0014414,HORD004587,PRD0043,2,1338.85,2677.7
HITM0014415,HORD004587,PRD0045,1,180.47,180.47
HITM0007765,HORD002469,PRD0061,1,1754.84,1754.84
HITM0007766,HORD002469,PRD0998,2,178.25,356.5
HITM0007767,HORD002469,PRD0687,1,200.01,200.01
HITM0007768,HORD002469,PRD0708,1,1076.81,1076.81
HITM0009932,HORD003155,PRD0068,1,316.68,316.68
HITM0009933,HORD003155,PRD0357,1,902.95,902.95
HITM0003124,HORD001002,PRD0929,1,1112.27,1112.27
HITM0003125,HORD001002,PRD0910,1,53.54,53.54
HITM0001815,HORD000590,PRD0359,3,196.54,589.62
HITM0001816,HORD000590,PRD0693,1,748.42,748.42
HITM0009962,HORD003168,PRD0555,1,159.32,159.32
HITM0009963,HORD003168,PRD0127,2,599.05,1198.1
HITM0009964,HORD003168,PRD0557,2,114.56,229.12
HITM0009965,HORD003168,PRD0656,1,848.87,848.87
HITM0015172,HORD004826,PRD0894,1,2406.75,2406.75
HITM0015173,HORD004826,PRD0435,1,306.84,306.84
HITM0015174,HORD004826,PRD0055,1,706.09,706.09
HITM0013432,HORD004272,PRD0386,1,167.3,167.3
HITM0013433,HORD004272,PRD0155,2,171.72,343.44
HITM0013434,HORD004272,PRD0894,1,2406.75,2406.75
HITM0001270,HORD000408,PRD0112,2,387.62,775.24
HITM0001271,HORD000408,PRD0071,1,2671.31,2671.31
HITM0001272,HORD000408,PRD0068,1,316.68,316.68
HITM0011378,HORD003623,PRD0112,2,387.62,775.24
HITM0011379,HORD003623,PRD0262,1,1028.17,1028.17
HITM0011380,HORD003623,PRD0496,1,619.97,619.97
HITM0013935,HORD004429,PRD0170,1,90.68,90.68
HITM0013936,HORD004429,PRD0751,1,2924.83,2924.83
HITM0005186,HORD001658,PRD0203,1,427.62,427.62
HITM0005187,HORD001658,PRD0525,1,1134.69,1134.69
HITM0005188,HORD001658,PRD0138,1,727.03,727.03
HITM0005500,HORD001760,PRD0470,1,91.58,91.58
HITM0005501,HORD001760,PRD0118,1,148.01,148.01
HITM0005502,HORD001760,PRD0831,1,1542.33,1542.33
HITM0015548,HORD004954,PRD0020,1,47.5,47.5
HITM0015549,HORD004954,PRD0976,2,196.82,393.64
HITM0013465,HORD004285,PRD0407,1,2508.69,2508.69
HITM0013466,HORD004285,PRD0812,1,1025.12,1025.12
HITM0013467,HORD004285,PRD0816,1,125.37,125.37
HITM0008842,HORD002809,PRD0270,1,154.55,154.55
HITM0008843,HORD002809,PRD0416,1,749.76,749.76
HITM0008844,HORD002809,PRD0277,1,1153.48,1153.48
HITM0009594,HORD003047,PRD0124,2,1400.78,2801.56
HITM0009595,HORD003047,PRD0324,1,3123.09,3123.09
HITM0009596,HORD003047,PRD0168,2,341.32,682.64
HITM0009597,HORD003047,PRD0873,1,665.62,665.62
HITM0013392,HORD004258,PRD0219,1,1110.34,1110.34
HITM0013393,HORD004258,PRD0437,1,2045.28,2045.28
HITM0012682,HORD004046,PRD0413,1,420.29,420.29
HITM0012683,HORD004046,PRD0193,1,1208.58,1208.58
HITM0012684,HORD004046,PRD0185,1,1138.66,1138.66
HITM0012685,HORD004046,PRD0645,1,262.13,262.13
HITM0012686,HORD004046,PRD0342,1,1179.87,1179.87
HITM0009139,HORD002901,PRD0865,1,851.18,851.18
HITM0009140,HORD002901,PRD0080,2,60.33,120.66
HITM0009141,HORD002901,PRD0075,1,155.15,155.15
HITM0009142,HORD002901,PRD0779,1,835.92,835.92
HITM0009636,HORD003058,PRD0707,1,2487.37,2487.37
HITM0009637,HORD003058,PRD0970,1,203.54,203.54
HITM0009353,HORD002969,PRD0337,2,842.79,1685.58
HITM0009354,HORD002969,PRD0662,1,483.82,483.82
HITM0009355,HORD002969,PRD0525,1,1134.69,1134.69
HITM0009356,HORD002969,PRD0656,1,848.87,848.87
HITM0008512,HORD002706,PRD0205,1,1030.02,1030.02
HITM0008513,HORD002706,PRD0430,1,397.28,397.28
HITM0008514,HORD002706,PRD0806,2,210.08,420.16
HITM0014402,HORD004584,PRD0928,1,426.54,426.54
HITM0014403,HORD004584,PRD0567,1,179.96,179.96
HITM0014404,HORD004584,PRD0048,2,165.15,330.3
HITM0014405,HORD004584,PRD0540,1,16.38,16.38
HITM0008067,HORD002566,PRD0009,1,301.36,301.36
HITM0008068,HORD002566,PRD0098,1,560.95,560.95
HITM0008069,HORD002566,PRD0468,2,254.35,508.7
HITM0008070,HORD002566,PRD0210,1,408.84,408.84
HITM0008071,HORD002566,PRD0047,1,64.28,64.28
HITM0000234,HORD000080,PRD0090,2,99.88,199.76
HITM0000235,HORD000080,PRD0558,1,383.39,383.39
HITM0000236,HORD000080,PRD0175,1,1014.37,1014.37
HITM0000237,HORD000080,PRD0541,1,1257.3,1257.3
HITM0014394,HORD004581,PRD0298,3,275.37,826.11
HITM0014395,HORD004581,PRD0498,1,201.0,201.0
HITM0014396,HORD004581,PRD0435,2,306.84,613.68
HITM0008049,HORD002561,PRD0241,1,2817.68,2817.68
HITM0008050,HORD002561,PRD0376,1,810.62,810.62
HITM0008051,HORD002561,PRD0078,1,280.55,280.55
HITM0008052,HORD002561,PRD0096,1,569.77,569.77
HITM0000948,HORD000307,PRD0875,1,243.6,243.6
HITM0000949,HORD000307,PRD0728,1,504.43,504.43
HITM0000950,HORD000307,PRD0237,1,1587.04,1587.04
HITM0000274,HORD000091,PRD0906,1,303.87,303.87
HITM0000275,HORD000091,PRD0108,1,323.48,323.48
HITM0000276,HORD000091,PRD0812,1,1025.12,1025.12
HITM0001615,HORD000522,PRD0590,1,54.96,54.96
HITM0001616,HORD000522,PRD0475,1,559.21,559.21
HITM0008582,HORD002728,PRD0624,1,4122.57,4122.57
HITM0008583,HORD002728,PRD0170,2,90.68,181.36
HITM0008584,HORD002728,PRD0829,1,582.58,582.58
HITM0014603,HORD004646,PRD0262,1,1028.17,1028.17
HITM0014604,HORD004646,PRD0232,2,358.39,716.78
HITM0014605,HORD004646,PRD0843,2,1192.62,2385.24
HITM0013769,HORD004379,PRD0727,1,842.09,842.09
HITM0013770,HORD004379,PRD0196,2,206.29,412.58
HITM0013771,HORD004379,PRD0598,1,723.86,723.86
HITM0013772,HORD004379,PRD0753,1,377.42,377.42
HITM0013842,HORD004402,PRD0780,2,297.57,595.14
HITM0013843,HORD004402,PRD0125,1,1104.8,1104.8
HITM0013844,HORD004402,PRD0486,2,706.44,1412.88
HITM0013845,HORD004402,PRD0477,1,1380.73,1380.73
HITM0004537,HORD001455,PRD0330,1,265.81,265.81
HITM0004538,HORD001455,PRD0633,1,804.04,804.04
HITM0004539,HORD001455,PRD0015,1,238.76,238.76
HITM0004540,HORD001455,PRD0695,1,663.83,663.83
HITM0004541,HORD001455,PRD0956,1,584.64,584.64
HITM0008698,HORD002762,PRD0540,1,16.38,16.38
HITM0008699,HORD002762,PRD0191,2,1103.43,2206.86
HITM0008700,HORD002762,PRD0559,1,531.55,531.55
HITM0008701,HORD002762,PRD0360,1,387.48,387.48
HITM0014964,HORD004760,PRD0580,2,109.85,219.7
HITM0014965,HORD004760,PRD0937,1,1780.49,1780.49
HITM0014966,HORD004760,PRD0742,1,338.72,338.72
HITM0015387,HORD004900,PRD0560,1,176.65,176.65
HITM0015388,HORD004900,PRD0042,1,1480.28,1480.28
HITM0015389,HORD004900,PRD0812,2,1025.12,2050.24
HITM0003263,HORD001049,PRD0705,1,1096.7,1096.7
HITM0003264,HORD001049,PRD0988,2,1072.9,2145.8
HITM0003265,HORD001049,PRD0016,2,594.47,1188.94
HITM0005912,HORD001891,PRD0967,1,2500.44,2500.44
HITM0005913,HORD001891,PRD0879,1,287.13,287.13
HITM0005914,HORD001891,PRD0966,1,819.73,819.73
HITM0005915,HORD001891,PRD0456,3,690.03,2070.09
HITM0001444,HORD000465,PRD0729,1,496.66,496.66
HITM0001445,HORD000465,PRD0545,1,1080.38,1080.38
HITM0001446,HORD000465,PRD0047,2,64.28,128.56
HITM0010283,HORD003270,PRD0773,1,1495.61,1495.61
HITM0010284,HORD003270,PRD0257,2,637.63,1275.26
HITM0006137,HORD001962,PRD0327,1,122.19,122.19
HITM0006138,HORD001962,PRD0722,1,1783.98,1783.98
HITM0014009,HORD004455,PRD0072,3,1642.51,4927.53
HITM0014010,HORD004455,PRD0468,1,254.35,254.35
HITM0000934,HORD000303,PRD0629,1,741.8,741.8
HITM0000935,HORD000303,PRD0108,1,323.48,323.48
HITM0000936,HORD000303,PRD0916,3,256.29,768.87
HITM0012008,HORD003828,PRD0715,2,401.49,802.98
HITM0012009,HORD003828,PRD0846,1,671.93,671.93
HITM0012010,HORD003828,PRD0231,1,1774.07,1774.07
HITM0011229,HORD003578,PRD0125,1,1104.8,1104.8
HITM0011230,HORD003578,PRD0011,2,1900.95,3801.9
HITM0011231,HORD003578,PRD0582,2,622.36,1244.72
HITM0011232,HORD003578,PRD0511,3,1327.08,3981.24
HITM0011233,HORD003578,PRD0100,1,400.25,400.25
HITM0004344,HORD001396,PRD0124,1,1400.78,1400.78
HITM0004345,HORD001396,PRD0327,1,122.19,122.19
HITM0004346,HORD001396,PRD0227,1,853.87,853.87
HITM0004347,HORD001396,PRD0088,1,466.29,466.29
HITM0014708,HORD004677,PRD0410,1,401.28,401.28
HITM0014709,HORD004677,PRD0050,2,191.67,383.34
HITM0014710,HORD004677,PRD0550,1,112.99,112.99
HITM0011033,HORD003515,PRD0885,1,1136.58,1136.58
HITM0011034,HORD003515,PRD0061,1,1754.84,1754.84
HITM0001399,HORD000450,PRD0583,2,1198.86,2397.72
HITM0001400,HORD000450,PRD0003,1,472.24,472.24
HITM0001401,HORD000450,PRD0789,1,416.43,416.43
HITM0001402,HORD000450,PRD0229,1,813.08,813.08
HITM0002802,HORD000903,PRD0221,2,2253.19,4506.38
HITM0002803,HORD000903,PRD0165,1,567.68,567.68
HITM0002804,HORD000903,PRD0049,1,740.34,740.34
HITM0011687,HORD003724,PRD0342,1,1179.87,1179.87
HITM0011688,HORD003724,PRD0263,1,1205.78,1205.78
HITM0011689,HORD003724,PRD0893,2,1076.78,2153.56
HITM0011690,HORD003724,PRD0067,2,374.02,748.04
HITM0011691,HORD003724,PRD0277,1,1153.48,1153.48
HITM0006843,HORD002184,PRD0364,1,4084.62,4084.62
HITM0006844,HORD002184,PRD0345,1,1050.02,1050.02
HITM0006845,HORD002184,PRD0125,2,1104.8,2209.6
HITM0006846,HORD002184,PRD0562,1,670.44,670.44
HITM0006847,HORD002184,PRD0953,1,536.06,536.06
HITM0014374,HORD004575,PRD0415,1,111.92,111.92
HITM0014375,HORD004575,PRD0831,2,1542.33,3084.66
HITM0014376,HORD004575,PRD0550,1,112.99,112.99
HITM0014377,HORD004575,PRD0616,2,311.42,622.84
HITM0006814,HORD002174,PRD0705,1,1096.7,1096.7
HITM0006815,HORD002174,PRD0928,1,426.54,426.54
HITM0006816,HORD002174,PRD0162,1,318.31,318.31
HITM0006817,HORD002174,PRD0208,1,569.31,569.31
HITM0006818,HORD002174,PRD0338,1,472.36,472.36
HITM0007541,HORD002403,PRD0793,1,454.0,454.0
HITM0007542,HORD002403,PRD0047,1,64.28,64.28
HITM0007543,HORD002403,PRD0573,1,1409.7,1409.7
HITM0007544,HORD002403,PRD0276,1,337.93,337.93
HITM0007545,HORD002403,PRD0876,1,228.97,228.97
HITM0004216,HORD001355,PRD0302,2,1259.27,2518.54
HITM0004217,HORD001355,PRD0951,1,2323.13,2323.13
HITM0004459,HORD001431,PRD0654,1,864.76,864.76
HITM0004460,HORD001431,PRD0047,1,64.28,64.28
HITM0004461,HORD001431,PRD0684,1,1730.11,1730.11
HITM0014617,HORD004650,PRD0459,1,1343.7,1343.7
HITM0014618,HORD004650,PRD0980,1,310.02,310.02
HITM0014619,HORD004650,PRD0892,1,1067.89,1067.89
HITM0011611,HORD003697,PRD0180,2,386.36,772.72
HITM0011612,HORD003697,PRD0990,1,114.18,114.18
HITM0011613,HORD003697,PRD0389,1,562.64,562.64
HITM0005305,HORD001694,PRD0226,1,202.49,202.49
HITM0005306,HORD001694,PRD0562,2,670.44,1340.88
HITM0005307,HORD001694,PRD0280,1,105.66,105.66
HITM0005308,HORD001694,PRD0239,2,271.25,542.5
HITM0005309,HORD001694,PRD0609,2,1032.51,2065.02
HITM0008395,HORD002665,PRD0850,1,101.36,101.36
HITM0008396,HORD002665,PRD0110,3,113.31,339.93
HITM0008397,HORD002665,PRD0804,3,1211.99,3635.97
HITM0007668,HORD002441,PRD0920,1,53.18,53.18
HITM0007669,HORD002441,PRD0780,1,297.57,297.57
HITM0007670,HORD002441,PRD0663,1,599.38,599.38
HITM0006868,HORD002192,PRD0495,1,752.39,752.39
HITM0006869,HORD002192,PRD0346,2,470.11,940.22
HITM0006870,HORD002192,PRD0283,3,1338.12,4014.36
HITM0006871,HORD002192,PRD0800,1,334.97,334.97
HITM0007649,HORD002436,PRD0787,1,189.07,189.07
HITM0007650,HORD002436,PRD0814,1,404.73,404.73
HITM0007651,HORD002436,PRD0332,1,858.21,858.21
HITM0007652,HORD002436,PRD0103,1,421.42,421.42
HITM0007653,HORD002436,PRD0020,2,47.5,95.0
HITM0014020,HORD004460,PRD0784,3,3893.33,11679.99
HITM0014021,HORD004460,PRD0124,1,1400.78,1400.78
HITM0014022,HORD004460,PRD0785,2,86.54,173.08
HITM0014023,HORD004460,PRD0896,1,452.47,452.47
HITM0014024,HORD004460,PRD0652,2,1300.01,2600.02
HITM0013331,HORD004241,PRD0340,1,382.9,382.9
HITM0013332,HORD004241,PRD0683,1,704.09,704.09
HITM0013333,HORD004241,PRD0150,3,189.45,568.35
HITM0013334,HORD004241,PRD0987,1,751.73,751.73
HITM0012320,HORD003934,PRD0138,1,727.03,727.03
HITM0013029,HORD004148,PRD0984,1,3872.19,3872.19
HITM0013030,HORD004148,PRD0662,1,483.82,483.82
HITM0013031,HORD004148,PRD0800,2,334.97,669.94
HITM0013032,HORD004148,PRD0266,1,189.02,189.02
HITM0007306,HORD002327,PRD0230,3,72.62,217.86
HITM0008155,HORD002594,PRD0097,2,2083.5,4167.0
HITM0008156,HORD002594,PRD0699,2,373.99,747.98
HITM0008157,HORD002594,PRD0726,2,357.63,715.26
HITM0008158,HORD002594,PRD0007,2,1605.29,3210.58
HITM0002575,HORD000833,PRD0633,1,804.04,804.04
HITM0002576,HORD000833,PRD0571,2,3063.56,6127.12
HITM0002577,HORD000833,PRD0603,1,557.9,557.9
HITM0002882,HORD000927,PRD0295,2,979.25,1958.5
HITM0002647,HORD000854,PRD0214,2,753.54,1507.08
HITM0002648,HORD000854,PRD0696,1,223.84,223.84
HITM0002649,HORD000854,PRD0063,1,1165.11,1165.11
HITM0010439,HORD003319,PRD0935,3,1070.56,3211.68
HITM0010440,HORD003319,PRD0478,3,966.98,2900.94
HITM0010441,HORD003319,PRD0265,2,1188.22,2376.44
HITM0003995,HORD001284,PRD0167,1,2512.16,2512.16
HITM0003996,HORD001284,PRD0999,1,626.07,626.07
HITM0003997,HORD001284,PRD0827,1,1819.32,1819.32
HITM0007528,HORD002399,PRD0460,3,19.84,59.52
HITM0007529,HORD002399,PRD0296,1,440.13,440.13
HITM0007530,HORD002399,PRD0462,1,1832.75,1832.75
HITM0011738,HORD003737,PRD0065,1,1196.5,1196.5
HITM0011739,HORD003737,PRD0287,1,1095.91,1095.91
HITM0011740,HORD003737,PRD0046,1,822.45,822.45
HITM0011741,HORD003737,PRD0545,1,1080.38,1080.38
HITM0011742,HORD003737,PRD0176,1,653.3,653.3
HITM0012115,HORD003865,PRD0088,1,466.29,466.29
HITM0001743,HORD000567,PRD0809,2,699.91,1399.82
HITM0001744,HORD000567,PRD0491,2,2132.04,4264.08
HITM0001745,HORD000567,PRD0212,1,1821.52,1821.52
HITM0006287,HORD002009,PRD0522,1,1754.68,1754.68
HITM0006288,HORD002009,PRD0454,1,1083.26,1083.26
HITM0009522,HORD003025,PRD0333,2,454.01,908.02
HITM0009523,HORD003025,PRD0234,1,2457.44,2457.44
HITM0009524,HORD003025,PRD0171,2,1970.35,3940.7
HITM0011195,HORD003568,PRD0732,1,729.81,729.81
HITM0011196,HORD003568,PRD0010,1,23.5,23.5
HITM0011197,HORD003568,PRD0566,1,150.7,150.7
HITM0010088,HORD003207,PRD0376,3,810.62,2431.86
HITM0010089,HORD003207,PRD0592,1,301.86,301.86
HITM0010090,HORD003207,PRD0428,1,1044.38,1044.38
HITM0010091,HORD003207,PRD0135,1,1040.75,1040.75
HITM0006840,HORD002183,PRD0027,2,431.75,863.5
HITM0006841,HORD002183,PRD0543,1,336.97,336.97
HITM0006842,HORD002183,PRD0198,1,492.76,492.76
HITM0007404,HORD002360,PRD0240,2,371.29,742.58
HITM0007405,HORD002360,PRD0314,2,1247.26,2494.52
HITM0007406,HORD002360,PRD0093,2,1330.98,2661.96
HITM0007407,HORD002360,PRD0662,1,483.82,483.82
HITM0000580,HORD000191,PRD0190,1,248.59,248.59
HITM0000581,HORD000191,PRD0419,1,100.25,100.25
HITM0000582,HORD000191,PRD0285,1,1110.14,1110.14
HITM0000583,HORD000191,PRD0066,1,291.03,291.03
HITM0000584,HORD000191,PRD0401,1,1079.31,1079.31
HITM0011670,HORD003718,PRD0127,1,599.05,599.05
HITM0003292,HORD001061,PRD0686,1,529.65,529.65
HITM0003293,HORD001061,PRD0784,3,3893.33,11679.99
HITM0003294,HORD001061,PRD0580,1,109.85,109.85
HITM0010078,HORD003203,PRD0847,1,1533.33,1533.33
HITM0010079,HORD003203,PRD0055,1,706.09,706.09
HITM0010080,HORD003203,PRD0901,1,2926.07,2926.07
HITM0010081,HORD003203,PRD0109,1,429.51,429.51
HITM0010269,HORD003264,PRD0883,3,1502.86,4508.58
HITM0010270,HORD003264,PRD0566,1,150.7,150.7
HITM0010271,HORD003264,PRD0349,2,1342.94,2685.88
HITM0008035,HORD002556,PRD0326,1,828.92,828.92
HITM0009940,HORD003159,PRD0437,1,2045.28,2045.28
HITM0009941,HORD003159,PRD0178,2,131.81,263.62
HITM0009942,HORD003159,PRD0477,1,1380.73,1380.73
HITM0007452,HORD002375,PRD0858,1,179.07,179.07
HITM0007453,HORD002375,PRD0996,1,455.11,455.11
HITM0007454,HORD002375,PRD0388,1,652.95,652.95
HITM0001327,HORD000428,PRD0705,1,1096.7,1096.7
HITM0001328,HORD000428,PRD0711,1,2598.42,2598.42
HITM0001329,HORD000428,PRD0072,2,1642.51,3285.02
HITM0001330,HORD000428,PRD0891,1,2117.27,2117.27
HITM0010177,HORD003238,PRD0760,1,36.27,36.27
HITM0010178,HORD003238,PRD0994,1,1481.14,1481.14
HITM0010179,HORD003238,PRD0907,1,130.49,130.49
HITM0000826,HORD000269,PRD0694,1,2715.4,2715.4
HITM0000827,HORD000269,PRD0239,1,271.25,271.25
HITM0000828,HORD000269,PRD0628,1,219.29,219.29
HITM0000829,HORD000269,PRD0254,1,2250.67,2250.67
HITM0000830,HORD000269,PRD0998,1,178.25,178.25
HITM0006107,HORD001953,PRD0345,1,1050.02,1050.02
HITM0006108,HORD001953,PRD0623,1,442.62,442.62
HITM0006109,HORD001953,PRD0952,1,1618.02,1618.02
HITM0006110,HORD001953,PRD0590,2,54.96,109.92
HITM0006111,HORD001953,PRD0065,1,1196.5,1196.5
HITM0005896,HORD001886,PRD0923,1,1251.17,1251.17
HITM0008980,HORD002853,PRD0875,2,243.6,487.2
HITM0008981,HORD002853,PRD0419,1,100.25,100.25
HITM0008982,HORD002853,PRD0435,1,306.84,306.84
HITM0008983,HORD002853,PRD0690,1,115.07,115.07
HITM0015273,HORD004859,PRD0842,1,1758.47,1758.47
HITM0015274,HORD004859,PRD0807,1,1660.47,1660.47
HITM0015275,HORD004859,PRD0386,1,167.3,167.3
HITM0015276,HORD004859,PRD0500,1,408.62,408.62
HITM0001487,HORD000480,PRD0133,1,1145.34,1145.34
HITM0001488,HORD000480,PRD0313,2,1471.48,2942.96
HITM0001489,HORD000480,PRD0639,1,1085.06,1085.06
HITM0001490,HORD000480,PRD0811,1,2857.81,2857.81
HITM0001491,HORD000480,PRD0335,1,1165.89,1165.89
HITM0013937,HORD004430,PRD0129,1,349.4,349.4
HITM0013938,HORD004430,PRD0402,2,400.07,800.14
HITM0013939,HORD004430,PRD0516,1,339.27,339.27
HITM0013940,HORD004430,PRD0268,1,1094.58,1094.58
HITM0013941,HORD004430,PRD0512,1,853.36,853.36
HITM0003429,HORD001105,PRD0605,1,969.96,969.96
HITM0015534,HORD004947,PRD0674,1,3768.2,3768.2
HITM0015535,HORD004947,PRD0456,1,690.03,690.03
HITM0004883,HORD001564,PRD0023,1,688.53,688.53
HITM0004884,HORD001564,PRD0334,1,1182.39,1182.39
HITM0001556,HORD000503,PRD0598,2,723.86,1447.72
HITM0001557,HORD000503,PRD0891,1,2117.27,2117.27
HITM0003050,HORD000978,PRD0171,1,1970.35,1970.35
HITM0003051,HORD000978,PRD0325,1,161.7,161.7
HITM0003052,HORD000978,PRD0765,2,915.52,1831.04
HITM0003053,HORD000978,PRD0819,1,191.18,191.18
HITM0005394,HORD001722,PRD0738,1,357.89,357.89
HITM0005395,HORD001722,PRD0940,1,51.08,51.08
HITM0005396,HORD001722,PRD0349,1,1342.94,1342.94
HITM0005397,HORD001722,PRD0574,2,2952.04,5904.08
HITM0003740,HORD001207,PRD0888,1,828.95,828.95
HITM0003741,HORD001207,PRD0475,1,559.21,559.21
HITM0003742,HORD001207,PRD0769,1,982.55,982.55
HITM0003743,HORD001207,PRD0896,1,452.47,452.47
HITM0003744,HORD001207,PRD0038,1,769.34,769.34
HITM0013024,HORD004147,PRD0999,1,626.07,626.07
HITM0013025,HORD004147,PRD0669,2,271.59,543.18
HITM0013026,HORD004147,PRD0628,1,219.29,219.29
HITM0013027,HORD004147,PRD0136,1,249.62,249.62
HITM0013028,HORD004147,PRD0037,1,2028.72,2028.72
HITM0008386,HORD002662,PRD0291,1,2310.69,2310.69
HITM0008387,HORD002662,PRD0631,1,1231.25,1231.25
HITM0008388,HORD002662,PRD0533,1,789.09,789.09
HITM0002282,HORD000738,PRD0603,2,557.9,1115.8
HITM0002283,HORD000738,PRD0828,1,745.61,745.61
HITM0002284,HORD000738,PRD0779,1,835.92,835.92
HITM0002285,HORD000738,PRD0486,2,706.44,1412.88
HITM0005601,HORD001793,PRD0952,1,1618.02,1618.02
HITM0005602,HORD001793,PRD0266,1,189.02,189.02
HITM0005603,HORD001793,PRD0428,1,1044.38,1044.38
HITM0004069,HORD001310,PRD0028,1,855.88,855.88
HITM0004070,HORD001310,PRD0442,1,1758.97,1758.97
HITM0004071,HORD001310,PRD0656,1,848.87,848.87
HITM0004072,HORD001310,PRD0529,1,952.92,952.92
HITM0008346,HORD002650,PRD0754,1,2206.66,2206.66
HITM0008347,HORD002650,PRD0207,1,2341.74,2341.74
HITM0008348,HORD002650,PRD0921,1,2485.73,2485.73
HITM0008349,HORD002650,PRD0827,1,1819.32,1819.32
HITM0008350,HORD002650,PRD0498,1,201.0,201.0
HITM0014909,HORD004742,PRD0939,1,966.3,966.3
HITM0014910,HORD004742,PRD0710,2,193.26,386.52
HITM0014911,HORD004742,PRD0560,2,176.65,353.3
HITM0014912,HORD004742,PRD0638,2,331.17,662.34
HITM0013831,HORD004398,PRD0975,1,87.41,87.41
HITM0013832,HORD004398,PRD0944,1,2644.88,2644.88
HITM0013833,HORD004398,PRD0103,1,421.42,421.42
HITM0004988,HORD001597,PRD0787,1,189.07,189.07
HITM0004989,HORD001597,PRD0642,1,1517.82,1517.82
HITM0004990,HORD001597,PRD0898,1,642.43,642.43
HITM0004991,HORD001597,PRD0062,1,685.19,685.19
HITM0004992,HORD001597,PRD0506,1,551.69,551.69
HITM0000423,HORD000144,PRD0670,3,387.96,1163.88
HITM0000424,HORD000144,PRD0849,1,216.96,216.96
HITM0000425,HORD000144,PRD0432,1,390.19,390.19
HITM0013353,HORD004248,PRD0088,1,466.29,466.29
HITM0013354,HORD004248,PRD0709,2,320.78,641.56
HITM0013355,HORD004248,PRD0698,2,68.9,137.8
HITM0013356,HORD004248,PRD0165,2,567.68,1135.36
HITM0006373,HORD002037,PRD0639,1,1085.06,1085.06
HITM0006374,HORD002037,PRD0276,1,337.93,337.93
HITM0006375,HORD002037,PRD0133,1,1145.34,1145.34
HITM0006376,HORD002037,PRD0416,1,749.76,749.76
HITM0005838,HORD001868,PRD0158,1,751.25,751.25
HITM0005839,HORD001868,PRD0756,1,177.47,177.47
HITM0007791,HORD002476,PRD0481,1,3068.96,3068.96
HITM0007792,HORD002476,PRD0415,1,111.92,111.92
HITM0000019,HORD000008,PRD0118,2,148.01,296.02
HITM0000020,HORD000008,PRD0246,1,362.52,362.52
HITM0000021,HORD000008,PRD0263,2,1205.78,2411.56
HITM0000022,HORD000008,PRD0738,2,357.89,715.78
HITM0006949,HORD002218,PRD0684,1,1730.11,1730.11
HITM0006950,HORD002218,PRD0124,1,1400.78,1400.78
HITM0006951,HORD002218,PRD0257,1,637.63,637.63
HITM0006952,HORD002218,PRD0024,1,2921.86,2921.86
HITM0007111,HORD002269,PRD0558,2,383.39,766.78
HITM0007112,HORD002269,PRD0770,1,116.43,116.43
HITM0007113,HORD002269,PRD0447,2,1044.91,2089.82
HITM0007114,HORD002269,PRD0124,1,1400.78,1400.78
HITM0007115,HORD002269,PRD0168,3,341.32,1023.96
HITM0003823,HORD001233,PRD0946,1,618.18,618.18
HITM0003824,HORD001233,PRD0236,1,135.01,135.01
HITM0003825,HORD001233,PRD0170,1,90.68,90.68
HITM0005707,HORD001826,PRD0444,3,1415.02,4245.06
HITM0005708,HORD001826,PRD0867,1,111.69,111.69
HITM0005709,HORD001826,PRD0356,2,365.08,730.16
HITM0000325,HORD000109,PRD0084,1,3804.86,3804.86
HITM0000326,HORD000109,PRD0975,1,87.41,87.41
HITM0000327,HORD000109,PRD0437,1,2045.28,2045.28
HITM0011922,HORD003799,PRD0661,2,1196.27,2392.54
HITM0011923,HORD003799,PRD0413,1,420.29,420.29
HITM0011924,HORD003799,PRD0458,1,242.85,242.85
HITM0011925,HORD003799,PRD0066,1,291.03,291.03
HITM0003430,HORD001106,PRD0818,3,1004.26,3012.78
HITM0003431,HORD001106,PRD0036,1,355.76,355.76
HITM0003432,HORD001106,PRD0544,1,1611.97,1611.97
HITM0008020,HORD002551,PRD0118,1,148.01,148.01
HITM0008021,HORD002551,PRD0726,2,357.63,715.26
HITM0008022,HORD002551,PRD0374,2,772.23,1544.46
HITM0001966,HORD000638,PRD0139,2,877.46,1754.92
HITM0001967,HORD000638,PRD0483,1,436.08,436.08
HITM0001968,HORD000638,PRD0626,2,521.1,1042.2
HITM0011577,HORD003686,PRD0056,1,258.5,258.5
HITM0011578,HORD003686,PRD0334,1,1182.39,1182.39
HITM0011579,HORD003686,PRD0175,1,1014.37,1014.37
HITM0011580,HORD003686,PRD0628,3,219.29,657.87
HITM0013208,HORD004202,PRD0479,1,1360.38,1360.38
HITM0013209,HORD004202,PRD0258,1,133.79,133.79
HITM0013210,HORD004202,PRD0726,1,357.63,357.63
HITM0013211,HORD004202,PRD0413,2,420.29,840.58
HITM0000788,HORD000254,PRD0541,1,1257.3,1257.3
HITM0000789,HORD000254,PRD0006,1,733.43,733.43
HITM0000790,HORD000254,PRD0516,1,339.27,339.27
HITM0008930,HORD002839,PRD0379,2,989.35,1978.7
HITM0008931,HORD002839,PRD0831,1,1542.33,1542.33
HITM0008932,HORD002839,PRD0369,1,429.26,429.26
HITM0008933,HORD002839,PRD0975,1,87.41,87.41
HITM0008934,HORD002839,PRD0468,1,254.35,254.35
HITM0009216,HORD002928,PRD0962,2,482.88,965.76
HITM0009217,HORD002928,PRD0273,3,469.96,1409.88
HITM0009218,HORD002928,PRD0849,1,216.96,216.96
HITM0013137,HORD004180,PRD0530,2,14.38,28.76
HITM0013138,HORD004180,PRD0345,1,1050.02,1050.02
HITM0013139,HORD004180,PRD0559,1,531.55,531.55
HITM0000152,HORD000053,PRD0076,1,705.93,705.93
HITM0000153,HORD000053,PRD0520,2,331.38,662.76
HITM0000154,HORD000053,PRD0174,1,3628.06,3628.06
HITM0000155,HORD000053,PRD0105,1,325.21,325.21
HITM0007167,HORD002285,PRD0973,1,703.36,703.36
HITM0007168,HORD002285,PRD0239,1,271.25,271.25
HITM0007169,HORD002285,PRD0517,1,1601.01,1601.01
HITM0011038,HORD003517,PRD0230,1,72.62,72.62
HITM0011039,HORD003517,PRD0976,1,196.82,196.82
HITM0011040,HORD003517,PRD0342,2,1179.87,2359.74
HITM0011041,HORD003517,PRD0963,1,997.83,997.83
HITM0005951,HORD001903,PRD0752,1,1670.56,1670.56
HITM0005952,HORD001903,PRD0409,1,200.48,200.48
HITM0005953,HORD001903,PRD0160,1,361.95,361.95
HITM0005954,HORD001903,PRD0650,1,129.9,129.9
HITM0008351,HORD002651,PRD0061,2,1754.84,3509.68
HITM0008352,HORD002651,PRD0011,1,1900.95,1900.95
HITM0008353,HORD002651,PRD0321,1,1131.25,1131.25
HITM0008354,HORD002651,PRD0858,1,179.07,179.07
HITM0014137,HORD004497,PRD0080,1,60.33,60.33
HITM0014138,HORD004497,PRD0815,1,261.87,261.87
HITM0014139,HORD004497,PRD0374,1,772.23,772.23
HITM0011485,HORD003658,PRD0650,1,129.9,129.9
HITM0011486,HORD003658,PRD0472,2,1677.61,3355.22
HITM0011487,HORD003658,PRD0530,1,14.38,14.38
HITM0008399,HORD002667,PRD0483,1,436.08,436.08
HITM0008400,HORD002667,PRD0065,1,1196.5,1196.5
HITM0008793,HORD002792,PRD0612,1,385.34,385.34
HITM0008794,HORD002792,PRD0647,1,2133.15,2133.15
HITM0008795,HORD002792,PRD0824,2,3668.34,7336.68
HITM0008796,HORD002792,PRD0916,3,256.29,768.87
HITM0010877,HORD003463,PRD0529,1,952.92,952.92
HITM0010878,HORD003463,PRD0550,1,112.99,112.99
HITM0010879,HORD003463,PRD0753,1,377.42,377.42
HITM0000672,HORD000218,PRD0898,1,642.43,642.43
HITM0000673,HORD000218,PRD0988,1,1072.9,1072.9
HITM0015334,HORD004881,PRD0840,1,164.29,164.29
HITM0015335,HORD004881,PRD0607,1,113.06,113.06
HITM0015336,HORD004881,PRD0171,1,1970.35,1970.35
HITM0001029,HORD000335,PRD0585,2,855.14,1710.28
HITM0001030,HORD000335,PRD0438,2,767.87,1535.74
HITM0001031,HORD000335,PRD0018,2,1099.45,2198.9
HITM0001032,HORD000335,PRD0092,2,370.43,740.86
HITM0001033,HORD000335,PRD0879,3,287.13,861.39
HITM0012631,HORD004029,PRD0337,1,842.79,842.79
HITM0009175,HORD002913,PRD0653,1,1139.17,1139.17
HITM0009176,HORD002913,PRD0484,1,1342.84,1342.84
HITM0009177,HORD002913,PRD0149,1,119.35,119.35
HITM0009178,HORD002913,PRD0109,1,429.51,429.51
HITM0001676,HORD000543,PRD0786,1,142.49,142.49
HITM0004888,HORD001566,PRD0270,2,154.55,309.1
HITM0002410,HORD000778,PRD0264,2,3567.97,7135.94
HITM0002411,HORD000778,PRD0608,1,918.08,918.08
HITM0002412,HORD000778,PRD0223,1,1020.19,1020.19
HITM0002413,HORD000778,PRD0720,2,216.18,432.36
HITM0002414,HORD000778,PRD0656,1,848.87,848.87
HITM0010041,HORD003191,PRD0983,1,1360.95,1360.95
HITM0010042,HORD003191,PRD0096,1,569.77,569.77
HITM0010043,HORD003191,PRD0494,1,2097.54,2097.54
HITM0010044,HORD003191,PRD0757,1,1540.4,1540.4
HITM0010646,HORD003389,PRD0558,1,383.39,383.39
HITM0010647,HORD003389,PRD0998,1,178.25,178.25
HITM0015224,HORD004844,PRD0961,1,2282.29,2282.29
HITM0015225,HORD004844,PRD0989,1,359.81,359.81
HITM0015226,HORD004844,PRD0880,1,291.86,291.86
HITM0007630,HORD002430,PRD0235,1,158.61,158.61
HITM0007631,HORD002430,PRD0696,1,223.84,223.84
HITM0007632,HORD002430,PRD0008,1,442.13,442.13
HITM0009179,HORD002914,PRD0906,1,303.87,303.87
HITM0009180,HORD002914,PRD0459,1,1343.7,1343.7
HITM0009181,HORD002914,PRD0723,1,1076.87,1076.87
HITM0014496,HORD004613,PRD0708,1,1076.81,1076.81
HITM0014497,HORD004613,PRD0527,1,1407.36,1407.36
HITM0004670,HORD001498,PRD0244,1,2495.06,2495.06
HITM0004671,HORD001498,PRD0843,1,1192.62,1192.62
HITM0004672,HORD001498,PRD0380,1,318.45,318.45
HITM0001540,HORD000498,PRD0950,1,108.8,108.8
HITM0001541,HORD000498,PRD0157,1,591.59,591.59
HITM0001542,HORD000498,PRD0293,1,1383.27,1383.27
HITM0015318,HORD004876,PRD0080,1,60.33,60.33
HITM0015319,HORD004876,PRD0170,1,90.68,90.68
HITM0015320,HORD004876,PRD0830,2,121.26,242.52
HITM0006801,HORD002170,PRD0229,1,813.08,813.08
HITM0006802,HORD002170,PRD0841,2,2479.75,4959.5
HITM0006803,HORD002170,PRD0391,1,1640.32,1640.32
HITM0006018,HORD001923,PRD0268,1,1094.58,1094.58
HITM0006019,HORD001923,PRD0511,1,1327.08,1327.08
HITM0006020,HORD001923,PRD0534,1,781.55,781.55
HITM0006021,HORD001923,PRD0369,1,429.26,429.26
HITM0006022,HORD001923,PRD0820,1,109.62,109.62
HITM0006988,HORD002232,PRD0079,2,211.65,423.3
HITM0006989,HORD002232,PRD0791,1,2700.27,2700.27
HITM0006990,HORD002232,PRD0696,1,223.84,223.84
HITM0006827,HORD002177,PRD0832,1,1103.3,1103.3
HITM0006828,HORD002177,PRD0418,1,584.01,584.01
HITM0013372,HORD004253,PRD0149,1,119.35,119.35
HITM0013373,HORD004253,PRD0806,1,210.08,210.08
HITM0011147,HORD003553,PRD0057,1,1785.63,1785.63
HITM0011148,HORD003553,PRD0816,1,125.37,125.37
HITM0011149,HORD003553,PRD0350,1,142.11,142.11
HITM0015424,HORD004913,PRD0009,1,301.36,301.36
HITM0015425,HORD004913,PRD0717,1,1445.8,1445.8
HITM0015426,HORD004913,PRD0344,2,1481.0,2962.0
HITM0009114,HORD002893,PRD0599,1,1497.17,1497.17
HITM0009115,HORD002893,PRD0120,1,348.09,348.09
HITM0009116,HORD002893,PRD0155,1,171.72,171.72
HITM0010125,HORD003220,PRD0228,2,419.86,839.72
HITM0010126,HORD003220,PRD0645,1,262.13,262.13
HITM0010127,HORD003220,PRD0188,2,370.0,740.0
HITM0008464,HORD002690,PRD0259,1,409.08,409.08
HITM0015642,HORD004986,PRD0859,2,1242.69,2485.38
HITM0015643,HORD004986,PRD0878,2,1044.76,2089.52
HITM0015644,HORD004986,PRD0250,3,376.98,1130.94
HITM0015645,HORD004986,PRD0850,1,101.36,101.36
HITM0003192,HORD001024,PRD0656,1,848.87,848.87
HITM0009480,HORD003009,PRD0113,2,795.05,1590.1
HITM0009481,HORD003009,PRD0822,1,724.35,724.35
HITM0009482,HORD003009,PRD0159,1,1281.12,1281.12
HITM0008180,HORD002602,PRD0048,1,165.15,165.15
HITM0008181,HORD002602,PRD0595,1,108.82,108.82
HITM0008182,HORD002602,PRD0084,1,3804.86,3804.86
HITM0008183,HORD002602,PRD0980,2,310.02,620.04
HITM0008184,HORD002602,PRD0115,2,855.33,1710.66
HITM0010553,HORD003358,PRD0698,2,68.9,137.8
HITM0010554,HORD003358,PRD0568,2,670.01,1340.02
HITM0010555,HORD003358,PRD0681,2,1086.83,2173.66
HITM0001372,HORD000442,PRD0628,1,219.29,219.29
HITM0001373,HORD000442,PRD0278,1,509.34,509.34
HITM0001374,HORD000442,PRD0974,1,3468.15,3468.15
HITM0001375,HORD000442,PRD0349,2,1342.94,2685.88
HITM0008333,HORD002646,PRD0747,1,1353.66,1353.66
HITM0008334,HORD002646,PRD0683,1,704.09,704.09
HITM0008335,HORD002646,PRD0079,1,211.65,211.65
HITM0013881,HORD004412,PRD0957,2,2550.17,5100.34
HITM0013882,HORD004412,PRD0811,1,2857.81,2857.81
HITM0013883,HORD004412,PRD0135,1,1040.75,1040.75
HITM0013884,HORD004412,PRD0540,1,16.38,16.38
HITM0001235,HORD000398,PRD0858,1,179.07,179.07
HITM0001236,HORD000398,PRD0778,1,921.48,921.48
HITM0001951,HORD000634,PRD0280,1,105.66,105.66
HITM0001952,HORD000634,PRD0745,1,222.81,222.81
HITM0001953,HORD000634,PRD0113,1,795.05,795.05
HITM0001954,HORD000634,PRD0535,1,536.13,536.13
HITM0001955,HORD000634,PRD0268,1,1094.58,1094.58
HITM0003760,HORD001213,PRD0293,1,1383.27,1383.27
HITM0003761,HORD001213,PRD0148,1,1047.53,1047.53
HITM0003762,HORD001213,PRD0465,3,61.33,183.99
HITM0003763,HORD001213,PRD0317,1,1797.93,1797.93
HITM0003764,HORD001213,PRD0527,2,1407.36,2814.72
HITM0001179,HORD000381,PRD0518,1,271.63,271.63
HITM0001180,HORD000381,PRD0090,1,99.88,99.88
HITM0010899,HORD003470,PRD0756,1,177.47,177.47
HITM0010900,HORD003470,PRD0169,1,1130.0,1130.0
HITM0010901,HORD003470,PRD0530,1,14.38,14.38
HITM0005225,HORD001672,PRD0916,1,256.29,256.29
HITM0005226,HORD001672,PRD0133,2,1145.34,2290.68
HITM0005227,HORD001672,PRD0187,1,2390.01,2390.01
HITM0005228,HORD001672,PRD0560,1,176.65,176.65
HITM0005229,HORD001672,PRD0285,1,1110.14,1110.14
HITM0011873,HORD003783,PRD0858,1,179.07,179.07
HITM0011874,HORD003783,PRD0665,1,304.74,304.74
HITM0011875,HORD003783,PRD0843,1,1192.62,1192.62
HITM0004058,HORD001306,PRD0064,1,3541.77,3541.77
HITM0004059,HORD001306,PRD0891,2,2117.27,4234.54
HITM0004060,HORD001306,PRD0467,1,2512.22,2512.22
HITM0003178,HORD001020,PRD0074,1,3772.69,3772.69
HITM0003179,HORD001020,PRD0049,2,740.34,1480.68
HITM0003180,HORD001020,PRD0742,1,338.72,338.72
HITM0003181,HORD001020,PRD0907,1,130.49,130.49
HITM0013426,HORD004269,PRD0631,1,1231.25,1231.25
HITM0013350,HORD004247,PRD0200,1,148.27,148.27
HITM0013351,HORD004247,PRD0590,2,54.96,109.92
HITM0013352,HORD004247,PRD0087,2,2316.68,4633.36
HITM0014515,HORD004619,PRD0550,1,112.99,112.99
HITM0014516,HORD004619,PRD0233,1,1369.87,1369.87
HITM0014517,HORD004619,PRD0666,2,115.16,230.32
HITM0014518,HORD004619,PRD0663,1,599.38,599.38
HITM0001978,HORD000643,PRD0518,1,271.63,271.63
HITM0001979,HORD000643,PRD0484,1,1342.84,1342.84
HITM0001980,HORD000643,PRD0121,1,3142.89,3142.89
HITM0001981,HORD000643,PRD0888,1,828.95,828.95
HITM0002662,HORD000858,PRD0180,1,386.36,386.36
HITM0002663,HORD000858,PRD0481,1,3068.96,3068.96
HITM0002664,HORD000858,PRD0995,1,69.16,69.16
HITM0002665,HORD000858,PRD0699,1,373.99,373.99
HITM0002666,HORD000858,PRD0383,1,584.39,584.39
HITM0000439,HORD000149,PRD0753,1,377.42,377.42
HITM0000440,HORD000149,PRD0010,1,23.5,23.5
HITM0000441,HORD000149,PRD0205,1,1030.02,1030.02
HITM0001346,HORD000434,PRD0848,1,289.88,289.88
HITM0001347,HORD000434,PRD0356,1,365.08,365.08
HITM0001348,HORD000434,PRD0246,2,362.52,725.04
HITM0000348,HORD000118,PRD0760,1,36.27,36.27
HITM0000349,HORD000118,PRD0435,1,306.84,306.84
HITM0000350,HORD000118,PRD0819,1,191.18,191.18
HITM0005048,HORD001617,PRD0656,1,848.87,848.87
HITM0005049,HORD001617,PRD0640,1,215.9,215.9
HITM0005050,HORD001617,PRD0109,1,429.51,429.51
HITM0004063,HORD001308,PRD0908,2,81.42,162.84
HITM0004064,HORD001308,PRD0940,1,51.08,51.08
HITM0004065,HORD001308,PRD0858,1,179.07,179.07
HITM0003578,HORD001155,PRD0038,1,769.34,769.34
HITM0003579,HORD001155,PRD0843,1,1192.62,1192.62
HITM0003580,HORD001155,PRD0760,1,36.27,36.27
HITM0003581,HORD001155,PRD0334,1,1182.39,1182.39
HITM0012816,HORD004084,PRD0489,1,1103.05,1103.05
HITM0012817,HORD004084,PRD0160,2,361.95,723.9
HITM0012818,HORD004084,PRD0513,1,1335.99,1335.99
HITM0012819,HORD004084,PRD0586,1,754.59,754.59
HITM0005932,HORD001898,PRD0619,3,1486.76,4460.28
HITM0005933,HORD001898,PRD0114,1,3925.54,3925.54
HITM0005934,HORD001898,PRD0214,1,753.54,753.54
HITM0015182,HORD004829,PRD0958,1,453.1,453.1
HITM0015183,HORD004829,PRD0111,2,2798.27,5596.54
HITM0015184,HORD004829,PRD0833,1,1377.34,1377.34
HITM0012148,HORD003877,PRD0652,1,1300.01,1300.01
HITM0012149,HORD003877,PRD0290,1,154.65,154.65
HITM0012150,HORD003877,PRD0842,1,1758.47,1758.47
HITM0006831,HORD002179,PRD0047,1,64.28,64.28
HITM0006832,HORD002179,PRD0937,1,1780.49,1780.49
HITM0007675,HORD002443,PRD0217,1,441.18,441.18
HITM0007676,HORD002443,PRD0118,1,148.01,148.01
HITM0007677,HORD002443,PRD0511,1,1327.08,1327.08
HITM0014238,HORD004531,PRD0342,1,1179.87,1179.87
HITM0014239,HORD004531,PRD0929,1,1112.27,1112.27
HITM0014240,HORD004531,PRD0469,1,552.84,552.84
HITM0014241,HORD004531,PRD0745,1,222.81,222.81
HITM0007465,HORD002379,PRD0313,1,1471.48,1471.48
HITM0007466,HORD002379,PRD0125,1,1104.8,1104.8
HITM0007467,HORD002379,PRD0916,2,256.29,512.58
HITM0014727,HORD004684,PRD0280,1,105.66,105.66
HITM0012285,HORD003924,PRD0924,1,2237.68,2237.68
HITM0012286,HORD003924,PRD0470,2,91.58,183.16
HITM0012287,HORD003924,PRD0860,1,113.03,113.03
HITM0009407,HORD002986,PRD0082,1,1101.3,1101.3
HITM0009408,HORD002986,PRD0338,1,472.36,472.36
HITM0001370,HORD000441,PRD0780,1,297.57,297.57
HITM0001371,HORD000441,PRD0504,1,3243.43,3243.43
HITM0011412,HORD003634,PRD0858,3,179.07,537.21
HITM0011413,HORD003634,PRD0983,1,1360.95,1360.95
HITM0011414,HORD003634,PRD0111,1,2798.27,2798.27
HITM0011415,HORD003634,PRD0008,1,442.13,442.13
HITM0005892,HORD001884,PRD0409,1,200.48,200.48
HITM0005893,HORD001884,PRD0022,1,1480.38,1480.38
HITM0013345,HORD004246,PRD0407,1,2508.69,2508.69
HITM0013346,HORD004246,PRD0313,1,1471.48,1471.48
HITM0013347,HORD004246,PRD0516,1,339.27,339.27
HITM0013348,HORD004246,PRD0520,1,331.38,331.38
HITM0013349,HORD004246,PRD0613,1,774.1,774.1
HITM0004868,HORD001559,PRD0194,1,2883.61,2883.61
HITM0004869,HORD001559,PRD0885,1,1136.58,1136.58
HITM0004870,HORD001559,PRD0982,1,885.27,885.27
HITM0002377,HORD000769,PRD0889,1,478.58,478.58
HITM0002378,HORD000769,PRD0189,1,1162.73,1162.73
HITM0002379,HORD000769,PRD0205,2,1030.02,2060.04
HITM0007574,HORD002412,PRD0306,1,677.68,677.68
HITM0007575,HORD002412,PRD0590,1,54.96,54.96
HITM0007576,HORD002412,PRD0255,1,699.0,699.0
HITM0010400,HORD003306,PRD0049,1,740.34,740.34
HITM0010401,HORD003306,PRD0589,1,671.85,671.85
HITM0010402,HORD003306,PRD0582,1,622.36,622.36
HITM0014471,HORD004605,PRD0355,1,714.36,714.36
HITM0014472,HORD004605,PRD0285,2,1110.14,2220.28
HITM0014473,HORD004605,PRD0176,1,653.3,653.3
HITM0015194,HORD004833,PRD0685,1,1109.03,1109.03
HITM0015195,HORD004833,PRD0516,1,339.27,339.27
HITM0014691,HORD004672,PRD0656,1,848.87,848.87
HITM0014692,HORD004672,PRD0909,1,1266.71,1266.71
HITM0014693,HORD004672,PRD0305,2,387.39,774.78
HITM0014606,HORD004647,PRD0293,1,1383.27,1383.27
HITM0014607,HORD004647,PRD0305,2,387.39,774.78
HITM0014608,HORD004647,PRD0135,2,1040.75,2081.5
HITM0014609,HORD004647,PRD0017,1,1979.17,1979.17
HITM0002194,HORD000710,PRD0462,3,1832.75,5498.25
HITM0002195,HORD000710,PRD0530,1,14.38,14.38
HITM0002196,HORD000710,PRD0910,2,53.54,107.08
HITM0002197,HORD000710,PRD0411,2,1693.96,3387.92
HITM0002198,HORD000710,PRD0566,1,150.7,150.7
HITM0000032,HORD000013,PRD0700,1,241.67,241.67
HITM0000033,HORD000013,PRD0295,1,979.25,979.25
HITM0000034,HORD000013,PRD0858,1,179.07,179.07
HITM0005474,HORD001751,PRD0298,2,275.37,550.74
HITM0005475,HORD001751,PRD0870,2,297.44,594.88
HITM0005476,HORD001751,PRD0770,2,116.43,232.86
HITM0005477,HORD001751,PRD0285,1,1110.14,1110.14
HITM0014530,HORD004624,PRD0086,1,669.12,669.12
HITM0014531,HORD004624,PRD0715,1,401.49,401.49
HITM0014532,HORD004624,PRD0975,1,87.41,87.41
HITM0014533,HORD004624,PRD0708,1,1076.81,1076.81
HITM0014534,HORD004624,PRD0337,3,842.79,2528.37
HITM0005790,HORD001853,PRD0333,1,454.01,454.01
HITM0005791,HORD001853,PRD0369,2,429.26,858.52
HITM0005792,HORD001853,PRD0409,1,200.48,200.48
HITM0005793,HORD001853,PRD0196,1,206.29,206.29
HITM0012004,HORD003827,PRD0782,1,483.91,483.91
HITM0012005,HORD003827,PRD0227,1,853.87,853.87
HITM0012006,HORD003827,PRD0335,1,1165.89,1165.89
HITM0012007,HORD003827,PRD0617,2,629.04,1258.08
HITM0011265,HORD003589,PRD0101,3,1151.85,3455.55
HITM0011266,HORD003589,PRD0205,1,1030.02,1030.02
HITM0011267,HORD003589,PRD0118,1,148.01,148.01
HITM0000550,HORD000181,PRD0352,1,1553.05,1553.05
HITM0000551,HORD000181,PRD0510,1,267.14,267.14
HITM0000552,HORD000181,PRD0679,2,864.47,1728.94
HITM0000553,HORD000181,PRD0588,1,277.14,277.14
HITM0000554,HORD000181,PRD0081,1,3046.5,3046.5
HITM0002590,HORD000838,PRD0688,1,409.87,409.87
HITM0002591,HORD000838,PRD0393,1,310.3,310.3
HITM0002592,HORD000838,PRD0937,1,1780.49,1780.49
HITM0001200,HORD000387,PRD0328,1,634.48,634.48
HITM0011981,HORD003819,PRD0625,1,840.9,840.9
HITM0011982,HORD003819,PRD0865,1,851.18,851.18
HITM0011983,HORD003819,PRD0983,1,1360.95,1360.95
HITM0008172,HORD002599,PRD0700,2,241.67,483.34
HITM0008173,HORD002599,PRD0937,1,1780.49,1780.49
HITM0008174,HORD002599,PRD0260,1,100.02,100.02
HITM0006829,HORD002178,PRD0673,2,373.06,746.12
HITM0006830,HORD002178,PRD0938,1,327.05,327.05
HITM0004967,HORD001591,PRD0230,1,72.62,72.62
HITM0004968,HORD001591,PRD0015,3,238.76,716.28
HITM0004969,HORD001591,PRD0837,1,2447.06,2447.06
HITM0004100,HORD001320,PRD0880,1,291.86,291.86
HITM0004101,HORD001320,PRD0026,1,760.37,760.37
HITM0004102,HORD001320,PRD0010,1,23.5,23.5
HITM0004103,HORD001320,PRD0095,3,699.82,2099.46
HITM0004104,HORD001320,PRD0580,1,109.85,109.85
HITM0014849,HORD004724,PRD0586,3,754.59,2263.77
HITM0014850,HORD004724,PRD0426,1,690.03,690.03
HITM0014851,HORD004724,PRD0962,1,482.88,482.88
HITM0014852,HORD004724,PRD0846,1,671.93,671.93
HITM0014853,HORD004724,PRD0925,2,557.83,1115.66
HITM0009293,HORD002951,PRD0479,1,1360.38,1360.38
HITM0009294,HORD002951,PRD0209,1,164.63,164.63
HITM0009295,HORD002951,PRD0119,2,1161.39,2322.78
HITM0002922,HORD000941,PRD0708,1,1076.81,1076.81
HITM0002923,HORD000941,PRD0898,1,642.43,642.43
HITM0002924,HORD000941,PRD0792,1,1375.74,1375.74
HITM0002925,HORD000941,PRD0613,1,774.1,774.1
HITM0002926,HORD000941,PRD0256,2,694.57,1389.14
HITM0014483,HORD004608,PRD0665,1,304.74,304.74
HITM0014484,HORD004608,PRD0520,1,331.38,331.38
HITM0014485,HORD004608,PRD0557,1,114.56,114.56
HITM0014330,HORD004559,PRD0948,1,581.24,581.24
HITM0014331,HORD004559,PRD0226,1,202.49,202.49
HITM0014332,HORD004559,PRD0056,1,258.5,258.5
HITM0014333,HORD004559,PRD0673,1,373.06,373.06
HITM0014334,HORD004559,PRD0886,1,59.21,59.21
HITM0008992,HORD002856,PRD0640,1,215.9,215.9
HITM0008993,HORD002856,PRD0226,1,202.49,202.49
HITM0008994,HORD002856,PRD0238,1,866.49,866.49
HITM0001504,HORD000486,PRD0260,1,100.02,100.02
HITM0001505,HORD000486,PRD0254,1,2250.67,2250.67
HITM0015542,HORD004951,PRD0262,1,1028.17,1028.17
HITM0015543,HORD004951,PRD0227,2,853.87,1707.74
HITM0015544,HORD004951,PRD0106,1,385.13,385.13
HITM0004885,HORD001565,PRD0403,2,1021.92,2043.84
HITM0004886,HORD001565,PRD0786,1,142.49,142.49
HITM0004887,HORD001565,PRD0129,1,349.4,349.4
HITM0011086,HORD003534,PRD0752,1,1670.56,1670.56
HITM0011087,HORD003534,PRD0907,1,130.49,130.49
HITM0011088,HORD003534,PRD0157,1,591.59,591.59
HITM0011089,HORD003534,PRD0175,1,1014.37,1014.37
HITM0015041,HORD004784,PRD0957,2,2550.17,5100.34
HITM0015042,HORD004784,PRD0170,1,90.68,90.68
HITM0015043,HORD004784,PRD0204,1,3651.04,3651.04
HITM0011326,HORD003608,PRD0111,1,2798.27,2798.27
HITM0011327,HORD003608,PRD0560,1,176.65,176.65
HITM0011328,HORD003608,PRD0555,1,159.32,159.32
HITM0008088,HORD002572,PRD0819,2,191.18,382.36
HITM0008089,HORD002572,PRD0149,1,119.35,119.35
HITM0008090,HORD002572,PRD0433,1,456.5,456.5
HITM0013602,HORD004331,PRD0047,1,64.28,64.28
HITM0013603,HORD004331,PRD0676,1,45.2,45.2
HITM0011351,HORD003615,PRD0660,1,137.13,137.13
HITM0011352,HORD003615,PRD0793,2,454.0,908.0
HITM0011353,HORD003615,PRD0873,1,665.62,665.62
HITM0011354,HORD003615,PRD0292,2,1810.91,3621.82
HITM0011355,HORD003615,PRD0270,1,154.55,154.55
HITM0012015,HORD003831,PRD0640,1,215.9,215.9
HITM0012016,HORD003831,PRD0379,1,989.35,989.35
HITM0014689,HORD004671,PRD0569,1,870.85,870.85
HITM0014690,HORD004671,PRD0442,1,1758.97,1758.97
HITM0002842,HORD000915,PRD0363,1,924.17,924.17
HITM0002843,HORD000915,PRD0834,1,2475.8,2475.8
HITM0002844,HORD000915,PRD0335,1,1165.89,1165.89
HITM0002845,HORD000915,PRD0850,1,101.36,101.36
HITM0002846,HORD000915,PRD0266,2,189.02,378.04
HITM0005542,HORD001774,PRD0589,1,671.85,671.85
HITM0005543,HORD001774,PRD0561,2,1381.26,2762.52
HITM0005544,HORD001774,PRD0070,1,257.34,257.34
HITM0001834,HORD000596,PRD0736,1,508.97,508.97
HITM0001835,HORD000596,PRD0937,1,1780.49,1780.49
HITM0001836,HORD000596,PRD0275,2,687.49,1374.98
HITM0004153,HORD001336,PRD0989,3,359.81,1079.43
HITM0004154,HORD001336,PRD0890,1,309.69,309.69
HITM0011046,HORD003520,PRD0154,1,1129.84,1129.84
HITM0012151,HORD003878,PRD0187,1,2390.01,2390.01
HITM0012152,HORD003878,PRD0676,2,45.2,90.4
HITM0004690,HORD001504,PRD0142,1,1724.25,1724.25
HITM0004691,HORD001504,PRD0969,1,1212.01,1212.01
HITM0004692,HORD001504,PRD0403,1,1021.92,1021.92
HITM0004693,HORD001504,PRD0062,2,685.19,1370.38
HITM0004694,HORD001504,PRD0903,1,980.26,980.26
HITM0012079,HORD003853,PRD0750,2,400.34,800.68
HITM0012080,HORD003853,PRD0980,1,310.02,310.02
HITM0012081,HORD003853,PRD0920,1,53.18,53.18
HITM0012082,HORD003853,PRD0503,1,1009.94,1009.94
HITM0013716,HORD004363,PRD0840,1,164.29,164.29
HITM0013717,HORD004363,PRD0858,1,179.07,179.07
HITM0013718,HORD004363,PRD0974,1,3468.15,3468.15
HITM0008636,HORD002744,PRD0121,1,3142.89,3142.89
HITM0002109,HORD000683,PRD0651,1,1043.5,1043.5
HITM0002110,HORD000683,PRD0299,2,1391.83,2783.66
HITM0002111,HORD000683,PRD0198,1,492.76,492.76
HITM0002112,HORD000683,PRD0537,2,1904.34,3808.68
HITM0002113,HORD000683,PRD0855,1,552.31,552.31
HITM0000681,HORD000221,PRD0690,1,115.07,115.07
HITM0000682,HORD000221,PRD0873,1,665.62,665.62
HITM0000683,HORD000221,PRD0434,1,1483.17,1483.17
HITM0012385,HORD003955,PRD0402,3,400.07,1200.21
HITM0012386,HORD003955,PRD0659,1,725.61,725.61
HITM0012387,HORD003955,PRD0799,2,1443.92,2887.84
HITM0012388,HORD003955,PRD0181,1,2668.69,2668.69
HITM0003095,HORD000991,PRD0709,1,320.78,320.78
HITM0003096,HORD000991,PRD0429,1,251.33,251.33
HITM0014092,HORD004482,PRD0114,1,3925.54,3925.54
HITM0014093,HORD004482,PRD0509,1,246.73,246.73
HITM0014094,HORD004482,PRD0069,2,402.1,804.2
HITM0014095,HORD004482,PRD0728,1,504.43,504.43
HITM0014096,HORD004482,PRD0586,1,754.59,754.59
HITM0003389,HORD001092,PRD0704,1,2975.95,2975.95
HITM0003390,HORD001092,PRD0975,1,87.41,87.41
HITM0010224,HORD003251,PRD0292,2,1810.91,3621.82
HITM0010225,HORD003251,PRD0284,1,600.42,600.42
HITM0010226,HORD003251,PRD0390,1,254.28,254.28
HITM0015581,HORD004964,PRD0153,1,638.8,638.8
HITM0015582,HORD004964,PRD0872,3,796.81,2390.43
HITM0015583,HORD004964,PRD0359,1,196.54,196.54
HITM0015584,HORD004964,PRD0101,1,1151.85,1151.85
HITM0009310,HORD002956,PRD0913,2,1306.73,2613.46
HITM0009311,HORD002956,PRD0315,1,74.41,74.41
HITM0009312,HORD002956,PRD0892,1,1067.89,1067.89
HITM0003168,HORD001016,PRD0151,1,2367.77,2367.77
HITM0003169,HORD001016,PRD0276,1,337.93,337.93
HITM0001658,HORD000536,PRD0060,1,170.83,170.83
HITM0001659,HORD000536,PRD0908,1,81.42,81.42
HITM0001660,HORD000536,PRD0078,1,280.55,280.55
HITM0001661,HORD000536,PRD0271,2,1523.72,3047.44
HITM0005562,HORD001781,PRD0557,1,114.56,114.56
HITM0005563,HORD001781,PRD0511,2,1327.08,2654.16
HITM0005564,HORD001781,PRD0077,1,2379.38,2379.38
HITM0005565,HORD001781,PRD0391,1,1640.32,1640.32
HITM0001284,HORD000413,PRD0879,2,287.13,574.26
HITM0009064,HORD002875,PRD0945,2,730.35,1460.7
HITM0009065,HORD002875,PRD0530,1,14.38,14.38
HITM0009066,HORD002875,PRD0312,2,523.23,1046.46
HITM0009067,HORD002875,PRD0236,1,135.01,135.01
HITM0001358,HORD000438,PRD0829,2,582.58,1165.16
HITM0001359,HORD000438,PRD0694,1,2715.4,2715.4
HITM0001360,HORD000438,PRD0562,1,670.44,670.44
HITM0001361,HORD000438,PRD0550,1,112.99,112.99
HITM0001362,HORD000438,PRD0902,1,307.82,307.82
HITM0000651,HORD000213,PRD0457,3,514.55,1543.65
HITM0000652,HORD000213,PRD0999,1,626.07,626.07
HITM0000653,HORD000213,PRD0820,1,109.62,109.62
HITM0002983,HORD000958,PRD0507,1,954.32,954.32
HITM0002984,HORD000958,PRD0090,1,99.88,99.88
HITM0002985,HORD000958,PRD0922,1,1800.32,1800.32
HITM0002986,HORD000958,PRD0060,1,170.83,170.83
HITM0004932,HORD001580,PRD0569,2,870.85,1741.7
HITM0004933,HORD001580,PRD0020,2,47.5,95.0
HITM0004934,HORD001580,PRD0754,1,2206.66,2206.66
HITM0004935,HORD001580,PRD0327,1,122.19,122.19
HITM0001666,HORD000539,PRD0806,1,210.08,210.08
HITM0001667,HORD000539,PRD0648,1,1089.86,1089.86
HITM0001668,HORD000539,PRD0866,1,487.97,487.97
HITM0013285,HORD004226,PRD0010,1,23.5,23.5
HITM0013286,HORD004226,PRD0928,1,426.54,426.54
HITM0011891,HORD003788,PRD0539,1,1463.75,1463.75
HITM0011892,HORD003788,PRD0427,1,241.58,241.58
HITM0011893,HORD003788,PRD0287,1,1095.91,1095.91
HITM0011894,HORD003788,PRD0892,1,1067.89,1067.89
HITM0011866,HORD003780,PRD0810,1,336.77,336.77
HITM0004282,HORD001376,PRD0540,1,16.38,16.38
HITM0004283,HORD001376,PRD0103,1,421.42,421.42
HITM0004284,HORD001376,PRD0016,3,594.47,1783.41
HITM0001168,HORD000378,PRD0740,1,366.0,366.0
HITM0001169,HORD000378,PRD0253,1,1391.34,1391.34
HITM0001170,HORD000378,PRD0699,1,373.99,373.99
HITM0005850,HORD001873,PRD0933,3,1071.81,3215.43
HITM0005851,HORD001873,PRD0885,2,1136.58,2273.16
HITM0005852,HORD001873,PRD0270,1,154.55,154.55
HITM0005853,HORD001873,PRD0206,1,433.31,433.31
HITM0011944,HORD003805,PRD0379,1,989.35,989.35
HITM0011945,HORD003805,PRD0648,1,1089.86,1089.86
HITM0011946,HORD003805,PRD0988,1,1072.9,1072.9
HITM0007960,HORD002529,PRD0329,2,1326.77,2653.54
HITM0007961,HORD002529,PRD0831,1,1542.33,1542.33
HITM0007962,HORD002529,PRD0051,1,2305.52,2305.52
HITM0006899,HORD002202,PRD0805,1,1196.95,1196.95
HITM0006900,HORD002202,PRD0415,1,111.92,111.92
HITM0006901,HORD002202,PRD0236,1,135.01,135.01
HITM0006902,HORD002202,PRD0110,1,113.31,113.31
HITM0006903,HORD002202,PRD0613,1,774.1,774.1
HITM0009456,HORD003003,PRD0190,3,248.59,745.77
HITM0009457,HORD003003,PRD0052,1,1015.78,1015.78
HITM0009458,HORD003003,PRD0995,1,69.16,69.16
HITM0009909,HORD003148,PRD0716,1,300.2,300.2
HITM0009910,HORD003148,PRD0008,2,442.13,884.26
HITM0009911,HORD003148,PRD0643,2,1502.77,3005.54
HITM0009912,HORD003148,PRD0535,1,536.13,536.13
HITM0001847,HORD000600,PRD0907,1,130.49,130.49
HITM0002759,HORD000889,PRD0149,1,119.35,119.35
HITM0002760,HORD000889,PRD0048,2,165.15,330.3
HITM0011460,HORD003649,PRD0765,1,915.52,915.52
HITM0011461,HORD003649,PRD0793,1,454.0,454.0
HITM0011453,HORD003647,PRD0886,1,59.21,59.21
HITM0011454,HORD003647,PRD0781,1,1039.29,1039.29
HITM0011323,HORD003607,PRD0906,1,303.87,303.87
HITM0011324,HORD003607,PRD0130,1,348.52,348.52
HITM0011325,HORD003607,PRD0179,1,1481.8,1481.8
HITM0002161,HORD000697,PRD0817,1,2026.78,2026.78
HITM0002162,HORD000697,PRD0556,1,365.44,365.44
HITM0002163,HORD000697,PRD0489,1,1103.05,1103.05
HITM0002164,HORD000697,PRD0705,1,1096.7,1096.7
HITM0002165,HORD000697,PRD0436,1,180.16,180.16
HITM0010747,HORD003421,PRD0960,1,322.58,322.58
HITM0010748,HORD003421,PRD0836,1,70.78,70.78
HITM0010749,HORD003421,PRD0460,1,19.84,19.84
HITM0010750,HORD003421,PRD0660,2,137.13,274.26
HITM0012693,HORD004049,PRD0608,3,918.08,2754.24
HITM0012694,HORD004049,PRD0814,1,404.73,404.73
HITM0012695,HORD004049,PRD0566,1,150.7,150.7
HITM0006991,HORD002233,PRD0470,1,91.58,91.58
HITM0006992,HORD002233,PRD0847,2,1533.33,3066.66
HITM0006993,HORD002233,PRD0149,1,119.35,119.35
HITM0014359,HORD004569,PRD0148,2,1047.53,2095.06
HITM0014360,HORD004569,PRD0258,2,133.79,267.58
HITM0014361,HORD004569,PRD0081,3,3046.5,9139.5
HITM0002909,HORD000936,PRD0900,1,259.46,259.46
HITM0002910,HORD000936,PRD0142,1,1724.25,1724.25
HITM0006659,HORD002127,PRD0601,2,1162.83,2325.66
HITM0006660,HORD002127,PRD1000,1,192.28,192.28
HITM0006661,HORD002127,PRD0666,1,115.16,115.16
HITM0006662,HORD002127,PRD0867,1,111.69,111.69
HITM0006663,HORD002127,PRD0256,1,694.57,694.57
HITM0010937,HORD003482,PRD0328,1,634.48,634.48
HITM0010938,HORD003482,PRD0780,1,297.57,297.57
HITM0010939,HORD003482,PRD0501,1,2192.16,2192.16
HITM0010940,HORD003482,PRD0943,1,1025.75,1025.75
HITM0013284,HORD004225,PRD0700,1,241.67,241.67
HITM0004080,HORD001313,PRD0379,1,989.35,989.35
HITM0004081,HORD001313,PRD0900,2,259.46,518.92
HITM0004082,HORD001313,PRD0627,1,1687.51,1687.51
HITM0004502,HORD001444,PRD0774,1,2233.58,2233.58
HITM0004503,HORD001444,PRD0805,1,1196.95,1196.95
HITM0004504,HORD001444,PRD0385,1,812.79,812.79
HITM0011921,HORD003798,PRD0793,1,454.0,454.0
HITM0000280,HORD000093,PRD0836,1,70.78,70.78
HITM0000281,HORD000093,PRD0127,1,599.05,599.05
HITM0000282,HORD000093,PRD0220,1,201.85,201.85
HITM0007488,HORD002386,PRD0224,2,460.12,920.24
HITM0007489,HORD002386,PRD0674,1,3768.2,3768.2
HITM0005266,HORD001683,PRD0904,1,3664.33,3664.33
HITM0005267,HORD001683,PRD0835,1,705.82,705.82
HITM0005268,HORD001683,PRD0299,1,1391.83,1391.83
HITM0005269,HORD001683,PRD0004,1,1300.01,1300.01
HITM0005270,HORD001683,PRD0718,1,287.05,287.05
HITM0015667,HORD004993,PRD0475,1,559.21,559.21
HITM0015668,HORD004993,PRD0575,1,222.44,222.44
HITM0013866,HORD004408,PRD0886,1,59.21,59.21
HITM0013867,HORD004408,PRD0460,1,19.84,19.84
HITM0013868,HORD004408,PRD0398,1,809.04,809.04
HITM0013869,HORD004408,PRD0986,2,605.03,1210.06
HITM0008505,HORD002704,PRD0476,1,787.22,787.22
HITM0008506,HORD002704,PRD0748,2,432.14,864.28
HITM0008507,HORD002704,PRD0621,1,3087.07,3087.07
HITM0000357,HORD000122,PRD0351,1,1461.95,1461.95
HITM0000358,HORD000122,PRD0798,1,999.78,999.78
HITM0000359,HORD000122,PRD0358,1,761.53,761.53
HITM0013834,HORD004399,PRD0214,1,753.54,753.54
HITM0013835,HORD004399,PRD0132,1,691.37,691.37
HITM0013836,HORD004399,PRD0246,1,362.52,362.52
HITM0010863,HORD003459,PRD0975,1,87.41,87.41
HITM0010864,HORD003459,PRD0502,1,1590.33,1590.33
HITM0010865,HORD003459,PRD0379,1,989.35,989.35
HITM0010866,HORD003459,PRD0335,1,1165.89,1165.89
HITM0010867,HORD003459,PRD0312,1,523.23,523.23
HITM0009366,HORD002973,PRD0860,1,113.03,113.03
HITM0001970,HORD000640,PRD0095,2,699.82,1399.64
HITM0001971,HORD000640,PRD0007,1,1605.29,1605.29
HITM0000991,HORD000321,PRD0475,1,559.21,559.21
HITM0000992,HORD000321,PRD0720,1,216.18,216.18
HITM0003485,HORD001126,PRD0364,1,4084.62,4084.62
HITM0003486,HORD001126,PRD0369,1,429.26,429.26
HITM0007733,HORD002459,PRD0886,1,59.21,59.21
HITM0007734,HORD002459,PRD0720,1,216.18,216.18
HITM0007735,HORD002459,PRD0987,3,751.73,2255.19
HITM0007736,HORD002459,PRD0183,1,1008.76,1008.76
HITM0003817,HORD001231,PRD0312,1,523.23,523.23
HITM0003818,HORD001231,PRD0460,1,19.84,19.84
HITM0003819,HORD001231,PRD0377,2,726.19,1452.38
HITM0012962,HORD004129,PRD0485,1,283.51,283.51
HITM0012963,HORD004129,PRD0089,1,739.15,739.15
HITM0012964,HORD004129,PRD0586,3,754.59,2263.77
HITM0012965,HORD004129,PRD0316,1,816.98,816.98
HITM0012966,HORD004129,PRD0936,2,477.26,954.52
HITM0007924,HORD002519,PRD0178,1,131.81,131.81
HITM0007925,HORD002519,PRD0923,1,1251.17,1251.17
HITM0007926,HORD002519,PRD0085,1,238.64,238.64
HITM0007927,HORD002519,PRD0938,1,327.05,327.05
HITM0007928,HORD002519,PRD0116,3,295.88,887.64
HITM0000741,HORD000239,PRD0893,2,1076.78,2153.56
HITM0000742,HORD000239,PRD0547,2,1638.11,3276.22
HITM0000743,HORD000239,PRD0338,1,472.36,472.36
HITM0002650,HORD000855,PRD0125,2,1104.8,2209.6
HITM0002651,HORD000855,PRD0628,1,219.29,219.29
HITM0002652,HORD000855,PRD0370,2,206.12,412.24
HITM0002653,HORD000855,PRD0920,1,53.18,53.18
HITM0002654,HORD000855,PRD0621,2,3087.07,6174.14
HITM0008681,HORD002757,PRD0908,2,81.42,162.84
HITM0008682,HORD002757,PRD0143,2,1276.25,2552.5
HITM0008683,HORD002757,PRD0562,1,670.44,670.44
HITM0012913,HORD004112,PRD0256,1,694.57,694.57
HITM0012914,HORD004112,PRD0712,1,331.7,331.7
HITM0012915,HORD004112,PRD0243,1,567.88,567.88
HITM0012916,HORD004112,PRD0899,2,180.25,360.5
HITM0009219,HORD002929,PRD0325,1,161.7,161.7
HITM0009220,HORD002929,PRD0098,2,560.95,1121.9
HITM0009221,HORD002929,PRD0930,1,62.22,62.22
HITM0009222,HORD002929,PRD0948,1,581.24,581.24
HITM0001760,HORD000572,PRD0891,1,2117.27,2117.27
HITM0011614,HORD003698,PRD0664,1,3499.77,3499.77
HITM0011615,HORD003698,PRD0947,1,1985.26,1985.26
HITM0011616,HORD003698,PRD0856,1,508.46,508.46
HITM0011617,HORD003698,PRD0923,1,1251.17,1251.17
HITM0001143,HORD000370,PRD0487,2,322.51,645.02
HITM0001144,HORD000370,PRD0016,1,594.47,594.47
HITM0001145,HORD000370,PRD0890,1,309.69,309.69
HITM0001146,HORD000370,PRD0520,1,331.38,331.38
HITM0008984,HORD002854,PRD0173,1,906.06,906.06
HITM0008985,HORD002854,PRD0802,1,1865.37,1865.37
HITM0008986,HORD002854,PRD0555,2,159.32,318.64
HITM0008987,HORD002854,PRD0112,1,387.62,387.62
HITM0000536,HORD000177,PRD0409,3,200.48,601.44
HITM0000537,HORD000177,PRD0591,2,2365.48,4730.96
HITM0000538,HORD000177,PRD0875,1,243.6,243.6
HITM0000539,HORD000177,PRD0180,1,386.36,386.36
HITM0000074,HORD000026,PRD0886,1,59.21,59.21
HITM0000075,HORD000026,PRD0425,1,932.26,932.26
HITM0000076,HORD000026,PRD0358,1,761.53,761.53
HITM0000077,HORD000026,PRD0332,1,858.21,858.21
HITM0015596,HORD004969,PRD0161,1,3173.56,3173.56
HITM0015597,HORD004969,PRD0920,1,53.18,53.18
HITM0015598,HORD004969,PRD0512,1,853.36,853.36
HITM0015599,HORD004969,PRD0929,1,1112.27,1112.27
HITM0015305,HORD004870,PRD0626,3,521.1,1563.3
HITM0003572,HORD001153,PRD0486,2,706.44,1412.88
HITM0003573,HORD001153,PRD0171,1,1970.35,1970.35
HITM0003574,HORD001153,PRD0252,1,1820.97,1820.97
HITM0012419,HORD003967,PRD0735,1,952.04,952.04
HITM0012420,HORD003967,PRD0622,2,780.23,1560.46
HITM0012421,HORD003967,PRD0469,1,552.84,552.84
HITM0004847,HORD001553,PRD0161,1,3173.56,3173.56
HITM0004848,HORD001553,PRD0736,1,508.97,508.97
HITM0004849,HORD001553,PRD0645,1,262.13,262.13
HITM0004850,HORD001553,PRD0568,2,670.01,1340.02
HITM0003964,HORD001275,PRD0850,1,101.36,101.36
HITM0003965,HORD001275,PRD0567,1,179.96,179.96
HITM0003966,HORD001275,PRD0014,1,1339.17,1339.17
HITM0003967,HORD001275,PRD0177,2,1216.85,2433.7
HITM0002450,HORD000791,PRD0535,1,536.13,536.13
HITM0010709,HORD003409,PRD0817,1,2026.78,2026.78
HITM0010710,HORD003409,PRD0540,1,16.38,16.38
HITM0010711,HORD003409,PRD0728,1,504.43,504.43
HITM0010712,HORD003409,PRD0917,1,624.31,624.31
HITM0011849,HORD003773,PRD0876,1,228.97,228.97
HITM0011850,HORD003773,PRD0953,2,536.06,1072.12
HITM0011851,HORD003773,PRD0333,1,454.01,454.01
HITM0011852,HORD003773,PRD0684,1,1730.11,1730.11
HITM0015392,HORD004902,PRD0049,1,740.34,740.34
HITM0015393,HORD004902,PRD0976,1,196.82,196.82
HITM0015394,HORD004902,PRD0462,1,1832.75,1832.75
HITM0015531,HORD004946,PRD0596,1,596.4,596.4
HITM0015532,HORD004946,PRD0664,1,3499.77,3499.77
HITM0015533,HORD004946,PRD0168,1,341.32,341.32
HITM0013124,HORD004176,PRD0930,1,62.22,62.22
HITM0013125,HORD004176,PRD0999,3,626.07,1878.21
HITM0013126,HORD004176,PRD0196,3,206.29,618.87
HITM0014676,HORD004667,PRD0955,1,891.93,891.93
HITM0014677,HORD004667,PRD0078,1,280.55,280.55
HITM0014678,HORD004667,PRD0380,1,318.45,318.45
HITM0011655,HORD003713,PRD0258,2,133.79,267.58
HITM0012611,HORD004022,PRD0857,1,160.36,160.36
HITM0012612,HORD004022,PRD0296,1,440.13,440.13
HITM0012613,HORD004022,PRD0169,2,1130.0,2260.0
HITM0012690,HORD004048,PRD0550,1,112.99,112.99
HITM0012691,HORD004048,PRD0950,1,108.8,108.8
HITM0012692,HORD004048,PRD0379,1,989.35,989.35
HITM0013701,HORD004360,PRD0578,1,625.32,625.32
HITM0013702,HORD004360,PRD0590,1,54.96,54.96
HITM0013703,HORD004360,PRD0513,2,1335.99,2671.98
HITM0013704,HORD004360,PRD0516,1,339.27,339.27
HITM0013705,HORD004360,PRD0154,3,1129.84,3389.52
HITM0013402,HORD004262,PRD0047,1,64.28,64.28
HITM0013403,HORD004262,PRD0665,3,304.74,914.22
HITM0013404,HORD004262,PRD0095,1,699.82,699.82
HITM0013405,HORD004262,PRD0347,1,1228.43,1228.43
HITM0001483,HORD000479,PRD0072,1,1642.51,1642.51
HITM0001484,HORD000479,PRD0632,1,372.28,372.28
HITM0001485,HORD000479,PRD0065,1,1196.5,1196.5
HITM0001486,HORD000479,PRD0130,1,348.52,348.52
HITM0001733,HORD000564,PRD0127,1,599.05,599.05
HITM0001734,HORD000564,PRD0688,1,409.87,409.87
HITM0005058,HORD001620,PRD0445,1,830.34,830.34
HITM0005059,HORD001620,PRD0456,1,690.03,690.03
HITM0005060,HORD001620,PRD0109,1,429.51,429.51
HITM0005061,HORD001620,PRD0620,1,133.24,133.24
HITM0015358,HORD004890,PRD0588,1,277.14,277.14
HITM0015359,HORD004890,PRD0623,1,442.62,442.62
HITM0015360,HORD004890,PRD0573,1,1409.7,1409.7
HITM0002994,HORD000961,PRD0107,2,1601.0,3202.0
HITM0002995,HORD000961,PRD0960,1,322.58,322.58
HITM0002996,HORD000961,PRD0582,2,622.36,1244.72
HITM0002678,HORD000863,PRD0277,1,1153.48,1153.48
HITM0002679,HORD000863,PRD0050,1,191.67,191.67
HITM0002680,HORD000863,PRD0925,1,557.83,557.83
HITM0002681,HORD000863,PRD0520,1,331.38,331.38
HITM0014387,HORD004579,PRD0234,1,2457.44,2457.44
HITM0014388,HORD004579,PRD0450,1,212.69,212.69
HITM0014389,HORD004579,PRD0366,1,547.49,547.49
HITM0014390,HORD004579,PRD0220,1,201.85,201.85
HITM0014302,HORD004551,PRD0814,2,404.73,809.46
HITM0014303,HORD004551,PRD0612,1,385.34,385.34
HITM0014304,HORD004551,PRD0028,1,855.88,855.88
HITM0014305,HORD004551,PRD0772,1,306.42,306.42
HITM0000461,HORD000156,PRD0408,3,402.17,1206.51
HITM0000462,HORD000156,PRD0007,1,1605.29,1605.29
HITM0005824,HORD001864,PRD0516,1,339.27,339.27
HITM0005825,HORD001864,PRD0643,2,1502.77,3005.54
HITM0005826,HORD001864,PRD0419,1,100.25,100.25
HITM0006056,HORD001935,PRD0902,1,307.82,307.82
HITM0006057,HORD001935,PRD0152,2,528.88,1057.76
HITM0006058,HORD001935,PRD0863,1,894.64,894.64
HITM0007334,HORD002338,PRD0121,1,3142.89,3142.89
HITM0007335,HORD002338,PRD1000,1,192.28,192.28
HITM0010208,HORD003246,PRD0508,1,513.6,513.6
HITM0010209,HORD003246,PRD0745,1,222.81,222.81
HITM0001205,HORD000389,PRD0997,1,602.38,602.38
HITM0001206,HORD000389,PRD0740,1,366.0,366.0
HITM0001207,HORD000389,PRD0364,1,4084.62,4084.62
HITM0001208,HORD000389,PRD0901,1,2926.07,2926.07
HITM0009588,HORD003045,PRD0396,3,385.11,1155.33
HITM0009589,HORD003045,PRD0090,1,99.88,99.88
HITM0009590,HORD003045,PRD0930,1,62.22,62.22
HITM0011262,HORD003588,PRD0439,2,74.96,149.92
HITM0011263,HORD003588,PRD0280,1,105.66,105.66
HITM0011264,HORD003588,PRD0372,1,1308.61,1308.61
HITM0004093,HORD001317,PRD0669,1,271.59,271.59
HITM0004094,HORD001317,PRD0670,1,387.96,387.96
HITM0004095,HORD001317,PRD0366,1,547.49,547.49
HITM0001251,HORD000403,PRD0656,1,848.87,848.87
HITM0001252,HORD000403,PRD0607,2,113.06,226.12
HITM0011028,HORD003513,PRD0857,1,160.36,160.36
HITM0011029,HORD003513,PRD0003,2,472.24,944.48
HITM0000468,HORD000158,PRD0234,1,2457.44,2457.44
HITM0000469,HORD000158,PRD0224,2,460.12,920.24
HITM0000470,HORD000158,PRD0520,1,331.38,331.38
HITM0000471,HORD000158,PRD0290,1,154.65,154.65
HITM0004521,HORD001450,PRD0069,1,402.1,402.1
HITM0004522,HORD001450,PRD0098,1,560.95,560.95
HITM0004523,HORD001450,PRD0077,1,2379.38,2379.38
HITM0008101,HORD002576,PRD0557,1,114.56,114.56
HITM0008102,HORD002576,PRD0663,1,599.38,599.38
HITM0008103,HORD002576,PRD0406,2,482.25,964.5
HITM0010462,HORD003327,PRD0345,2,1050.02,2100.04
HITM0010505,HORD003341,PRD0504,1,3243.43,3243.43
HITM0010506,HORD003341,PRD0383,1,584.39,584.39
HITM0010507,HORD003341,PRD0510,1,267.14,267.14
HITM0010508,HORD003341,PRD0315,2,74.41,148.82
HITM0015417,HORD004911,PRD0317,2,1797.93,3595.86
HITM0015418,HORD004911,PRD0110,1,113.31,113.31
HITM0015419,HORD004911,PRD0223,1,1020.19,1020.19
HITM0003253,HORD001044,PRD0401,1,1079.31,1079.31
HITM0003254,HORD001044,PRD0800,1,334.97,334.97
HITM0010801,HORD003439,PRD0823,1,1291.29,1291.29
HITM0010802,HORD003439,PRD0829,1,582.58,582.58
HITM0010803,HORD003439,PRD0088,1,466.29,466.29
HITM0003676,HORD001185,PRD0290,1,154.65,154.65
HITM0003677,HORD001185,PRD0145,1,672.85,672.85
HITM0003678,HORD001185,PRD0439,1,74.96,74.96
HITM0003679,HORD001185,PRD0716,2,300.2,600.4
HITM0003680,HORD001185,PRD0631,1,1231.25,1231.25
HITM0008223,HORD002614,PRD0791,1,2700.27,2700.27
HITM0008224,HORD002614,PRD0527,1,1407.36,1407.36
HITM0008225,HORD002614,PRD0813,1,326.38,326.38
HITM0008226,HORD002614,PRD0886,2,59.21,118.42
HITM0008804,HORD002796,PRD0366,2,547.49,1094.98
HITM0008805,HORD002796,PRD0802,1,1865.37,1865.37
HITM0001769,HORD000576,PRD0180,2,386.36,772.72
HITM0001770,HORD000576,PRD0530,1,14.38,14.38
HITM0001771,HORD000576,PRD0340,2,382.9,765.8
HITM0001772,HORD000576,PRD0115,2,855.33,1710.66
HITM0001005,HORD000326,PRD0276,2,337.93,675.86
HITM0001006,HORD000326,PRD0486,1,706.44,706.44
HITM0001007,HORD000326,PRD0880,1,291.86,291.86
HITM0001008,HORD000326,PRD0126,1,464.05,464.05
HITM0001945,HORD000632,PRD0761,2,2263.02,4526.04
HITM0001946,HORD000632,PRD0485,2,283.51,567.02
HITM0001947,HORD000632,PRD0357,2,902.95,1805.9
HITM0001948,HORD000632,PRD0083,1,558.55,558.55
HITM0004127,HORD001327,PRD0338,1,472.36,472.36
HITM0004128,HORD001327,PRD0762,2,1016.52,2033.04
HITM0004129,HORD001327,PRD0719,1,192.41,192.41
HITM0004130,HORD001327,PRD0850,1,101.36,101.36
HITM0004131,HORD001327,PRD0770,1,116.43,116.43
HITM0002927,HORD000942,PRD0732,3,729.81,2189.43
HITM0002928,HORD000942,PRD0818,1,1004.26,1004.26
HITM0002929,HORD000942,PRD0554,1,1054.0,1054.0
HITM0002930,HORD000942,PRD0248,3,1065.71,3197.13
HITM0002931,HORD000942,PRD0235,1,158.61,158.61
HITM0000140,HORD000049,PRD0806,1,210.08,210.08
HITM0000141,HORD000049,PRD0410,1,401.28,401.28
HITM0005087,HORD001630,PRD0601,1,1162.83,1162.83
HITM0005088,HORD001630,PRD0636,1,421.78,421.78
HITM0002266,HORD000732,PRD0549,2,660.48,1320.96
HITM0002267,HORD000732,PRD0640,1,215.9,215.9
HITM0005994,HORD001916,PRD0386,1,167.3,167.3
HITM0005995,HORD001916,PRD0385,1,812.79,812.79
HITM0005996,HORD001916,PRD0067,1,374.02,374.02
HITM0005997,HORD001916,PRD0638,3,331.17,993.51
HITM0005998,HORD001916,PRD0990,1,114.18,114.18
HITM0005068,HORD001624,PRD0858,1,179.07,179.07
HITM0005069,HORD001624,PRD0539,1,1463.75,1463.75
HITM0005070,HORD001624,PRD0679,1,864.47,864.47
HITM0012166,HORD003883,PRD0456,1,690.03,690.03
HITM0012167,HORD003883,PRD0386,1,167.3,167.3
HITM0012168,HORD003883,PRD0157,1,591.59,591.59
HITM0012169,HORD003883,PRD0487,2,322.51,645.02
HITM0012170,HORD003883,PRD0840,1,164.29,164.29
HITM0001229,HORD000396,PRD0100,2,400.25,800.5
HITM0001230,HORD000396,PRD0417,1,876.48,876.48
HITM0015297,HORD004868,PRD0615,1,159.68,159.68
HITM0015298,HORD004868,PRD0578,2,625.32,1250.64
HITM0015299,HORD004868,PRD0211,1,901.64,901.64
HITM0015300,HORD004868,PRD0683,1,704.09,704.09
HITM0015301,HORD004868,PRD0829,1,582.58,582.58
HITM0000744,HORD000240,PRD0827,1,1819.32,1819.32
HITM0000745,HORD000240,PRD0530,1,14.38,14.38
HITM0010684,HORD003402,PRD0111,1,2798.27,2798.27
HITM0010685,HORD003402,PRD0172,1,594.18,594.18
HITM0010686,HORD003402,PRD0720,1,216.18,216.18
HITM0010687,HORD003402,PRD0485,1,283.51,283.51
HITM0009676,HORD003074,PRD0696,1,223.84,223.84
HITM0009677,HORD003074,PRD0260,1,100.02,100.02
HITM0009678,HORD003074,PRD0116,1,295.88,295.88
HITM0010902,HORD003471,PRD0987,2,751.73,1503.46
HITM0010903,HORD003471,PRD0304,3,4012.3,12036.9
HITM0010904,HORD003471,PRD0657,1,1084.44,1084.44
HITM0010905,HORD003471,PRD0666,1,115.16,115.16
HITM0002828,HORD000911,PRD0256,1,694.57,694.57
HITM0002829,HORD000911,PRD0772,3,306.42,919.26
HITM0002830,HORD000911,PRD0695,1,663.83,663.83
HITM0002831,HORD000911,PRD0372,2,1308.61,2617.22
HITM0002832,HORD000911,PRD0845,1,323.81,323.81
HITM0011053,HORD003523,PRD0659,1,725.61,725.61
HITM0011054,HORD003523,PRD0935,1,1070.56,1070.56
HITM0011055,HORD003523,PRD0747,1,1353.66,1353.66
HITM0010952,HORD003486,PRD0436,1,180.16,180.16
HITM0010953,HORD003486,PRD0656,2,848.87,1697.74
HITM0010954,HORD003486,PRD0784,1,3893.33,3893.33
HITM0013627,HORD004338,PRD0969,1,1212.01,1212.01
HITM0013628,HORD004338,PRD0065,2,1196.5,2393.0
HITM0013629,HORD004338,PRD0228,3,419.86,1259.58
HITM0013630,HORD004338,PRD0370,1,206.12,206.12
HITM0013631,HORD004338,PRD0708,2,1076.81,2153.62
HITM0002054,HORD000663,PRD0167,2,2512.16,5024.32
HITM0002055,HORD000663,PRD0855,1,552.31,552.31
HITM0002056,HORD000663,PRD0813,1,326.38,326.38
HITM0002057,HORD000663,PRD0867,1,111.69,111.69
HITM0002058,HORD000663,PRD0413,1,420.29,420.29
HITM0005193,HORD001661,PRD0938,1,327.05,327.05
HITM0005194,HORD001661,PRD0680,3,228.54,685.62
HITM0005195,HORD001661,PRD0694,1,2715.4,2715.4
HITM0005196,HORD001661,PRD0457,1,514.55,514.55
HITM0008811,HORD002799,PRD0391,1,1640.32,1640.32
HITM0008812,HORD002799,PRD0987,1,751.73,751.73
HITM0008813,HORD002799,PRD0633,1,804.04,804.04
HITM0008814,HORD002799,PRD0590,2,54.96,109.92
HITM0009079,HORD002879,PRD0123,1,1499.49,1499.49
HITM0009080,HORD002879,PRD0415,2,111.92,223.84
HITM0010299,HORD003276,PRD0675,1,927.62,927.62
HITM0010300,HORD003276,PRD0628,1,219.29,219.29
HITM0010301,HORD003276,PRD0933,1,1071.81,1071.81
HITM0010302,HORD003276,PRD0460,1,19.84,19.84
HITM0010303,HORD003276,PRD0921,2,2485.73,4971.46
HITM0013560,HORD004318,PRD0246,2,362.52,725.04
HITM0013561,HORD004318,PRD0366,1,547.49,547.49
HITM0013562,HORD004318,PRD0783,1,478.3,478.3
HITM0002469,HORD000800,PRD0862,1,717.42,717.42
HITM0010828,HORD003448,PRD0557,2,114.56,229.12
HITM0010829,HORD003448,PRD0622,2,780.23,1560.46
HITM0010830,HORD003448,PRD0299,3,1391.83,4175.49
HITM0010831,HORD003448,PRD0783,2,478.3,956.6
HITM0003708,HORD001196,PRD0372,1,1308.61,1308.61
HITM0003709,HORD001196,PRD0760,3,36.27,108.81
HITM0003710,HORD001196,PRD0973,1,703.36,703.36
HITM0014905,HORD004741,PRD0617,1,629.04,629.04
HITM0014906,HORD004741,PRD0815,1,261.87,261.87
HITM0014907,HORD004741,PRD0562,1,670.44,670.44
HITM0014908,HORD004741,PRD0436,1,180.16,180.16
HITM0003903,HORD001258,PRD0372,1,1308.61,1308.61
HITM0003904,HORD001258,PRD0308,1,779.32,779.32
HITM0003905,HORD001258,PRD0650,1,129.9,129.9
HITM0003906,HORD001258,PRD0260,1,100.02,100.02
HITM0003907,HORD001258,PRD0610,1,347.23,347.23
HITM0013525,HORD004305,PRD0888,1,828.95,828.95
HITM0013526,HORD004305,PRD0391,2,1640.32,3280.64
HITM0013527,HORD004305,PRD0966,1,819.73,819.73
HITM0007088,HORD002262,PRD0612,2,385.34,770.68
HITM0007089,HORD002262,PRD0723,1,1076.87,1076.87
HITM0012415,HORD003966,PRD0030,1,405.09,405.09
HITM0012416,HORD003966,PRD0816,1,125.37,125.37
HITM0012417,HORD003966,PRD0485,1,283.51,283.51
HITM0012418,HORD003966,PRD0003,2,472.24,944.48
HITM0006006,HORD001919,PRD0477,1,1380.73,1380.73
HITM0006007,HORD001919,PRD0612,1,385.34,385.34
HITM0014299,HORD004550,PRD0179,1,1481.8,1481.8
HITM0014300,HORD004550,PRD0300,3,158.44,475.32
HITM0014301,HORD004550,PRD0100,1,400.25,400.25
HITM0000305,HORD000102,PRD0304,1,4012.3,4012.3
HITM0000306,HORD000102,PRD0443,1,681.97,681.97
HITM0000307,HORD000102,PRD0543,1,336.97,336.97
HITM0011501,HORD003664,PRD0868,1,1088.06,1088.06
HITM0011502,HORD003664,PRD0494,2,2097.54,4195.08
HITM0011503,HORD003664,PRD0453,2,481.9,963.8
HITM0007059,HORD002254,PRD0398,2,809.04,1618.08
HITM0007060,HORD002254,PRD0477,1,1380.73,1380.73
HITM0007061,HORD002254,PRD0969,1,1212.01,1212.01
HITM0000426,HORD000145,PRD0598,2,723.86,1447.72
HITM0000427,HORD000145,PRD0309,1,332.31,332.31
HITM0000428,HORD000145,PRD0131,1,1311.04,1311.04
HITM0007116,HORD002270,PRD0840,2,164.29,328.58
HITM0007117,HORD002270,PRD0849,1,216.96,216.96
HITM0007118,HORD002270,PRD0522,1,1754.68,1754.68
HITM0007119,HORD002270,PRD0740,1,366.0,366.0
HITM0007120,HORD002270,PRD0883,1,1502.86,1502.86
HITM0012350,HORD003944,PRD0155,1,171.72,171.72
HITM0012351,HORD003944,PRD0874,1,2293.13,2293.13
HITM0012352,HORD003944,PRD0280,1,105.66,105.66
HITM0012353,HORD003944,PRD0630,1,227.99,227.99
HITM0000352,HORD000120,PRD0590,1,54.96,54.96
HITM0000353,HORD000120,PRD0067,1,374.02,374.02
HITM0000354,HORD000120,PRD0469,1,552.84,552.84
HITM0000355,HORD000120,PRD0477,1,1380.73,1380.73
HITM0006320,HORD002020,PRD0730,2,418.77,837.54
HITM0006321,HORD002020,PRD0210,1,408.84,408.84
HITM0006322,HORD002020,PRD0942,1,1694.84,1694.84
HITM0006323,HORD002020,PRD0065,2,1196.5,2393.0
HITM0007999,HORD002542,PRD0782,2,483.91,967.82
HITM0008000,HORD002542,PRD0931,1,1200.5,1200.5
HITM0008001,HORD002542,PRD0196,1,206.29,206.29
HITM0012396,HORD003959,PRD0647,1,2133.15,2133.15
HITM0012397,HORD003959,PRD0396,2,385.11,770.22
HITM0012398,HORD003959,PRD0480,1,303.23,303.23
HITM0012399,HORD003959,PRD0348,2,643.07,1286.14
HITM0010159,HORD003232,PRD0332,1,858.21,858.21
HITM0010160,HORD003232,PRD0667,1,2144.83,2144.83
HITM0000343,HORD000116,PRD0658,1,353.59,353.59
HITM0000344,HORD000116,PRD0962,2,482.88,965.76
HITM0003666,HORD001182,PRD0453,1,481.9,481.9
HITM0003667,HORD001182,PRD0760,1,36.27,36.27
HITM0003668,HORD001182,PRD0260,1,100.02,100.02
HITM0010128,HORD003221,PRD0424,1,937.77,937.77
HITM0010129,HORD003221,PRD0588,1,277.14,277.14
HITM0010130,HORD003221,PRD0118,1,148.01,148.01
HITM0009239,HORD002936,PRD0375,1,495.35,495.35
HITM0009240,HORD002936,PRD0280,2,105.66,211.32
HITM0009241,HORD002936,PRD0303,1,1407.52,1407.52
HITM0009242,HORD002936,PRD0142,1,1724.25,1724.25
HITM0010984,HORD003498,PRD0278,2,509.34,1018.68
HITM0010985,HORD003498,PRD0765,1,915.52,915.52
HITM0010986,HORD003498,PRD0915,1,1134.28,1134.28
HITM0007610,HORD002423,PRD0127,3,599.05,1797.15
HITM0007611,HORD002423,PRD0890,1,309.69,309.69
HITM0008875,HORD002820,PRD0062,1,685.19,685.19
HITM0008876,HORD002820,PRD0312,1,523.23,523.23
HITM0008877,HORD002820,PRD0772,2,306.42,612.84
HITM0009769,HORD003105,PRD0618,1,578.42,578.42
HITM0009770,HORD003105,PRD0296,1,440.13,440.13
HITM0009771,HORD003105,PRD0323,1,1220.6,1220.6
HITM0009772,HORD003105,PRD0708,1,1076.81,1076.81
HITM0004011,HORD001290,PRD0699,2,373.99,747.98
HITM0004012,HORD001290,PRD0913,2,1306.73,2613.46
HITM0004013,HORD001290,PRD0523,1,911.73,911.73
HITM0007421,HORD002365,PRD0508,2,513.6,1027.2
HITM0008085,HORD002571,PRD0873,1,665.62,665.62
HITM0008086,HORD002571,PRD0298,3,275.37,826.11
HITM0008087,HORD002571,PRD0027,2,431.75,863.5
HITM0010005,HORD003180,PRD0156,1,400.24,400.24
HITM0010006,HORD003180,PRD0336,2,761.65,1523.3
HITM0010007,HORD003180,PRD0077,3,2379.38,7138.14
HITM0010008,HORD003180,PRD0089,3,739.15,2217.45
HITM0006268,HORD002003,PRD0546,2,227.79,455.58
HITM0006269,HORD002003,PRD0527,1,1407.36,1407.36
HITM0006270,HORD002003,PRD0071,2,2671.31,5342.62
HITM0000802,HORD000260,PRD0398,1,809.04,809.04
HITM0000803,HORD000260,PRD0195,1,715.6,715.6
HITM0000804,HORD000260,PRD0660,1,137.13,137.13
HITM0008355,HORD002652,PRD0680,1,228.54,228.54
HITM0008356,HORD002652,PRD0978,1,452.17,452.17
HITM0008357,HORD002652,PRD0907,1,130.49,130.49
HITM0010925,HORD003478,PRD0053,1,1237.48,1237.48
HITM0010926,HORD003478,PRD0429,1,251.33,251.33
HITM0010927,HORD003478,PRD0325,1,161.7,161.7
HITM0012232,HORD003904,PRD0879,3,287.13,861.39
HITM0012233,HORD003904,PRD0118,1,148.01,148.01
HITM0012234,HORD003904,PRD0280,2,105.66,211.32
HITM0012235,HORD003904,PRD0740,1,366.0,366.0
HITM0012236,HORD003904,PRD0951,1,2323.13,2323.13
HITM0000089,HORD000031,PRD0787,1,189.07,189.07
HITM0014057,HORD004471,PRD0163,1,1426.46,1426.46
HITM0014058,HORD004471,PRD0487,1,322.51,322.51
HITM0014059,HORD004471,PRD0309,1,332.31,332.31
HITM0014060,HORD004471,PRD0511,1,1327.08,1327.08
HITM0014061,HORD004471,PRD0080,1,60.33,60.33
HITM0000070,HORD000025,PRD0394,1,3851.33,3851.33
HITM0000071,HORD000025,PRD0637,1,1350.41,1350.41
HITM0000072,HORD000025,PRD0079,2,211.65,423.3
HITM0000073,HORD000025,PRD0782,1,483.91,483.91
HITM0006049,HORD001932,PRD0980,1,310.02,310.02
HITM0006050,HORD001932,PRD0004,1,1300.01,1300.01
HITM0006051,HORD001932,PRD0579,1,1322.97,1322.97
HITM0006052,HORD001932,PRD0945,1,730.35,730.35
HITM0006053,HORD001932,PRD0034,1,780.7,780.7
HITM0001925,HORD000625,PRD0526,2,208.36,416.72
HITM0001926,HORD000625,PRD0508,1,513.6,513.6
HITM0001927,HORD000625,PRD0518,1,271.63,271.63
HITM0006079,HORD001943,PRD0540,2,16.38,32.76
HITM0006080,HORD001943,PRD0478,2,966.98,1933.96
HITM0006081,HORD001943,PRD0543,3,336.97,1010.91
HITM0006082,HORD001943,PRD0312,2,523.23,1046.46
HITM0005461,HORD001745,PRD0735,2,952.04,1904.08
HITM0007805,HORD002481,PRD0984,1,3872.19,3872.19
HITM0007806,HORD002481,PRD0390,1,254.28,254.28
HITM0007807,HORD002481,PRD0892,1,1067.89,1067.89
HITM0008940,HORD002841,PRD0801,1,2900.31,2900.31
HITM0008941,HORD002841,PRD0823,1,1291.29,1291.29
HITM0008942,HORD002841,PRD0837,2,2447.06,4894.12
HITM0008943,HORD002841,PRD0615,3,159.68,479.04
HITM0014268,HORD004540,PRD0370,2,206.12,412.24
HITM0004719,HORD001514,PRD0709,1,320.78,320.78
HITM0004720,HORD001514,PRD0118,3,148.01,444.03
HITM0004721,HORD001514,PRD0684,1,1730.11,1730.11
HITM0011858,HORD003777,PRD0683,1,704.09,704.09
HITM0011859,HORD003777,PRD0460,2,19.84,39.68
HITM0011860,HORD003777,PRD0944,2,2644.88,5289.76
HITM0008691,HORD002760,PRD0744,2,4074.4,8148.8
HITM0008692,HORD002760,PRD0790,1,356.37,356.37
HITM0008693,HORD002760,PRD0847,1,1533.33,1533.33
HITM0008694,HORD002760,PRD0051,2,2305.52,4611.04
HITM0008522,HORD002709,PRD0226,1,202.49,202.49
HITM0008523,HORD002709,PRD0817,2,2026.78,4053.56
HITM0008524,HORD002709,PRD0623,2,442.62,885.24
HITM0007425,HORD002367,PRD0437,1,2045.28,2045.28
HITM0007426,HORD002367,PRD0145,1,672.85,672.85
HITM0000311,HORD000104,PRD0762,1,1016.52,1016.52
HITM0000312,HORD000104,PRD0601,1,1162.83,1162.83
HITM0000313,HORD000104,PRD0425,1,932.26,932.26
HITM0000314,HORD000104,PRD0635,3,809.45,2428.35
HITM0009433,HORD002996,PRD0794,2,1445.08,2890.16
HITM0009434,HORD002996,PRD0540,2,16.38,32.76
HITM0009435,HORD002996,PRD0555,1,159.32,159.32
HITM0009436,HORD002996,PRD0249,1,871.19,871.19
HITM0012801,HORD004080,PRD0840,1,164.29,164.29
HITM0012802,HORD004080,PRD0154,2,1129.84,2259.68
HITM0012803,HORD004080,PRD0204,1,3651.04,3651.04
HITM0013493,HORD004295,PRD0595,1,108.82,108.82
HITM0013494,HORD004295,PRD0499,1,1328.97,1328.97
HITM0013495,HORD004295,PRD0654,1,864.76,864.76
HITM0013558,HORD004316,PRD0030,1,405.09,405.09
HITM0004271,HORD001371,PRD0471,1,2188.61,2188.61
HITM0004272,HORD001371,PRD0950,1,108.8,108.8
HITM0004273,HORD001371,PRD0405,2,842.76,1685.52
HITM0002811,HORD000906,PRD0916,1,256.29,256.29
HITM0002812,HORD000906,PRD0047,1,64.28,64.28
HITM0002813,HORD000906,PRD0172,1,594.18,594.18
HITM0004061,HORD001307,PRD0743,1,651.04,651.04
HITM0004062,HORD001307,PRD0754,1,2206.66,2206.66
HITM0014400,HORD004583,PRD0349,3,1342.94,4028.82
HITM0014401,HORD004583,PRD0224,1,460.12,460.12
HITM0007000,HORD002236,PRD0319,1,1422.45,1422.45
HITM0007001,HORD002236,PRD0629,1,741.8,741.8
HITM0007002,HORD002236,PRD0497,2,1019.05,2038.1
HITM0007003,HORD002236,PRD0076,1,705.93,705.93
HITM0012094,HORD003858,PRD0622,1,780.23,780.23
HITM0012095,HORD003858,PRD0559,1,531.55,531.55
HITM0012096,HORD003858,PRD0289,1,1441.37,1441.37
HITM0012097,HORD003858,PRD0800,1,334.97,334.97
HITM0010840,HORD003452,PRD0792,1,1375.74,1375.74
HITM0010841,HORD003452,PRD0409,1,200.48,200.48
HITM0010842,HORD003452,PRD0178,1,131.81,131.81
HITM0004304,HORD001383,PRD0760,1,36.27,36.27
HITM0004305,HORD001383,PRD0633,1,804.04,804.04
HITM0004306,HORD001383,PRD0479,1,1360.38,1360.38
HITM0012892,HORD004106,PRD0868,1,1088.06,1088.06
HITM0012893,HORD004106,PRD0775,1,1055.72,1055.72
HITM0003523,HORD001139,PRD0984,1,3872.19,3872.19
HITM0003524,HORD001139,PRD0370,1,206.12,206.12
HITM0003525,HORD001139,PRD0223,1,1020.19,1020.19
HITM0003526,HORD001139,PRD0836,1,70.78,70.78
HITM0003527,HORD001139,PRD0590,2,54.96,109.92
HITM0008482,HORD002697,PRD0127,1,599.05,599.05
HITM0008483,HORD002697,PRD0102,2,581.67,1163.34
HITM0008484,HORD002697,PRD0745,1,222.81,222.81
HITM0008485,HORD002697,PRD0583,1,1198.86,1198.86
HITM0008486,HORD002697,PRD0657,1,1084.44,1084.44
HITM0009984,HORD003174,PRD0479,1,1360.38,1360.38
HITM0009985,HORD003174,PRD0793,2,454.0,908.0
HITM0007622,HORD002428,PRD0733,2,1448.13,2896.26
HITM0007623,HORD002428,PRD0894,1,2406.75,2406.75
HITM0007624,HORD002428,PRD0298,1,275.37,275.37
HITM0006822,HORD002176,PRD0103,2,421.42,842.84
HITM0006823,HORD002176,PRD0828,1,745.61,745.61
HITM0006824,HORD002176,PRD0483,1,436.08,436.08
HITM0006825,HORD002176,PRD0862,2,717.42,1434.84
HITM0006826,HORD002176,PRD0176,2,653.3,1306.6
HITM0010590,HORD003368,PRD0226,1,202.49,202.49
HITM0010591,HORD003368,PRD0785,1,86.54,86.54
HITM0010592,HORD003368,PRD0907,1,130.49,130.49
HITM0015345,HORD004884,PRD0129,1,349.4,349.4
HITM0015346,HORD004884,PRD0070,1,257.34,257.34
HITM0012678,HORD004045,PRD0410,2,401.28,802.56
HITM0012679,HORD004045,PRD0850,1,101.36,101.36
HITM0012680,HORD004045,PRD0459,1,1343.7,1343.7
HITM0012681,HORD004045,PRD0877,2,507.09,1014.18
HITM0014424,HORD004590,PRD0016,1,594.47,594.47
HITM0014425,HORD004590,PRD0776,1,497.49,497.49
HITM0011607,HORD003696,PRD0079,1,211.65,211.65
HITM0011608,HORD003696,PRD0549,1,660.48,660.48
HITM0011609,HORD003696,PRD0913,1,1306.73,1306.73
HITM0011610,HORD003696,PRD0477,1,1380.73,1380.73
HITM0004993,HORD001598,PRD0600,1,62.84,62.84
HITM0004994,HORD001598,PRD0026,2,760.37,1520.74
HITM0004995,HORD001598,PRD0789,1,416.43,416.43
HITM0004996,HORD001598,PRD0031,1,1902.42,1902.42
HITM0004997,HORD001598,PRD0236,1,135.01,135.01
HITM0014161,HORD004506,PRD0378,1,857.8,857.8
HITM0014162,HORD004506,PRD0684,1,1730.11,1730.11
HITM0014163,HORD004506,PRD0785,1,86.54,86.54
HITM0014164,HORD004506,PRD0371,2,2628.93,5257.86
HITM0014143,HORD004499,PRD0480,1,303.23,303.23
HITM0014144,HORD004499,PRD0221,1,2253.19,2253.19
HITM0013368,HORD004252,PRD0857,2,160.36,320.72
HITM0013369,HORD004252,PRD0348,1,643.07,643.07
HITM0013370,HORD004252,PRD0728,1,504.43,504.43
HITM0013371,HORD004252,PRD0588,1,277.14,277.14
HITM0004576,HORD001467,PRD0939,1,966.3,966.3
HITM0004577,HORD001467,PRD0150,1,189.45,189.45
HITM0004578,HORD001467,PRD0307,1,2209.06,2209.06
HITM0004579,HORD001467,PRD0686,2,529.65,1059.3
HITM0012406,HORD003962,PRD0557,2,114.56,229.12
HITM0012407,HORD003962,PRD0305,1,387.39,387.39
HITM0000737,HORD000238,PRD0841,1,2479.75,2479.75
HITM0000738,HORD000238,PRD0775,1,1055.72,1055.72
HITM0000739,HORD000238,PRD0858,1,179.07,179.07
HITM0000740,HORD000238,PRD0041,1,2661.08,2661.08
HITM0002779,HORD000896,PRD0422,1,359.3,359.3
HITM0002780,HORD000896,PRD0320,1,154.64,154.64
HITM0014235,HORD004530,PRD0093,1,1330.98,1330.98
HITM0014236,HORD004530,PRD0020,1,47.5,47.5
HITM0014237,HORD004530,PRD0316,1,816.98,816.98
HITM0009849,HORD003130,PRD0092,2,370.43,740.86
HITM0009850,HORD003130,PRD0792,1,1375.74,1375.74
HITM0009851,HORD003130,PRD0650,1,129.9,129.9
HITM0000724,HORD000235,PRD0112,1,387.62,387.62
HITM0000725,HORD000235,PRD0160,2,361.95,723.9
HITM0000726,HORD000235,PRD0365,1,489.23,489.23
HITM0000727,HORD000235,PRD0375,1,495.35,495.35
HITM0014369,HORD004572,PRD0075,1,155.15,155.15
HITM0004246,HORD001363,PRD0907,1,130.49,130.49
HITM0004247,HORD001363,PRD0673,1,373.06,373.06
HITM0006734,HORD002149,PRD0230,1,72.62,72.62
HITM0006735,HORD002149,PRD0522,1,1754.68,1754.68
HITM0001969,HORD000639,PRD0975,2,87.41,174.82
HITM0011504,HORD003665,PRD0335,1,1165.89,1165.89
HITM0011505,HORD003665,PRD0902,2,307.82,615.64
HITM0011506,HORD003665,PRD0337,2,842.79,1685.58
HITM0011507,HORD003665,PRD0499,2,1328.97,2657.94
HITM0000297,HORD000099,PRD0907,2,130.49,260.98
HITM0000298,HORD000099,PRD0142,1,1724.25,1724.25
HITM0001595,HORD000515,PRD0155,1,171.72,171.72
HITM0001596,HORD000515,PRD0457,1,514.55,514.55
HITM0001597,HORD000515,PRD0753,1,377.42,377.42
HITM0000183,HORD000063,PRD0091,1,2264.24,2264.24
HITM0000184,HORD000063,PRD0279,3,1450.59,4351.77
HITM0000185,HORD000063,PRD0280,1,105.66,105.66
HITM0000186,HORD000063,PRD0821,1,1163.73,1163.73
HITM0003940,HORD001268,PRD0486,1,706.44,706.44
HITM0003941,HORD001268,PRD0805,1,1196.95,1196.95
HITM0003942,HORD001268,PRD0965,1,536.69,536.69
HITM0001730,HORD000563,PRD0320,1,154.64,154.64
HITM0001731,HORD000563,PRD0012,1,426.8,426.8
HITM0001732,HORD000563,PRD0286,1,725.81,725.81
HITM0011474,HORD003654,PRD0550,1,112.99,112.99
HITM0011475,HORD003654,PRD0970,1,203.54,203.54
HITM0011476,HORD003654,PRD0130,1,348.52,348.52
HITM0011477,HORD003654,PRD0305,1,387.39,387.39
HITM0015395,HORD004903,PRD0653,1,1139.17,1139.17
HITM0015396,HORD004903,PRD0493,1,417.81,417.81
HITM0002080,HORD000674,PRD0547,2,1638.11,3276.22
HITM0002081,HORD000674,PRD0774,2,2233.58,4467.16
HITM0002082,HORD000674,PRD0665,1,304.74,304.74
HITM0010739,HORD003418,PRD0080,1,60.33,60.33
HITM0010740,HORD003418,PRD0343,1,634.07,634.07
HITM0010741,HORD003418,PRD0600,1,62.84,62.84
HITM0010742,HORD003418,PRD0370,1,206.12,206.12
HITM0009638,HORD003059,PRD0067,1,374.02,374.02
HITM0011076,HORD003530,PRD0684,1,1730.11,1730.11
HITM0011077,HORD003530,PRD0015,2,238.76,477.52
HITM0011078,HORD003530,PRD0417,1,876.48,876.48
HITM0004505,HORD001445,PRD0956,1,584.64,584.64
HITM0004506,HORD001445,PRD0491,1,2132.04,2132.04
HITM0004507,HORD001445,PRD0424,2,937.77,1875.54
HITM0004508,HORD001445,PRD0047,1,64.28,64.28
HITM0006139,HORD001963,PRD0223,1,1020.19,1020.19
HITM0006140,HORD001963,PRD0186,1,480.83,480.83
HITM0006141,HORD001963,PRD0155,1,171.72,171.72
HITM0014150,HORD004502,PRD0370,1,206.12,206.12
HITM0014151,HORD004502,PRD0549,2,660.48,1320.96
HITM0006720,HORD002145,PRD0287,1,1095.91,1095.91
HITM0006721,HORD002145,PRD0843,1,1192.62,1192.62
HITM0006722,HORD002145,PRD0756,1,177.47,177.47
HITM0005546,HORD001776,PRD0689,3,1142.34,3427.02
HITM0005547,HORD001776,PRD0966,1,819.73,819.73
HITM0005548,HORD001776,PRD0460,1,19.84,19.84
HITM0009733,HORD003093,PRD0490,2,289.49,578.98
HITM0009734,HORD003093,PRD0567,1,179.96,179.96
HITM0012790,HORD004077,PRD0699,1,373.99,373.99
HITM0012791,HORD004077,PRD0325,2,161.7,323.4
HITM0012792,HORD004077,PRD0717,1,1445.8,1445.8
HITM0003054,HORD000979,PRD0109,1,429.51,429.51
HITM0003055,HORD000979,PRD0844,3,3468.14,10404.42
HITM0000543,HORD000179,PRD0397,1,719.35,719.35
HITM0000544,HORD000179,PRD0975,1,87.41,87.41
HITM0000545,HORD000179,PRD0698,2,68.9,137.8
HITM0013528,HORD004306,PRD0756,1,177.47,177.47
HITM0013529,HORD004306,PRD0380,1,318.45,318.45
HITM0013530,HORD004306,PRD0496,2,619.97,1239.94
HITM0013531,HORD004306,PRD0550,1,112.99,112.99
HITM0010484,HORD003334,PRD0460,1,19.84,19.84
HITM0010485,HORD003334,PRD0174,2,3628.06,7256.12
HITM0010486,HORD003334,PRD0063,1,1165.11,1165.11
HITM0002492,HORD000809,PRD0966,1,819.73,819.73
HITM0002493,HORD000809,PRD0606,1,74.13,74.13
HITM0002494,HORD000809,PRD0168,1,341.32,341.32
HITM0010871,HORD003461,PRD0110,3,113.31,339.93
HITM0010872,HORD003461,PRD0327,1,122.19,122.19
HITM0010873,HORD003461,PRD0298,1,275.37,275.37
HITM0014474,HORD004606,PRD0040,1,283.76,283.76
HITM0014475,HORD004606,PRD0050,2,191.67,383.34
HITM0014476,HORD004606,PRD0602,1,1186.95,1186.95
HITM0014477,HORD004606,PRD0538,1,1028.4,1028.4
HITM0003025,HORD000971,PRD0470,1,91.58,91.58
HITM0003026,HORD000971,PRD0158,1,751.25,751.25
HITM0003027,HORD000971,PRD0499,1,1328.97,1328.97
HITM0003028,HORD000971,PRD0672,2,1690.15,3380.3
HITM0008597,HORD002733,PRD0948,1,581.24,581.24
HITM0008598,HORD002733,PRD0720,1,216.18,216.18
HITM0008599,HORD002733,PRD0946,1,618.18,618.18
HITM0008600,HORD002733,PRD0047,1,64.28,64.28
HITM0013700,HORD004359,PRD0860,1,113.03,113.03
HITM0010092,HORD003208,PRD0479,2,1360.38,2720.76
HITM0010093,HORD003208,PRD0890,1,309.69,309.69
HITM0010094,HORD003208,PRD0028,1,855.88,855.88
HITM0010095,HORD003208,PRD0082,1,1101.3,1101.3
HITM0010096,HORD003208,PRD0737,1,420.63,420.63
HITM0014597,HORD004644,PRD0054,1,4096.4,4096.4
HITM0014598,HORD004644,PRD0617,2,629.04,1258.08
HITM0005617,HORD001798,PRD0982,2,885.27,1770.54
HITM0005618,HORD001798,PRD0290,2,154.65,309.3
HITM0005619,HORD001798,PRD0348,1,643.07,643.07
HITM0011394,HORD003629,PRD0337,1,842.79,842.79
HITM0011395,HORD003629,PRD0100,1,400.25,400.25
HITM0011396,HORD003629,PRD0067,1,374.02,374.02
HITM0013585,HORD004326,PRD0328,1,634.48,634.48
HITM0013586,HORD004326,PRD0761,1,2263.02,2263.02
HITM0013587,HORD004326,PRD0725,1,1037.01,1037.01
HITM0013588,HORD004326,PRD0752,2,1670.56,3341.12
HITM0013589,HORD004326,PRD0624,1,4122.57,4122.57
HITM0002232,HORD000721,PRD0326,1,828.92,828.92
HITM0002233,HORD000721,PRD0156,1,400.24,400.24
HITM0002234,HORD000721,PRD0555,1,159.32,159.32
HITM0002235,HORD000721,PRD0020,1,47.5,47.5
HITM0002761,HORD000890,PRD0266,2,189.02,378.04
HITM0002762,HORD000890,PRD0078,1,280.55,280.55
HITM0002763,HORD000890,PRD0787,1,189.07,189.07
HITM0010244,HORD003257,PRD0565,2,1021.79,2043.58
HITM0010245,HORD003257,PRD0937,1,1780.49,1780.49
HITM0014540,HORD004626,PRD0785,1,86.54,86.54
HITM0014541,HORD004626,PRD0227,1,853.87,853.87
HITM0014542,HORD004626,PRD0948,1,581.24,581.24
HITM0014543,HORD004626,PRD0825,1,363.11,363.11
HITM0000641,HORD000210,PRD0897,2,1058.2,2116.4
HITM0000642,HORD000210,PRD0151,1,2367.77,2367.77
HITM0000643,HORD000210,PRD0731,1,1738.31,1738.31
HITM0000644,HORD000210,PRD0516,1,339.27,339.27
HITM0012821,HORD004086,PRD0638,1,331.17,331.17
HITM0012822,HORD004086,PRD0075,1,155.15,155.15
HITM0012823,HORD004086,PRD0236,1,135.01,135.01
HITM0012824,HORD004086,PRD0986,1,605.03,605.03
HITM0012825,HORD004086,PRD0211,2,901.64,1803.28
HITM0013228,HORD004207,PRD0327,1,122.19,122.19
HITM0013229,HORD004207,PRD0362,1,1208.57,1208.57
HITM0013230,HORD004207,PRD0891,2,2117.27,4234.54
HITM0015471,HORD004927,PRD0223,2,1020.19,2040.38
HITM0015472,HORD004927,PRD0369,1,429.26,429.26
HITM0015473,HORD004927,PRD0319,1,1422.45,1422.45
HITM0015474,HORD004927,PRD0725,2,1037.01,2074.02
HITM0010795,HORD003437,PRD0680,3,228.54,685.62
HITM0010796,HORD003437,PRD0377,2,726.19,1452.38
HITM0010797,HORD003437,PRD0003,1,472.24,472.24
HITM0014014,HORD004457,PRD0735,1,952.04,952.04
HITM0014015,HORD004457,PRD0652,2,1300.01,2600.02
HITM0007633,HORD002431,PRD0806,1,210.08,210.08
HITM0007634,HORD002431,PRD0864,1,3828.18,3828.18
HITM0004823,HORD001546,PRD0662,1,483.82,483.82
HITM0004824,HORD001546,PRD0388,1,652.95,652.95
HITM0004825,HORD001546,PRD0519,1,154.53,154.53
HITM0000187,HORD000064,PRD0261,1,2576.1,2576.1
HITM0000188,HORD000064,PRD0274,1,1538.07,1538.07
HITM0000189,HORD000064,PRD0977,1,1354.63,1354.63
HITM0000190,HORD000064,PRD0409,2,200.48,400.96
HITM0002667,HORD000859,PRD0799,2,1443.92,2887.84
HITM0002668,HORD000859,PRD0927,1,2435.38,2435.38
HITM0002825,HORD000910,PRD0078,1,280.55,280.55
HITM0002826,HORD000910,PRD0108,3,323.48,970.44
HITM0002827,HORD000910,PRD0655,1,1032.43,1032.43
HITM0006461,HORD002066,PRD0875,2,243.6,487.2
HITM0006462,HORD002066,PRD0593,1,356.64,356.64
HITM0006463,HORD002066,PRD0854,1,2878.03,2878.03
HITM0006464,HORD002066,PRD0510,1,267.14,267.14
HITM0015060,HORD004791,PRD0974,1,3468.15,3468.15
HITM0007695,HORD002449,PRD0598,2,723.86,1447.72
HITM0007696,HORD002449,PRD0265,1,1188.22,1188.22
HITM0005315,HORD001697,PRD0161,2,3173.56,6347.12
HITM0005316,HORD001697,PRD0979,1,1127.85,1127.85
HITM0005317,HORD001697,PRD0964,1,1776.26,1776.26
HITM0004202,HORD001351,PRD0506,3,551.69,1655.07
HITM0004203,HORD001351,PRD0764,1,1928.47,1928.47
HITM0002458,HORD000796,PRD0680,1,228.54,228.54
HITM0011792,HORD003753,PRD0033,1,822.86,822.86
HITM0011793,HORD003753,PRD0548,1,952.05,952.05
HITM0011794,HORD003753,PRD0774,1,2233.58,2233.58
HITM0002542,HORD000824,PRD0334,1,1182.39,1182.39
HITM0002543,HORD000824,PRD0623,1,442.62,442.62
HITM0002544,HORD000824,PRD0929,2,1112.27,2224.54
HITM0002545,HORD000824,PRD0700,1,241.67,241.67
HITM0009102,HORD002888,PRD0616,3,311.42,934.26
HITM0002074,HORD000671,PRD0206,1,433.31,433.31
HITM0002075,HORD000671,PRD0870,1,297.44,297.44
HITM0005874,HORD001880,PRD0910,1,53.54,53.54
HITM0005875,HORD001880,PRD0439,1,74.96,74.96
HITM0005876,HORD001880,PRD0404,1,3000.72,3000.72
HITM0005877,HORD001880,PRD0195,1,715.6,715.6
HITM0005878,HORD001880,PRD0948,2,581.24,1162.48
HITM0014658,HORD004661,PRD0059,1,602.47,602.47
HITM0014659,HORD004661,PRD0498,1,201.0,201.0
HITM0005811,HORD001859,PRD0005,2,770.31,1540.62
HITM0005812,HORD001859,PRD0368,1,919.95,919.95
HITM0005813,HORD001859,PRD0063,2,1165.11,2330.22
HITM0003464,HORD001118,PRD0787,2,189.07,378.14
HITM0003465,HORD001118,PRD0900,1,259.46,259.46
HITM0005831,HORD001866,PRD0840,1,164.29,164.29
HITM0005832,HORD001866,PRD0619,1,1486.76,1486.76
HITM0005833,HORD001866,PRD0753,2,377.42,754.84
HITM0005834,HORD001866,PRD0781,1,1039.29,1039.29
HITM0000761,HORD000245,PRD0446,1,168.08,168.08
HITM0000762,HORD000245,PRD0687,1,200.01,200.01
HITM0003436,HORD001108,PRD0347,2,1228.43,2456.86
HITM0003437,HORD001108,PRD0540,2,16.38,32.76
HITM0003438,HORD001108,PRD0463,1,1250.22,1250.22
HITM0013188,HORD004195,PRD0182,3,331.32,993.96
HITM0013189,HORD004195,PRD0048,1,165.15,165.15
HITM0013190,HORD004195,PRD0014,1,1339.17,1339.17
HITM0001403,HORD000451,PRD0560,1,176.65,176.65
HITM0001404,HORD000451,PRD0858,1,179.07,179.07
HITM0001405,HORD000451,PRD0424,1,937.77,937.77
HITM0009047,HORD002871,PRD0340,1,382.9,382.9
HITM0009048,HORD002871,PRD0733,1,1448.13,1448.13
HITM0009049,HORD002871,PRD0960,1,322.58,322.58
HITM0009050,HORD002871,PRD0230,1,72.62,72.62
HITM0006188,HORD001980,PRD0789,1,416.43,416.43
HITM0006189,HORD001980,PRD0870,1,297.44,297.44
HITM0009023,HORD002865,PRD0462,1,1832.75,1832.75
HITM0009024,HORD002865,PRD0555,2,159.32,318.64
HITM0009025,HORD002865,PRD0407,1,2508.69,2508.69
HITM0009026,HORD002865,PRD0529,2,952.92,1905.84
HITM0009027,HORD002865,PRD0390,2,254.28,508.56
HITM0004287,HORD001378,PRD0663,1,599.38,599.38
HITM0004288,HORD001378,PRD0552,2,643.85,1287.7
HITM0004289,HORD001378,PRD0785,1,86.54,86.54
HITM0004290,HORD001378,PRD0698,2,68.9,137.8
HITM0014886,HORD004736,PRD0637,2,1350.41,2700.82
HITM0014887,HORD004736,PRD0289,1,1441.37,1441.37
HITM0014888,HORD004736,PRD0734,1,1722.21,1722.21
HITM0014889,HORD004736,PRD0226,3,202.49,607.47
HITM0008131,HORD002587,PRD0327,1,122.19,122.19
HITM0002064,HORD000667,PRD0843,2,1192.62,2385.24
HITM0011776,HORD003747,PRD0588,1,277.14,277.14
HITM0011777,HORD003747,PRD0190,2,248.59,497.18
HITM0011802,HORD003756,PRD0781,1,1039.29,1039.29
HITM0011803,HORD003756,PRD0057,1,1785.63,1785.63
HITM0002728,HORD000878,PRD0682,1,1711.59,1711.59
HITM0002729,HORD000878,PRD0666,1,115.16,115.16
HITM0002730,HORD000878,PRD0123,2,1499.49,2998.98
HITM0009514,HORD003022,PRD0228,2,419.86,839.72
HITM0002380,HORD000770,PRD0156,1,400.24,400.24
HITM0002381,HORD000770,PRD0209,1,164.63,164.63
HITM0002382,HORD000770,PRD0613,3,774.1,2322.3
HITM0002383,HORD000770,PRD0171,1,1970.35,1970.35
HITM0006927,HORD002210,PRD0552,1,643.85,643.85
HITM0006928,HORD002210,PRD1000,2,192.28,384.56
HITM0006929,HORD002210,PRD0397,1,719.35,719.35
HITM0005125,HORD001641,PRD0617,1,629.04,629.04
HITM0005126,HORD001641,PRD0307,1,2209.06,2209.06
HITM0005127,HORD001641,PRD0296,1,440.13,440.13
HITM0005128,HORD001641,PRD0998,1,178.25,178.25
HITM0005129,HORD001641,PRD0746,1,804.31,804.31
HITM0002437,HORD000787,PRD0788,1,699.94,699.94
HITM0002438,HORD000787,PRD0047,1,64.28,64.28
HITM0002439,HORD000787,PRD0821,1,1163.73,1163.73
HITM0002440,HORD000787,PRD0327,2,122.19,244.38
HITM0009413,HORD002989,PRD0949,2,727.16,1454.32
HITM0009414,HORD002989,PRD0162,3,318.31,954.93
HITM0009415,HORD002989,PRD0648,1,1089.86,1089.86
HITM0009416,HORD002989,PRD0683,1,704.09,704.09
HITM0004307,HORD001384,PRD0190,1,248.59,248.59
HITM0004308,HORD001384,PRD0776,1,497.49,497.49
HITM0004309,HORD001384,PRD0053,1,1237.48,1237.48
HITM0004310,HORD001384,PRD0852,3,1542.22,4626.66
HITM0004680,HORD001501,PRD0257,2,637.63,1275.26
HITM0004681,HORD001501,PRD0595,3,108.82,326.46
HITM0004682,HORD001501,PRD0405,1,842.76,842.76
HITM0004853,HORD001555,PRD0606,1,74.13,74.13
HITM0004854,HORD001555,PRD0296,2,440.13,880.26
HITM0004855,HORD001555,PRD0711,1,2598.42,2598.42
HITM0004856,HORD001555,PRD0551,2,2204.48,4408.96
HITM0013575,HORD004322,PRD0406,1,482.25,482.25
HITM0013576,HORD004322,PRD0088,1,466.29,466.29
HITM0013577,HORD004322,PRD0650,2,129.9,259.8
HITM0002002,HORD000649,PRD0830,1,121.26,121.26
HITM0002003,HORD000649,PRD0541,3,1257.3,3771.9
HITM0002004,HORD000649,PRD0168,2,341.32,682.64
HITM0002005,HORD000649,PRD0020,1,47.5,47.5
HITM0002006,HORD000649,PRD0928,1,426.54,426.54
HITM0007827,HORD002488,PRD0607,2,113.06,226.12
HITM0007828,HORD002488,PRD0559,1,531.55,531.55
HITM0007829,HORD002488,PRD0419,1,100.25,100.25
HITM0007830,HORD002488,PRD0460,1,19.84,19.84
HITM0003425,HORD001104,PRD0696,1,223.84,223.84
HITM0003426,HORD001104,PRD0697,1,590.16,590.16
HITM0003427,HORD001104,PRD0290,1,154.65,154.65
HITM0003428,HORD001104,PRD0191,2,1103.43,2206.86
HITM0010914,HORD003475,PRD0041,1,2661.08,2661.08
HITM0010915,HORD003475,PRD0731,1,1738.31,1738.31
HITM0010916,HORD003475,PRD0179,2,1481.8,2963.6
HITM0010917,HORD003475,PRD0716,1,300.2,300.2
HITM0010918,HORD003475,PRD0323,1,1220.6,1220.6
HITM0004134,HORD001329,PRD0831,2,1542.33,3084.66
HITM0004135,HORD001329,PRD0049,1,740.34,740.34
HITM0014043,HORD004467,PRD0414,1,2893.28,2893.28
HITM0014044,HORD004467,PRD0745,1,222.81,222.81
HITM0014045,HORD004467,PRD0086,1,669.12,669.12
HITM0007587,HORD002417,PRD0482,1,1837.18,1837.18
HITM0007588,HORD002417,PRD0205,2,1030.02,2060.04
HITM0008903,HORD002829,PRD0108,1,323.48,323.48
HITM0008904,HORD002829,PRD0352,1,1553.05,1553.05
HITM0008905,HORD002829,PRD0220,1,201.85,201.85
HITM0009260,HORD002942,PRD0523,1,911.73,911.73
HITM0009261,HORD002942,PRD0764,2,1928.47,3856.94
HITM0009262,HORD002942,PRD0780,1,297.57,297.57
HITM0013521,HORD004304,PRD0887,1,1400.8,1400.8
HITM0013522,HORD004304,PRD0146,2,510.27,1020.54
HITM0013523,HORD004304,PRD0513,1,1335.99,1335.99
HITM0013524,HORD004304,PRD0740,1,366.0,366.0
HITM0009507,HORD003020,PRD0226,1,202.49,202.49
HITM0009508,HORD003020,PRD0319,1,1422.45,1422.45
HITM0009509,HORD003020,PRD0089,1,739.15,739.15
HITM0009510,HORD003020,PRD0285,2,1110.14,2220.28
HITM0001436,HORD000462,PRD0829,1,582.58,582.58
HITM0001437,HORD000462,PRD0446,1,168.08,168.08
HITM0001438,HORD000462,PRD0805,1,1196.95,1196.95
HITM0001439,HORD000462,PRD0037,2,2028.72,4057.44
HITM0001440,HORD000462,PRD0338,1,472.36,472.36
HITM0007826,HORD002487,PRD0115,1,855.33,855.33
HITM0000769,HORD000248,PRD0897,1,1058.2,1058.2
HITM0000770,HORD000248,PRD0561,1,1381.26,1381.26
HITM0000771,HORD000248,PRD0518,1,271.63,271.63
HITM0008577,HORD002726,PRD0945,1,730.35,730.35
HITM0004395,HORD001411,PRD0687,2,200.01,400.02
HITM0004396,HORD001411,PRD0192,2,1657.76,3315.52
HITM0004397,HORD001411,PRD0856,2,508.46,1016.92
HITM0004398,HORD001411,PRD0625,1,840.9,840.9
HITM0004399,HORD001411,PRD0068,2,316.68,633.36
HITM0013809,HORD004392,PRD0123,1,1499.49,1499.49
HITM0013810,HORD004392,PRD0910,1,53.54,53.54
HITM0013811,HORD004392,PRD0042,1,1480.28,1480.28
HITM0013812,HORD004392,PRD0244,2,2495.06,4990.12
HITM0013656,HORD004347,PRD0162,2,318.31,636.62
HITM0013657,HORD004347,PRD0930,1,62.22,62.22
HITM0013658,HORD004347,PRD0483,1,436.08,436.08
HITM0013659,HORD004347,PRD0808,1,601.58,601.58
HITM0002331,HORD000753,PRD0565,2,1021.79,2043.58
HITM0002332,HORD000753,PRD0107,2,1601.0,3202.0
HITM0006764,HORD002158,PRD0779,2,835.92,1671.84
HITM0006765,HORD002158,PRD0816,1,125.37,125.37
HITM0014806,HORD004709,PRD0584,1,2508.46,2508.46
HITM0014807,HORD004709,PRD0022,1,1480.38,1480.38
HITM0014808,HORD004709,PRD0825,2,363.11,726.22
HITM0008437,HORD002681,PRD0419,2,100.25,200.5
HITM0008438,HORD002681,PRD0815,2,261.87,523.74
HITM0008439,HORD002681,PRD0686,2,529.65,1059.3
HITM0008440,HORD002681,PRD0413,1,420.29,420.29
HITM0010849,HORD003455,PRD0658,1,353.59,353.59
HITM0010850,HORD003455,PRD0220,1,201.85,201.85
HITM0010851,HORD003455,PRD0958,1,453.1,453.1
HITM0010852,HORD003455,PRD0280,1,105.66,105.66
HITM0010853,HORD003455,PRD0926,1,546.12,546.12
HITM0005698,HORD001823,PRD0962,1,482.88,482.88
HITM0005699,HORD001823,PRD0422,2,359.3,718.6
HITM0005700,HORD001823,PRD0545,2,1080.38,2160.76
HITM0010960,HORD003489,PRD0718,1,287.05,287.05
HITM0010961,HORD003489,PRD0167,1,2512.16,2512.16
HITM0010962,HORD003489,PRD0797,1,1449.58,1449.58
HITM0001994,HORD000647,PRD0970,2,203.54,407.08
HITM0001995,HORD000647,PRD0124,1,1400.78,1400.78
HITM0001996,HORD000647,PRD0402,1,400.07,400.07
HITM0001997,HORD000647,PRD0239,1,271.25,271.25
HITM0014306,HORD004552,PRD0222,2,1721.64,3443.28
HITM0014307,HORD004552,PRD0543,1,336.97,336.97
HITM0014308,HORD004552,PRD0716,1,300.2,300.2
HITM0014309,HORD004552,PRD0715,1,401.49,401.49
HITM0003276,HORD001055,PRD0610,2,347.23,694.46
HITM0003277,HORD001055,PRD0128,1,155.79,155.79
HITM0005814,HORD001860,PRD0220,1,201.85,201.85
HITM0005815,HORD001860,PRD0268,1,1094.58,1094.58
HITM0005816,HORD001860,PRD0673,1,373.06,373.06
HITM0005817,HORD001860,PRD0015,1,238.76,238.76
HITM0006405,HORD002047,PRD0433,1,456.5,456.5
HITM0006406,HORD002047,PRD0414,1,2893.28,2893.28
HITM0002304,HORD000745,PRD0689,1,1142.34,1142.34
HITM0002305,HORD000745,PRD0484,1,1342.84,1342.84
HITM0002306,HORD000745,PRD0182,1,331.32,331.32
HITM0002076,HORD000672,PRD0348,1,643.07,643.07
HITM0002077,HORD000672,PRD0713,1,768.21,768.21
HITM0008017,HORD002550,PRD0816,1,125.37,125.37
HITM0008018,HORD002550,PRD0530,1,14.38,14.38
HITM0008019,HORD002550,PRD0101,1,1151.85,1151.85
HITM0003863,HORD001245,PRD0090,2,99.88,199.76
HITM0003864,HORD001245,PRD0026,2,760.37,1520.74
HITM0003022,HORD000970,PRD0127,1,599.05,599.05
HITM0003023,HORD000970,PRD0176,2,653.3,1306.6
HITM0003024,HORD000970,PRD0130,1,348.52,348.52
HITM0001111,HORD000360,PRD0425,1,932.26,932.26
HITM0001112,HORD000360,PRD0653,1,1139.17,1139.17
HITM0001113,HORD000360,PRD0674,2,3768.2,7536.4
HITM0008515,HORD002707,PRD0331,1,1570.55,1570.55
HITM0008516,HORD002707,PRD0293,1,1383.27,1383.27
HITM0008517,HORD002707,PRD0105,1,325.21,325.21
HITM0013061,HORD004158,PRD0378,2,857.8,1715.6
HITM0013062,HORD004158,PRD0109,1,429.51,429.51
HITM0013063,HORD004158,PRD0105,1,325.21,325.21
HITM0013064,HORD004158,PRD0460,1,19.84,19.84
HITM0013065,HORD004158,PRD0038,1,769.34,769.34
HITM0005503,HORD001761,PRD0370,1,206.12,206.12
HITM0005504,HORD001761,PRD0629,1,741.8,741.8
HITM0005505,HORD001761,PRD0582,1,622.36,622.36
HITM0009431,HORD002995,PRD0684,1,1730.11,1730.11
HITM0009432,HORD002995,PRD0512,1,853.36,853.36
HITM0003983,HORD001281,PRD0098,1,560.95,560.95
HITM0003984,HORD001281,PRD0427,2,241.58,483.16
HITM0003985,HORD001281,PRD0176,1,653.3,653.3
HITM0005539,HORD001773,PRD0809,1,699.91,699.91
HITM0005540,HORD001773,PRD0856,1,508.46,508.46
HITM0005541,HORD001773,PRD0743,2,651.04,1302.08
HITM0014614,HORD004649,PRD0909,2,1266.71,2533.42
HITM0014615,HORD004649,PRD0832,2,1103.3,2206.6
HITM0014616,HORD004649,PRD0278,1,509.34,509.34
HITM0009276,HORD002947,PRD0840,1,164.29,164.29
HITM0009277,HORD002947,PRD0170,1,90.68,90.68
HITM0009278,HORD002947,PRD0283,2,1338.12,2676.24
HITM0009279,HORD002947,PRD0899,1,180.25,180.25
HITM0015104,HORD004805,PRD0326,1,828.92,828.92
HITM0015105,HORD004805,PRD0370,1,206.12,206.12
HITM0015106,HORD004805,PRD0373,1,1277.27,1277.27
HITM0015107,HORD004805,PRD0212,1,1821.52,1821.52
HITM0011869,HORD003782,PRD0063,2,1165.11,2330.22
HITM0011870,HORD003782,PRD0608,1,918.08,918.08
HITM0011871,HORD003782,PRD0225,2,255.65,511.3
HITM0011872,HORD003782,PRD0170,1,90.68,90.68
HITM0002565,HORD000830,PRD0812,2,1025.12,2050.24
HITM0002566,HORD000830,PRD0854,2,2878.03,5756.06
HITM0002567,HORD000830,PRD0316,1,816.98,816.98
HITM0002568,HORD000830,PRD0219,1,1110.34,1110.34
HITM0002569,HORD000830,PRD0919,2,1308.07,2616.14
HITM0006943,HORD002216,PRD0709,1,320.78,320.78
HITM0006944,HORD002216,PRD0266,1,189.02,189.02
HITM0011987,HORD003821,PRD0507,1,954.32,954.32
HITM0011988,HORD003821,PRD0664,1,3499.77,3499.77
HITM0011989,HORD003821,PRD0982,1,885.27,885.27
HITM0011990,HORD003821,PRD0826,1,796.98,796.98
HITM0011991,HORD003821,PRD0825,1,363.11,363.11
HITM0012389,HORD003956,PRD0980,1,310.02,310.02
HITM0012390,HORD003956,PRD0728,1,504.43,504.43
HITM0012391,HORD003956,PRD0120,1,348.09,348.09
HITM0003252,HORD001043,PRD0442,1,1758.97,1758.97
HITM0012558,HORD004007,PRD0666,1,115.16,115.16
HITM0012559,HORD004007,PRD0355,1,714.36,714.36
HITM0012560,HORD004007,PRD0640,1,215.9,215.9
HITM0012561,HORD004007,PRD0778,1,921.48,921.48
HITM0009528,HORD003027,PRD0155,1,171.72,171.72
HITM0009529,HORD003027,PRD0629,1,741.8,741.8
HITM0009530,HORD003027,PRD0758,1,165.39,165.39
HITM0009531,HORD003027,PRD0952,1,1618.02,1618.02
HITM0004371,HORD001402,PRD0860,3,113.03,339.09
HITM0004372,HORD001402,PRD0068,3,316.68,950.04
HITM0000195,HORD000067,PRD0429,1,251.33,251.33
HITM0000196,HORD000067,PRD0949,1,727.16,727.16
HITM0000197,HORD000067,PRD0236,1,135.01,135.01
HITM0000198,HORD000067,PRD0738,1,357.89,357.89
HITM0012052,HORD003844,PRD0857,2,160.36,320.72
HITM0012053,HORD003844,PRD0089,1,739.15,739.15
HITM0015196,HORD004834,PRD0040,1,283.76,283.76
HITM0015197,HORD004834,PRD0687,1,200.01,200.01
HITM0001464,HORD000472,PRD0174,1,3628.06,3628.06
HITM0001465,HORD000472,PRD0779,1,835.92,835.92
HITM0013870,HORD004409,PRD0591,2,2365.48,4730.96
HITM0013871,HORD004409,PRD0386,1,167.3,167.3
HITM0013872,HORD004409,PRD0440,2,413.05,826.1
HITM0005557,HORD001779,PRD0943,1,1025.75,1025.75
HITM0005558,HORD001779,PRD0952,2,1618.02,3236.04
HITM0005246,HORD001678,PRD0772,1,306.42,306.42
HITM0005247,HORD001678,PRD0276,1,337.93,337.93
HITM0005248,HORD001678,PRD0485,1,283.51,283.51
HITM0005249,HORD001678,PRD0450,1,212.69,212.69
HITM0005250,HORD001678,PRD0062,1,685.19,685.19
HITM0015390,HORD004901,PRD0160,1,361.95,361.95
HITM0015391,HORD004901,PRD0872,1,796.81,796.81
HITM0014954,HORD004757,PRD0850,1,101.36,101.36
HITM0014955,HORD004757,PRD0460,1,19.84,19.84
HITM0014956,HORD004757,PRD0359,1,196.54,196.54
HITM0010725,HORD003414,PRD0178,1,131.81,131.81
HITM0010726,HORD003414,PRD0415,1,111.92,111.92
HITM0010727,HORD003414,PRD0886,1,59.21,59.21
HITM0004049,HORD001303,PRD0954,1,1508.35,1508.35
HITM0004050,HORD001303,PRD0530,1,14.38,14.38
HITM0004051,HORD001303,PRD0565,1,1021.79,1021.79
HITM0012952,HORD004126,PRD0938,2,327.05,654.1
HITM0012953,HORD004126,PRD0244,1,2495.06,2495.06
HITM0012954,HORD004126,PRD0534,1,781.55,781.55
HITM0012955,HORD004126,PRD0868,1,1088.06,1088.06
HITM0012372,HORD003951,PRD0037,1,2028.72,2028.72
HITM0012373,HORD003951,PRD0070,1,257.34,257.34
HITM0012374,HORD003951,PRD0282,2,1632.77,3265.54
HITM0012345,HORD003942,PRD0137,1,1155.19,1155.19
HITM0012346,HORD003942,PRD0199,1,1349.0,1349.0
HITM0002364,HORD000765,PRD0786,1,142.49,142.49
HITM0007986,HORD002538,PRD0179,2,1481.8,2963.6
HITM0007987,HORD002538,PRD0011,2,1900.95,3801.9
HITM0007988,HORD002538,PRD0729,2,496.66,993.32
HITM0010237,HORD003255,PRD0066,1,291.03,291.03
HITM0010238,HORD003255,PRD0768,1,435.51,435.51
HITM0010239,HORD003255,PRD0845,1,323.81,323.81
HITM0000631,HORD000207,PRD0235,1,158.61,158.61
HITM0000632,HORD000207,PRD0827,1,1819.32,1819.32
HITM0013274,HORD004221,PRD0579,1,1322.97,1322.97
HITM0013275,HORD004221,PRD0882,2,1555.62,3111.24
HITM0003288,HORD001060,PRD0707,1,2487.37,2487.37
HITM0003289,HORD001060,PRD0838,1,858.89,858.89
HITM0003290,HORD001060,PRD0539,1,1463.75,1463.75
HITM0003291,HORD001060,PRD0266,1,189.02,189.02
HITM0001156,HORD000374,PRD0527,2,1407.36,2814.72
HITM0001157,HORD000374,PRD0995,3,69.16,207.48
HITM0001158,HORD000374,PRD0480,1,303.23,303.23
HITM0001159,HORD000374,PRD0709,2,320.78,641.56
HITM0011908,HORD003795,PRD0910,2,53.54,107.08
HITM0011909,HORD003795,PRD0106,2,385.13,770.26
HITM0011910,HORD003795,PRD0690,1,115.07,115.07
HITM0011911,HORD003795,PRD0716,1,300.2,300.2
HITM0001538,HORD000497,PRD0726,2,357.63,715.26
HITM0001539,HORD000497,PRD0438,2,767.87,1535.74
HITM0013846,HORD004403,PRD0873,2,665.62,1331.24
HITM0013847,HORD004403,PRD0098,1,560.95,560.95
HITM0013848,HORD004403,PRD0216,1,823.62,823.62
HITM0013849,HORD004403,PRD0527,1,1407.36,1407.36
HITM0003335,HORD001075,PRD0580,1,109.85,109.85
HITM0003336,HORD001075,PRD0034,3,780.7,2342.1
HITM0003337,HORD001075,PRD0423,1,684.99,684.99
HITM0003338,HORD001075,PRD0756,1,177.47,177.47
HITM0003339,HORD001075,PRD0766,1,655.3,655.3
HITM0012210,HORD003897,PRD0697,1,590.16,590.16
HITM0012211,HORD003897,PRD0760,2,36.27,72.54
HITM0012212,HORD003897,PRD0764,1,1928.47,1928.47
HITM0004927,HORD001578,PRD0656,1,848.87,848.87
HITM0004928,HORD001578,PRD0590,2,54.96,109.92
HITM0004929,HORD001578,PRD0739,2,1069.28,2138.56
HITM0013148,HORD004183,PRD0858,2,179.07,358.14
HITM0013149,HORD004183,PRD0361,1,2730.19,2730.19
HITM0013150,HORD004183,PRD0134,1,3514.77,3514.77
HITM0013151,HORD004183,PRD0398,1,809.04,809.04
HITM0007958,HORD002528,PRD0527,1,1407.36,1407.36
HITM0007959,HORD002528,PRD0718,1,287.05,287.05
HITM0000413,HORD000140,PRD0736,3,508.97,1526.91
HITM0000414,HORD000140,PRD0910,1,53.54,53.54
HITM0000415,HORD000140,PRD0661,1,1196.27,1196.27
HITM0000416,HORD000140,PRD0481,2,3068.96,6137.92
HITM0000417,HORD000140,PRD0378,1,857.8,857.8
HITM0005818,HORD001861,PRD0883,2,1502.86,3005.72
HITM0005819,HORD001861,PRD0239,2,271.25,542.5
HITM0002415,HORD000779,PRD0459,2,1343.7,2687.4
HITM0002416,HORD000779,PRD0196,1,206.29,206.29
HITM0002417,HORD000779,PRD0615,2,159.68,319.36
HITM0005259,HORD001681,PRD0273,1,469.96,469.96
HITM0005260,HORD001681,PRD0645,1,262.13,262.13
HITM0005261,HORD001681,PRD0986,1,605.03,605.03
HITM0008707,HORD002764,PRD0288,3,920.06,2760.18
HITM0008708,HORD002764,PRD0343,1,634.07,634.07
HITM0008709,HORD002764,PRD0380,1,318.45,318.45
HITM0008710,HORD002764,PRD0800,1,334.97,334.97
HITM0008961,HORD002847,PRD0956,1,584.64,584.64
HITM0008962,HORD002847,PRD0385,1,812.79,812.79
HITM0008963,HORD002847,PRD0415,1,111.92,111.92
HITM0004431,HORD001421,PRD0901,1,2926.07,2926.07
HITM0004432,HORD001421,PRD0433,2,456.5,913.0
HITM0004433,HORD001421,PRD0902,1,307.82,307.82
HITM0004434,HORD001421,PRD0068,2,316.68,633.36
HITM0009654,HORD003066,PRD0279,1,1450.59,1450.59
HITM0011812,HORD003759,PRD0120,3,348.09,1044.27
HITM0011813,HORD003759,PRD0495,1,752.39,752.39
HITM0011814,HORD003759,PRD0858,1,179.07,179.07
HITM0009775,HORD003107,PRD0899,1,180.25,180.25
HITM0009776,HORD003107,PRD0534,1,781.55,781.55
HITM0009777,HORD003107,PRD0334,1,1182.39,1182.39
HITM0009778,HORD003107,PRD0559,1,531.55,531.55
HITM0000974,HORD000314,PRD0485,1,283.51,283.51
HITM0000975,HORD000314,PRD0822,1,724.35,724.35
HITM0007123,HORD002272,PRD0231,1,1774.07,1774.07
HITM0007124,HORD002272,PRD0279,1,1450.59,1450.59
HITM0007125,HORD002272,PRD0507,1,954.32,954.32
HITM0007126,HORD002272,PRD0615,1,159.68,159.68
HITM0000585,HORD000192,PRD0142,1,1724.25,1724.25
HITM0000586,HORD000192,PRD0238,1,866.49,866.49
HITM0000587,HORD000192,PRD0788,2,699.94,1399.88
HITM0002145,HORD000692,PRD0133,1,1145.34,1145.34
HITM0002146,HORD000692,PRD0080,3,60.33,180.99
HITM0002147,HORD000692,PRD0112,1,387.62,387.62
HITM0012873,HORD004100,PRD0835,1,705.82,705.82
HITM0012874,HORD004100,PRD0316,2,816.98,1633.96
HITM0012875,HORD004100,PRD0845,1,323.81,323.81
HITM0012876,HORD004100,PRD0347,1,1228.43,1228.43
HITM0011425,HORD003638,PRD0904,1,3664.33,3664.33
HITM0011426,HORD003638,PRD0020,1,47.5,47.5
HITM0013383,HORD004256,PRD0258,1,133.79,133.79
HITM0013384,HORD004256,PRD0971,1,1257.81,1257.81
HITM0013385,HORD004256,PRD0550,1,112.99,112.99
HITM0013386,HORD004256,PRD0760,2,36.27,72.54
HITM0006689,HORD002137,PRD0887,2,1400.8,2801.6
HITM0006690,HORD002137,PRD0536,1,825.29,825.29
HITM0006691,HORD002137,PRD0127,1,599.05,599.05
HITM0006692,HORD002137,PRD0391,1,1640.32,1640.32
HITM0014100,HORD004484,PRD0031,1,1902.42,1902.42
HITM0014101,HORD004484,PRD0805,1,1196.95,1196.95
HITM0014102,HORD004484,PRD0477,1,1380.73,1380.73
HITM0014103,HORD004484,PRD0885,1,1136.58,1136.58
HITM0014104,HORD004484,PRD0426,2,690.03,1380.06
HITM0011568,HORD003683,PRD0954,1,1508.35,1508.35
HITM0011569,HORD003683,PRD0755,2,802.94,1605.88
HITM0011570,HORD003683,PRD0066,2,291.03,582.06
HITM0002313,HORD000748,PRD0192,1,1657.76,1657.76
HITM0002314,HORD000748,PRD0263,1,1205.78,1205.78
HITM0002315,HORD000748,PRD0997,1,602.38,602.38
HITM0002316,HORD000748,PRD0032,1,1124.96,1124.96
HITM0010970,HORD003493,PRD0165,1,567.68,567.68
HITM0010971,HORD003493,PRD0734,1,1722.21,1722.21
HITM0010972,HORD003493,PRD0846,1,671.93,671.93
HITM0012157,HORD003880,PRD0422,1,359.3,359.3
HITM0012158,HORD003880,PRD0910,1,53.54,53.54
HITM0012159,HORD003880,PRD0636,1,421.78,421.78
HITM0008294,HORD002634,PRD0425,2,932.26,1864.52
HITM0008295,HORD002634,PRD0152,1,528.88,528.88
HITM0008296,HORD002634,PRD0350,1,142.11,142.11
HITM0008297,HORD002634,PRD0080,1,60.33,60.33
HITM0000038,HORD000015,PRD0389,2,562.64,1125.28
HITM0000039,HORD000015,PRD0920,1,53.18,53.18
HITM0000040,HORD000015,PRD0785,1,86.54,86.54
HITM0006046,HORD001931,PRD0244,1,2495.06,2495.06
HITM0006047,HORD001931,PRD0219,1,1110.34,1110.34
HITM0006048,HORD001931,PRD0546,2,227.79,455.58
HITM0015500,HORD004935,PRD0520,1,331.38,331.38
HITM0015501,HORD004935,PRD0465,1,61.33,61.33
HITM0015502,HORD004935,PRD0220,1,201.85,201.85
HITM0009304,HORD002954,PRD0047,1,64.28,64.28
HITM0009305,HORD002954,PRD0067,1,374.02,374.02
HITM0009306,HORD002954,PRD0665,1,304.74,304.74
HITM0009307,HORD002954,PRD0176,1,653.3,653.3
HITM0011935,HORD003802,PRD0600,1,62.84,62.84
HITM0011936,HORD003802,PRD0803,1,1082.24,1082.24
HITM0011937,HORD003802,PRD0068,1,316.68,316.68
HITM0011938,HORD003802,PRD0899,1,180.25,180.25
HITM0012836,HORD004090,PRD0126,1,464.05,464.05
HITM0012837,HORD004090,PRD0279,1,1450.59,1450.59
HITM0012838,HORD004090,PRD0820,1,109.62,109.62
HITM0007619,HORD002427,PRD0466,1,362.96,362.96
HITM0007620,HORD002427,PRD0354,1,1130.05,1130.05
HITM0007621,HORD002427,PRD0933,1,1071.81,1071.81
HITM0002170,HORD000700,PRD0996,1,455.11,455.11
HITM0002171,HORD000700,PRD0368,1,919.95,919.95
HITM0002172,HORD000700,PRD0003,1,472.24,472.24
HITM0002968,HORD000953,PRD0843,2,1192.62,2385.24
HITM0002969,HORD000953,PRD0666,1,115.16,115.16
HITM0002970,HORD000953,PRD0457,1,514.55,514.55
HITM0002971,HORD000953,PRD0516,1,339.27,339.27
HITM0002972,HORD000953,PRD0216,1,823.62,823.62
HITM0004700,HORD001507,PRD0558,1,383.39,383.39
HITM0004701,HORD001507,PRD0505,2,350.13,700.26
HITM0013036,HORD004150,PRD0495,1,752.39,752.39
HITM0013037,HORD004150,PRD0382,1,1213.23,1213.23
HITM0013038,HORD004150,PRD0116,2,295.88,591.76
HITM0013039,HORD004150,PRD0190,1,248.59,248.59
HITM0013040,HORD004150,PRD0112,2,387.62,775.24
HITM0013267,HORD004219,PRD0693,1,748.42,748.42
HITM0013268,HORD004219,PRD0253,1,1391.34,1391.34
HITM0013269,HORD004219,PRD0247,3,1770.54,5311.62
HITM0013270,HORD004219,PRD0797,2,1449.58,2899.16
HITM0013518,HORD004303,PRD0126,1,464.05,464.05
HITM0013519,HORD004303,PRD0106,1,385.13,385.13
HITM0013520,HORD004303,PRD0955,1,891.93,891.93
HITM0003019,HORD000969,PRD0407,1,2508.69,2508.69
HITM0003020,HORD000969,PRD0337,1,842.79,842.79
HITM0003021,HORD000969,PRD0364,1,4084.62,4084.62
HITM0001565,HORD000506,PRD0750,1,400.34,400.34
HITM0001566,HORD000506,PRD0274,2,1538.07,3076.14
HITM0010210,HORD003247,PRD0289,1,1441.37,1441.37
HITM0010211,HORD003247,PRD0992,1,1431.3,1431.3
HITM0010212,HORD003247,PRD0063,1,1165.11,1165.11
HITM0010213,HORD003247,PRD0643,2,1502.77,3005.54
HITM0010214,HORD003247,PRD0239,1,271.25,271.25
HITM0004573,HORD001465,PRD0047,1,64.28,64.28
HITM0004574,HORD001465,PRD0516,2,339.27,678.54
HITM0007336,HORD002339,PRD0698,1,68.9,68.9
HITM0007337,HORD002339,PRD0963,1,997.83,997.83
HITM0007338,HORD002339,PRD0270,1,154.55,154.55
HITM0007339,HORD002339,PRD0897,1,1058.2,1058.2
HITM0011838,HORD003769,PRD0906,1,303.87,303.87
HITM0011839,HORD003769,PRD0047,1,64.28,64.28
HITM0011348,HORD003614,PRD0828,2,745.61,1491.22
HITM0011349,HORD003614,PRD0588,1,277.14,277.14
HITM0011350,HORD003614,PRD0207,2,2341.74,4683.48
HITM0009232,HORD002934,PRD0316,1,816.98,816.98
HITM0009233,HORD002934,PRD0239,1,271.25,271.25
HITM0009234,HORD002934,PRD0245,1,645.34,645.34
HITM0006920,HORD002208,PRD0311,1,3180.87,3180.87
HITM0006921,HORD002208,PRD0136,1,249.62,249.62
HITM0006922,HORD002208,PRD0465,2,61.33,122.66
HITM0010570,HORD003363,PRD0526,1,208.36,208.36
HITM0010571,HORD003363,PRD0110,1,113.31,113.31
HITM0010572,HORD003363,PRD0188,2,370.0,740.0
HITM0010573,HORD003363,PRD0200,2,148.27,296.54
HITM0001066,HORD000346,PRD0330,1,265.81,265.81
HITM0001067,HORD000346,PRD0439,2,74.96,149.92
HITM0001068,HORD000346,PRD0991,1,1841.41,1841.41
HITM0002020,HORD000654,PRD0650,1,129.9,129.9
HITM0002021,HORD000654,PRD0980,1,310.02,310.02
HITM0002022,HORD000654,PRD0291,1,2310.69,2310.69
HITM0002023,HORD000654,PRD0657,1,1084.44,1084.44
HITM0005905,HORD001889,PRD0337,2,842.79,1685.58
HITM0005906,HORD001889,PRD0899,1,180.25,180.25
HITM0005907,HORD001889,PRD0965,1,536.69,536.69
HITM0005908,HORD001889,PRD0978,1,452.17,452.17
HITM0009852,HORD003131,PRD0731,1,1738.31,1738.31
HITM0009853,HORD003131,PRD0873,1,665.62,665.62
HITM0003811,HORD001229,PRD0692,1,1859.26,1859.26
HITM0003812,HORD001229,PRD0242,2,600.25,1200.5
HITM0003813,HORD001229,PRD0858,1,179.07,179.07
HITM0003814,HORD001229,PRD0803,1,1082.24,1082.24
HITM0014893,HORD004738,PRD0468,1,254.35,254.35
HITM0014894,HORD004738,PRD0373,1,1277.27,1277.27
HITM0014895,HORD004738,PRD0968,2,1098.76,2197.52
HITM0015521,HORD004942,PRD0477,2,1380.73,2761.46
HITM0010260,HORD003262,PRD0824,1,3668.34,3668.34
HITM0010261,HORD003262,PRD0185,2,1138.66,2277.32
HITM0010262,HORD003262,PRD0550,1,112.99,112.99
HITM0010263,HORD003262,PRD0781,1,1039.29,1039.29
HITM0006589,HORD002104,PRD0021,1,1347.38,1347.38
HITM0005462,HORD001746,PRD0159,1,1281.12,1281.12
HITM0005463,HORD001746,PRD0488,1,281.31,281.31
HITM0005464,HORD001746,PRD0047,1,64.28,64.28
HITM0006157,HORD001970,PRD0672,1,1690.15,1690.15
HITM0006158,HORD001970,PRD0978,1,452.17,452.17
HITM0006159,HORD001970,PRD0716,1,300.2,300.2
HITM0002905,HORD000935,PRD0852,1,1542.22,1542.22
HITM0002906,HORD000935,PRD0243,1,567.88,567.88
HITM0002907,HORD000935,PRD0471,1,2188.61,2188.61
HITM0002908,HORD000935,PRD0431,1,1892.24,1892.24
HITM0006347,HORD002028,PRD0001,1,2765.47,2765.47
HITM0006348,HORD002028,PRD0779,1,835.92,835.92
HITM0006349,HORD002028,PRD0870,1,297.44,297.44
HITM0013079,HORD004163,PRD0058,1,243.69,243.69
HITM0013080,HORD004163,PRD0822,1,724.35,724.35
HITM0013081,HORD004163,PRD0902,1,307.82,307.82
HITM0008126,HORD002585,PRD0726,3,357.63,1072.89
HITM0008127,HORD002585,PRD0198,1,492.76,492.76
HITM0008128,HORD002585,PRD0693,1,748.42,748.42
HITM0014285,HORD004546,PRD0899,1,180.25,180.25
HITM0014286,HORD004546,PRD0990,1,114.18,114.18
HITM0001652,HORD000534,PRD0425,1,932.26,932.26
HITM0001653,HORD000534,PRD0033,1,822.86,822.86
HITM0001654,HORD000534,PRD0500,1,408.62,408.62
HITM0003433,HORD001107,PRD0837,1,2447.06,2447.06
HITM0003434,HORD001107,PRD0603,1,557.9,557.9
HITM0003435,HORD001107,PRD0715,1,401.49,401.49
HITM0000227,HORD000078,PRD0200,1,148.27,148.27
HITM0000228,HORD000078,PRD0190,1,248.59,248.59
HITM0000229,HORD000078,PRD0631,2,1231.25,2462.5
HITM0011541,HORD003676,PRD0467,2,2512.22,5024.44
HITM0011542,HORD003676,PRD0865,1,851.18,851.18
HITM0011543,HORD003676,PRD0171,1,1970.35,1970.35
HITM0011544,HORD003676,PRD0456,1,690.03,690.03
HITM0002228,HORD000719,PRD0462,1,1832.75,1832.75
HITM0006583,HORD002102,PRD0231,1,1774.07,1774.07
HITM0006584,HORD002102,PRD0974,1,3468.15,3468.15
HITM0006585,HORD002102,PRD0311,2,3180.87,6361.74
HITM0015356,HORD004889,PRD0101,2,1151.85,2303.7
HITM0015357,HORD004889,PRD0961,1,2282.29,2282.29
HITM0004028,HORD001295,PRD0060,1,170.83,170.83
HITM0009684,HORD003078,PRD0650,1,129.9,129.9
HITM0009685,HORD003078,PRD0968,2,1098.76,2197.52
HITM0009686,HORD003078,PRD0191,1,1103.43,1103.43
HITM0007794,HORD002478,PRD0389,1,562.64,562.64
HITM0007795,HORD002478,PRD0591,1,2365.48,2365.48
HITM0007796,HORD002478,PRD0165,1,567.68,567.68
HITM0014033,HORD004464,PRD0995,1,69.16,69.16
HITM0014034,HORD004464,PRD0107,1,1601.0,1601.0
HITM0014035,HORD004464,PRD0915,2,1134.28,2268.56
HITM0014036,HORD004464,PRD0706,1,493.43,493.43
HITM0008621,HORD002740,PRD0216,2,823.62,1647.24
HITM0008622,HORD002740,PRD0596,1,596.4,596.4
HITM0008623,HORD002740,PRD0931,1,1200.5,1200.5
HITM0008624,HORD002740,PRD0612,2,385.34,770.68
HITM0009183,HORD002916,PRD0038,1,769.34,769.34
HITM0007270,HORD002316,PRD0027,1,431.75,431.75
HITM0007271,HORD002316,PRD0030,1,405.09,405.09
HITM0007272,HORD002316,PRD0022,1,1480.38,1480.38
HITM0013649,HORD004345,PRD0011,1,1900.95,1900.95
HITM0013650,HORD004345,PRD0443,1,681.97,681.97
HITM0013651,HORD004345,PRD0483,1,436.08,436.08
HITM0013652,HORD004345,PRD0758,2,165.39,330.78
HITM0012889,HORD004104,PRD0077,2,2379.38,4758.76
HITM0011214,HORD003573,PRD0193,1,1208.58,1208.58
HITM0011215,HORD003573,PRD0059,1,602.47,602.47
HITM0011216,HORD003573,PRD0686,2,529.65,1059.3
HITM0011217,HORD003573,PRD0851,2,2462.55,4925.1
HITM0010421,HORD003312,PRD0420,1,399.59,399.59
HITM0010422,HORD003312,PRD0982,1,885.27,885.27
HITM0010423,HORD003312,PRD0580,3,109.85,329.55
HITM0001299,HORD000418,PRD0686,1,529.65,529.65
HITM0004384,HORD001407,PRD0600,2,62.84,125.68
HITM0004385,HORD001407,PRD0450,1,212.69,212.69
HITM0004386,HORD001407,PRD0535,1,536.13,536.13
HITM0014721,HORD004681,PRD0252,1,1820.97,1820.97
HITM0014722,HORD004681,PRD0397,1,719.35,719.35
HITM0014723,HORD004681,PRD0483,1,436.08,436.08
HITM0012347,HORD003943,PRD0920,1,53.18,53.18
HITM0012348,HORD003943,PRD0254,1,2250.67,2250.67
HITM0012349,HORD003943,PRD0910,1,53.54,53.54
HITM0009504,HORD003019,PRD0967,2,2500.44,5000.88
HITM0009505,HORD003019,PRD0338,1,472.36,472.36
HITM0009506,HORD003019,PRD0159,1,1281.12,1281.12
HITM0006125,HORD001958,PRD0501,1,2192.16,2192.16
HITM0006126,HORD001958,PRD0508,1,513.6,513.6
HITM0006127,HORD001958,PRD0445,1,830.34,830.34
HITM0006128,HORD001958,PRD0922,3,1800.32,5400.96
HITM0012050,HORD003843,PRD0664,2,3499.77,6999.54
HITM0012051,HORD003843,PRD0868,2,1088.06,2176.12
HITM0009515,HORD003023,PRD0820,1,109.62,109.62
HITM0009516,HORD003023,PRD0562,3,670.44,2011.32
HITM0009517,HORD003023,PRD0322,1,1844.93,1844.93
HITM0015460,HORD004924,PRD0400,2,249.11,498.22
HITM0015461,HORD004924,PRD0816,1,125.37,125.37
HITM0015462,HORD004924,PRD0101,1,1151.85,1151.85
HITM0015463,HORD004924,PRD0815,1,261.87,261.87
HITM0008641,HORD002746,PRD0098,1,560.95,560.95
HITM0008642,HORD002746,PRD0695,1,663.83,663.83
HITM0008643,HORD002746,PRD0792,2,1375.74,2751.48
HITM0008644,HORD002746,PRD0319,1,1422.45,1422.45
HITM0010451,HORD003323,PRD0098,1,560.95,560.95
HITM0010452,HORD003323,PRD0550,1,112.99,112.99
HITM0010023,HORD003185,PRD0137,1,1155.19,1155.19
HITM0010024,HORD003185,PRD0398,3,809.04,2427.12
HITM0010025,HORD003185,PRD0447,1,1044.91,1044.91
HITM0010026,HORD003185,PRD0759,1,1399.01,1399.01
HITM0005820,HORD001862,PRD0703,2,529.32,1058.64
HITM0008731,HORD002772,PRD0479,1,1360.38,1360.38
HITM0008732,HORD002772,PRD0674,1,3768.2,3768.2
HITM0008733,HORD002772,PRD0791,2,2700.27,5400.54
HITM0008734,HORD002772,PRD0326,1,828.92,828.92
HITM0008735,HORD002772,PRD0783,1,478.3,478.3
HITM0002136,HORD000690,PRD0790,1,356.37,356.37
HITM0002137,HORD000690,PRD0305,2,387.39,774.78
HITM0002138,HORD000690,PRD0349,1,1342.94,1342.94
HITM0002139,HORD000690,PRD0858,1,179.07,179.07
HITM0002140,HORD000690,PRD0479,1,1360.38,1360.38
HITM0006151,HORD001967,PRD0024,2,2921.86,5843.72
HITM0006152,HORD001967,PRD0251,3,1852.67,5558.01
HITM0014967,HORD004761,PRD0987,1,751.73,751.73
HITM0014968,HORD004761,PRD0011,3,1900.95,5702.85
HITM0014969,HORD004761,PRD0890,1,309.69,309.69
HITM0014970,HORD004761,PRD0849,1,216.96,216.96
HITM0014971,HORD004761,PRD0850,1,101.36,101.36
HITM0014129,HORD004493,PRD0711,1,2598.42,2598.42
HITM0014130,HORD004493,PRD0693,1,748.42,748.42
HITM0014131,HORD004493,PRD0533,1,789.09,789.09
HITM0014132,HORD004493,PRD0468,1,254.35,254.35
HITM0010530,HORD003349,PRD0677,1,1049.55,1049.55
HITM0010531,HORD003349,PRD0921,1,2485.73,2485.73
HITM0000048,HORD000018,PRD0062,2,685.19,1370.38
HITM0000049,HORD000018,PRD0807,1,1660.47,1660.47
HITM0000050,HORD000018,PRD0260,2,100.02,200.04
HITM0004945,HORD001584,PRD0954,2,1508.35,3016.7
HITM0004946,HORD001584,PRD0612,1,385.34,385.34
HITM0004947,HORD001584,PRD0501,1,2192.16,2192.16
HITM0002372,HORD000768,PRD0419,2,100.25,200.5
HITM0002373,HORD000768,PRD0302,2,1259.27,2518.54
HITM0002374,HORD000768,PRD0118,1,148.01,148.01
HITM0002375,HORD000768,PRD0904,2,3664.33,7328.66
HITM0002376,HORD000768,PRD0403,2,1021.92,2043.84
HITM0014784,HORD004703,PRD0239,1,271.25,271.25
HITM0014785,HORD004703,PRD0073,2,900.89,1801.78
HITM0014786,HORD004703,PRD0840,1,164.29,164.29
HITM0006123,HORD001957,PRD0555,1,159.32,159.32
HITM0006124,HORD001957,PRD0003,2,472.24,944.48
HITM0011084,HORD003533,PRD0920,1,53.18,53.18
HITM0011085,HORD003533,PRD0145,3,672.85,2018.55
HITM0000831,HORD000270,PRD0375,1,495.35,495.35
HITM0000832,HORD000270,PRD0087,1,2316.68,2316.68
HITM0013641,HORD004343,PRD0809,2,699.91,1399.82
HITM0013642,HORD004343,PRD0479,1,1360.38,1360.38
HITM0013643,HORD004343,PRD0657,1,1084.44,1084.44
HITM0001515,HORD000489,PRD0733,1,1448.13,1448.13
HITM0001516,HORD000489,PRD0747,1,1353.66,1353.66
HITM0008742,HORD002775,PRD0522,1,1754.68,1754.68
HITM0008743,HORD002775,PRD0199,1,1349.0,1349.0
HITM0008744,HORD002775,PRD0423,1,684.99,684.99
HITM0001886,HORD000613,PRD0027,1,431.75,431.75
HITM0001887,HORD000613,PRD0069,1,402.1,402.1
HITM0001888,HORD000613,PRD0020,1,47.5,47.5
HITM0001889,HORD000613,PRD0279,1,1450.59,1450.59
HITM0009863,HORD003134,PRD0457,1,514.55,514.55
HITM0009864,HORD003134,PRD0338,1,472.36,472.36
HITM0009865,HORD003134,PRD0449,2,168.36,336.72
HITM0009296,HORD002952,PRD0723,1,1076.87,1076.87
HITM0009297,HORD002952,PRD0461,1,3147.14,3147.14
HITM0009298,HORD002952,PRD0778,1,921.48,921.48
HITM0009299,HORD002952,PRD0319,1,1422.45,1422.45
HITM0006761,HORD002157,PRD0012,1,426.8,426.8
HITM0006762,HORD002157,PRD0785,1,86.54,86.54
HITM0006763,HORD002157,PRD0222,1,1721.64,1721.64
HITM0008237,HORD002617,PRD0323,1,1220.6,1220.6
HITM0008238,HORD002617,PRD0676,1,45.2,45.2
HITM0008239,HORD002617,PRD0986,1,605.03,605.03
HITM0004315,HORD001386,PRD0065,1,1196.5,1196.5
HITM0004316,HORD001386,PRD0325,1,161.7,161.7
HITM0004317,HORD001386,PRD0066,2,291.03,582.06
HITM0011427,HORD003639,PRD0719,2,192.41,384.82
HITM0011428,HORD003639,PRD0153,1,638.8,638.8
HITM0011429,HORD003639,PRD0750,1,400.34,400.34
HITM0007557,HORD002408,PRD0512,1,853.36,853.36
HITM0007558,HORD002408,PRD0590,1,54.96,54.96
HITM0007559,HORD002408,PRD0255,1,699.0,699.0
HITM0007560,HORD002408,PRD0449,2,168.36,336.72
HITM0007561,HORD002408,PRD0406,1,482.25,482.25
HITM0009858,HORD003133,PRD0281,1,2324.84,2324.84
HITM0009859,HORD003133,PRD0969,1,1212.01,1212.01
HITM0009860,HORD003133,PRD0748,1,432.14,432.14
HITM0009861,HORD003133,PRD0429,1,251.33,251.33
HITM0009862,HORD003133,PRD0770,3,116.43,349.29
HITM0011574,HORD003685,PRD0105,1,325.21,325.21
HITM0011575,HORD003685,PRD0762,1,1016.52,1016.52
HITM0011576,HORD003685,PRD0940,2,51.08,102.16
HITM0003582,HORD001156,PRD0163,1,1426.46,1426.46
HITM0003583,HORD001156,PRD0823,1,1291.29,1291.29
HITM0009831,HORD003124,PRD0129,2,349.4,698.8
HITM0009832,HORD003124,PRD0567,1,179.96,179.96
HITM0009833,HORD003124,PRD0703,1,529.32,529.32
HITM0008722,HORD002768,PRD0168,1,341.32,341.32
HITM0006008,HORD001920,PRD0415,1,111.92,111.92
HITM0006009,HORD001920,PRD0952,1,1618.02,1618.02
HITM0006010,HORD001920,PRD0710,1,193.26,193.26
HITM0002065,HORD000668,PRD0383,1,584.39,584.39
HITM0002066,HORD000668,PRD0271,1,1523.72,1523.72
HITM0002067,HORD000668,PRD0557,1,114.56,114.56
HITM0004970,HORD001592,PRD0188,3,370.0,1110.0
HITM0004971,HORD001592,PRD0052,2,1015.78,2031.56
HITM0004972,HORD001592,PRD0047,1,64.28,64.28
HITM0004973,HORD001592,PRD1000,1,192.28,192.28
HITM0004974,HORD001592,PRD0090,1,99.88,99.88
HITM0007989,HORD002539,PRD0737,2,420.63,841.26
HITM0007990,HORD002539,PRD0230,2,72.62,145.24
HITM0007991,HORD002539,PRD0182,1,331.32,331.32
HITM0003459,HORD001116,PRD0371,1,2628.93,2628.93
HITM0003460,HORD001116,PRD0362,3,1208.57,3625.71
HITM0006687,HORD002136,PRD0257,1,637.63,637.63
HITM0006688,HORD002136,PRD0729,3,496.66,1489.98
HITM0007820,HORD002485,PRD0002,1,455.28,455.28
HITM0007821,HORD002485,PRD0588,2,277.14,554.28
HITM0007822,HORD002485,PRD0832,2,1103.3,2206.6
HITM0007823,HORD002485,PRD0604,2,1031.83,2063.66
HITM0007824,HORD002485,PRD0109,3,429.51,1288.53
HITM0005310,HORD001695,PRD0159,2,1281.12,2562.24
HITM0005311,HORD001695,PRD0718,1,287.05,287.05
HITM0005312,HORD001695,PRD0917,1,624.31,624.31
HITM0008026,HORD002553,PRD0096,1,569.77,569.77
HITM0008027,HORD002553,PRD0565,2,1021.79,2043.58
HITM0008028,HORD002553,PRD0020,1,47.5,47.5
HITM0009624,HORD003055,PRD0400,1,249.11,249.11
HITM0009625,HORD003055,PRD0180,1,386.36,386.36
HITM0009626,HORD003055,PRD0074,1,3772.69,3772.69
HITM0009627,HORD003055,PRD0048,1,165.15,165.15
HITM0013306,HORD004232,PRD0630,1,227.99,227.99
HITM0013307,HORD004232,PRD0008,1,442.13,442.13
HITM0013308,HORD004232,PRD0155,1,171.72,171.72
HITM0013309,HORD004232,PRD0120,2,348.09,696.18
HITM0013310,HORD004232,PRD0990,1,114.18,114.18
HITM0006746,HORD002153,PRD0560,1,176.65,176.65
HITM0006747,HORD002153,PRD0125,1,1104.8,1104.8
HITM0006748,HORD002153,PRD0753,1,377.42,377.42
HITM0006749,HORD002153,PRD0606,1,74.13,74.13
HITM0008105,HORD002578,PRD0911,2,1497.3,2994.6
HITM0008106,HORD002578,PRD0098,1,560.95,560.95
HITM0008107,HORD002578,PRD0833,1,1377.34,1377.34
HITM0001901,HORD000617,PRD0272,1,1161.16,1161.16
HITM0001902,HORD000617,PRD0973,1,703.36,703.36
HITM0001903,HORD000617,PRD0764,1,1928.47,1928.47
HITM0001904,HORD000617,PRD0966,1,819.73,819.73
HITM0010694,HORD003405,PRD0509,1,246.73,246.73
HITM0010695,HORD003405,PRD0120,1,348.09,348.09
HITM0010696,HORD003405,PRD0728,1,504.43,504.43
HITM0010697,HORD003405,PRD0566,3,150.7,452.1
HITM0010698,HORD003405,PRD0726,1,357.63,357.63
HITM0005039,HORD001613,PRD0802,1,1865.37,1865.37
HITM0006534,HORD002088,PRD0928,1,426.54,426.54
HITM0006535,HORD002088,PRD0231,1,1774.07,1774.07
HITM0006536,HORD002088,PRD0886,1,59.21,59.21
HITM0006537,HORD002088,PRD0007,2,1605.29,3210.58
HITM0006538,HORD002088,PRD0049,1,740.34,740.34
HITM0008286,HORD002632,PRD0016,1,594.47,594.47
HITM0008287,HORD002632,PRD0808,2,601.58,1203.16
HITM0008288,HORD002632,PRD0375,1,495.35,495.35
HITM0008289,HORD002632,PRD0520,1,331.38,331.38
HITM0004874,HORD001561,PRD0495,1,752.39,752.39
HITM0004875,HORD001561,PRD0713,2,768.21,1536.42
HITM0004876,HORD001561,PRD0845,1,323.81,323.81
HITM0005879,HORD001881,PRD0724,1,2202.99,2202.99
HITM0005880,HORD001881,PRD0498,1,201.0,201.0
HITM0005881,HORD001881,PRD0277,1,1153.48,1153.48
HITM0005882,HORD001881,PRD0290,2,154.65,309.3
HITM0007173,HORD002287,PRD0713,2,768.21,1536.42
HITM0007174,HORD002287,PRD0683,2,704.09,1408.18
HITM0007175,HORD002287,PRD0348,2,643.07,1286.14
HITM0007176,HORD002287,PRD0440,2,413.05,826.1
HITM0003643,HORD001175,PRD0622,1,780.23,780.23
HITM0003644,HORD001175,PRD0277,1,1153.48,1153.48
HITM0003645,HORD001175,PRD0931,2,1200.5,2401.0
HITM0012971,HORD004131,PRD0015,1,238.76,238.76
HITM0012972,HORD004131,PRD0846,1,671.93,671.93
HITM0012973,HORD004131,PRD0969,1,1212.01,1212.01
HITM0012974,HORD004131,PRD0857,1,160.36,160.36
HITM0004781,HORD001534,PRD0257,1,637.63,637.63
HITM0004782,HORD001534,PRD0876,2,228.97,457.94
HITM0004783,HORD001534,PRD0280,1,105.66,105.66
HITM0004784,HORD001534,PRD0443,3,681.97,2045.91
HITM0000772,HORD000249,PRD0446,1,168.08,168.08
HITM0000773,HORD000249,PRD0340,1,382.9,382.9
HITM0003948,HORD001270,PRD0369,1,429.26,429.26
HITM0003949,HORD001270,PRD0220,1,201.85,201.85
HITM0003950,HORD001270,PRD0976,2,196.82,393.64
HITM0010321,HORD003282,PRD0059,1,602.47,602.47
HITM0010322,HORD003282,PRD0759,1,1399.01,1399.01
HITM0010323,HORD003282,PRD0699,1,373.99,373.99
HITM0010324,HORD003282,PRD0508,1,513.6,513.6
HITM0010325,HORD003282,PRD0282,1,1632.77,1632.77
HITM0012856,HORD004096,PRD0177,2,1216.85,2433.7
HITM0012857,HORD004096,PRD0356,1,365.08,365.08
HITM0012858,HORD004096,PRD0401,1,1079.31,1079.31
HITM0011676,HORD003720,PRD0986,1,605.03,605.03
HITM0011677,HORD003720,PRD0901,1,2926.07,2926.07
HITM0011912,HORD003796,PRD0846,1,671.93,671.93
HITM0011913,HORD003796,PRD0984,1,3872.19,3872.19
HITM0011914,HORD003796,PRD0294,1,4059.32,4059.32
HITM0011915,HORD003796,PRD0163,1,1426.46,1426.46
HITM0003490,HORD001128,PRD0239,1,271.25,271.25
HITM0003491,HORD001128,PRD0559,1,531.55,531.55
HITM0003492,HORD001128,PRD0127,1,599.05,599.05
HITM0003493,HORD001128,PRD0925,1,557.83,557.83
HITM0013475,HORD004288,PRD0980,3,310.02,930.06
HITM0013476,HORD004288,PRD0153,1,638.8,638.8
HITM0013477,HORD004288,PRD0720,1,216.18,216.18
HITM0006590,HORD002105,PRD0656,1,848.87,848.87
HITM0006591,HORD002105,PRD0422,1,359.3,359.3
HITM0006592,HORD002105,PRD0079,1,211.65,211.65
HITM0006593,HORD002105,PRD0770,1,116.43,116.43
HITM0000910,HORD000295,PRD0652,1,1300.01,1300.01
HITM0000911,HORD000295,PRD0843,1,1192.62,1192.62
HITM0000912,HORD000295,PRD0562,2,670.44,1340.88
HITM0005588,HORD001790,PRD0285,2,1110.14,2220.28
HITM0005589,HORD001790,PRD0477,1,1380.73,1380.73
HITM0005590,HORD001790,PRD0466,1,362.96,362.96
HITM0005591,HORD001790,PRD0303,2,1407.52,2815.04
HITM0015630,HORD004981,PRD0700,1,241.67,241.67
HITM0015631,HORD004981,PRD0757,2,1540.4,3080.8
HITM0015632,HORD004981,PRD0530,1,14.38,14.38
HITM0001466,HORD000473,PRD0645,1,262.13,262.13
HITM0001467,HORD000473,PRD0835,1,705.82,705.82
HITM0001468,HORD000473,PRD0437,1,2045.28,2045.28
HITM0001469,HORD000473,PRD0138,1,727.03,727.03
HITM0008336,HORD002647,PRD0437,1,2045.28,2045.28
HITM0008337,HORD002647,PRD0820,1,109.62,109.62
HITM0008338,HORD002647,PRD0926,1,546.12,546.12
HITM0008568,HORD002723,PRD0760,1,36.27,36.27
HITM0008569,HORD002723,PRD0562,1,670.44,670.44
HITM0008570,HORD002723,PRD0848,2,289.88,579.76
HITM0004291,HORD001379,PRD0721,1,2149.9,2149.9
HITM0004292,HORD001379,PRD0886,1,59.21,59.21
HITM0004293,HORD001379,PRD0597,2,2470.13,4940.26
HITM0004294,HORD001379,PRD0623,1,442.62,442.62
HITM0010138,HORD003224,PRD0081,1,3046.5,3046.5
HITM0010139,HORD003224,PRD0909,1,1266.71,1266.71
HITM0002629,HORD000850,PRD0728,1,504.43,504.43
HITM0002630,HORD000850,PRD0775,2,1055.72,2111.44
HITM0002631,HORD000850,PRD0588,1,277.14,277.14
HITM0002632,HORD000850,PRD0016,1,594.47,594.47
HITM0002633,HORD000850,PRD0520,1,331.38,331.38
HITM0000983,HORD000318,PRD0361,1,2730.19,2730.19
HITM0000984,HORD000318,PRD0101,2,1151.85,2303.7
HITM0004158,HORD001338,PRD0206,2,433.31,866.62
HITM0004159,HORD001338,PRD0257,1,637.63,637.63
HITM0004160,HORD001338,PRD0447,1,1044.91,1044.91
HITM0004161,HORD001338,PRD0559,1,531.55,531.55
HITM0005574,HORD001785,PRD0043,1,1338.85,1338.85
HITM0005575,HORD001785,PRD0974,3,3468.15,10404.45
HITM0014088,HORD004481,PRD0072,1,1642.51,1642.51
HITM0014089,HORD004481,PRD0817,1,2026.78,2026.78
HITM0014090,HORD004481,PRD0407,1,2508.69,2508.69
HITM0014091,HORD004481,PRD0086,2,669.12,1338.24
HITM0002570,HORD000831,PRD0442,1,1758.97,1758.97
HITM0002571,HORD000831,PRD0073,1,900.89,900.89
HITM0002572,HORD000831,PRD0070,1,257.34,257.34
HITM0009020,HORD002864,PRD0547,1,1638.11,1638.11
HITM0009021,HORD002864,PRD0654,1,864.76,864.76
HITM0009022,HORD002864,PRD0632,2,372.28,744.56
HITM0002695,HORD000868,PRD0980,1,310.02,310.02
HITM0002696,HORD000868,PRD0597,1,2470.13,2470.13
HITM0002697,HORD000868,PRD0433,2,456.5,913.0
HITM0002698,HORD000868,PRD0586,1,754.59,754.59
HITM0003774,HORD001217,PRD0561,1,1381.26,1381.26
HITM0003775,HORD001217,PRD0030,1,405.09,405.09
HITM0009938,HORD003158,PRD0460,1,19.84,19.84
HITM0009939,HORD003158,PRD0533,1,789.09,789.09
HITM0001776,HORD000578,PRD0215,2,580.92,1161.84
HITM0001777,HORD000578,PRD0386,1,167.3,167.3
HITM0001778,HORD000578,PRD0095,1,699.82,699.82
HITM0011165,HORD003560,PRD0738,1,357.89,357.89
HITM0011166,HORD003560,PRD0002,1,455.28,455.28
HITM0008923,HORD002836,PRD0277,1,1153.48,1153.48
HITM0008924,HORD002836,PRD0233,1,1369.87,1369.87
HITM0001700,HORD000552,PRD0050,2,191.67,383.34
HITM0001701,HORD000552,PRD0029,2,1303.04,2606.08
HITM0003508,HORD001133,PRD0073,1,900.89,900.89
HITM0007093,HORD002264,PRD0997,1,602.38,602.38
HITM0007094,HORD002264,PRD0983,1,1360.95,1360.95
HITM0007095,HORD002264,PRD0189,1,1162.73,1162.73
HITM0010754,HORD003424,PRD0418,2,584.01,1168.02
HITM0010755,HORD003424,PRD0506,2,551.69,1103.38
HITM0010756,HORD003424,PRD0039,1,150.51,150.51
HITM0004893,HORD001568,PRD0033,1,822.86,822.86
HITM0004894,HORD001568,PRD0543,1,336.97,336.97
HITM0004895,HORD001568,PRD0425,1,932.26,932.26
HITM0004896,HORD001568,PRD0857,1,160.36,160.36
HITM0004897,HORD001568,PRD0835,1,705.82,705.82
HITM0010374,HORD003298,PRD0176,2,653.3,1306.6
HITM0010375,HORD003298,PRD0395,1,700.42,700.42
HITM0010376,HORD003298,PRD0196,1,206.29,206.29
HITM0010377,HORD003298,PRD0894,1,2406.75,2406.75
HITM0010409,HORD003309,PRD0873,1,665.62,665.62
HITM0010410,HORD003309,PRD0286,1,725.81,725.81
HITM0010411,HORD003309,PRD0036,1,355.76,355.76
HITM0010412,HORD003309,PRD0530,1,14.38,14.38
HITM0010792,HORD003436,PRD0534,2,781.55,1563.1
HITM0010793,HORD003436,PRD0456,1,690.03,690.03
HITM0010794,HORD003436,PRD0212,2,1821.52,3643.04
HITM0013927,HORD004426,PRD0052,1,1015.78,1015.78
HITM0013928,HORD004426,PRD0850,3,101.36,304.08
HITM0009246,HORD002938,PRD0265,1,1188.22,1188.22
HITM0009247,HORD002938,PRD0860,1,113.03,113.03
HITM0009248,HORD002938,PRD0206,2,433.31,866.62
HITM0009249,HORD002938,PRD0859,1,1242.69,1242.69
HITM0005751,HORD001841,PRD0327,2,122.19,244.38
HITM0005752,HORD001841,PRD0834,1,2475.8,2475.8
HITM0005753,HORD001841,PRD0780,1,297.57,297.57
HITM0008925,HORD002837,PRD0886,1,59.21,59.21
HITM0008926,HORD002837,PRD0637,1,1350.41,1350.41
HITM0008927,HORD002837,PRD0110,1,113.31,113.31
HITM0000249,HORD000084,PRD0845,1,323.81,323.81
HITM0000250,HORD000084,PRD0190,1,248.59,248.59
HITM0000251,HORD000084,PRD0515,1,987.71,987.71
HITM0000252,HORD000084,PRD0755,2,802.94,1605.88
HITM0012132,HORD003871,PRD0383,1,584.39,584.39
HITM0012133,HORD003871,PRD0509,1,246.73,246.73
HITM0014645,HORD004658,PRD0542,1,1879.25,1879.25
HITM0014646,HORD004658,PRD0293,1,1383.27,1383.27
HITM0014647,HORD004658,PRD0079,1,211.65,211.65
HITM0014648,HORD004658,PRD0753,1,377.42,377.42
HITM0014649,HORD004658,PRD0829,1,582.58,582.58
HITM0004261,HORD001368,PRD0592,1,301.86,301.86
HITM0004262,HORD001368,PRD0533,1,789.09,789.09
HITM0004263,HORD001368,PRD0182,1,331.32,331.32
HITM0004264,HORD001368,PRD0091,1,2264.24,2264.24
HITM0009582,HORD003043,PRD0470,3,91.58,274.74
HITM0009583,HORD003043,PRD0709,1,320.78,320.78
HITM0014108,HORD004486,PRD0164,2,649.27,1298.54
HITM0014109,HORD004486,PRD0047,1,64.28,64.28
HITM0014110,HORD004486,PRD0762,1,1016.52,1016.52
HITM0008736,HORD002773,PRD0355,1,714.36,714.36
HITM0008737,HORD002773,PRD0877,1,507.09,507.09
HITM0008738,HORD002773,PRD0089,1,739.15,739.15
HITM0003482,HORD001125,PRD0828,1,745.61,745.61
HITM0003483,HORD001125,PRD0352,3,1553.05,4659.15
HITM0003484,HORD001125,PRD0440,1,413.05,413.05
HITM0004975,HORD001593,PRD0862,1,717.42,717.42
HITM0004976,HORD001593,PRD0220,2,201.85,403.7
HITM0004977,HORD001593,PRD0289,1,1441.37,1441.37
HITM0014623,HORD004652,PRD0618,1,578.42,578.42
HITM0014624,HORD004652,PRD0530,1,14.38,14.38
HITM0014625,HORD004652,PRD0832,2,1103.3,2206.6
HITM0014626,HORD004652,PRD0968,1,1098.76,1098.76
HITM0015664,HORD004992,PRD0140,1,224.98,224.98
HITM0015665,HORD004992,PRD0960,1,322.58,322.58
HITM0015666,HORD004992,PRD0725,1,1037.01,1037.01
HITM0015539,HORD004950,PRD0500,2,408.62,817.24
HITM0015540,HORD004950,PRD0453,1,481.9,481.9
HITM0015541,HORD004950,PRD0410,1,401.28,401.28
HITM0001081,HORD000350,PRD0495,2,752.39,1504.78
HITM0006258,HORD002000,PRD0132,1,691.37,691.37
HITM0006259,HORD002000,PRD0180,3,386.36,1159.08
HITM0006260,HORD002000,PRD0650,1,129.9,129.9
HITM0009763,HORD003103,PRD0630,3,227.99,683.97
HITM0009764,HORD003103,PRD0777,2,2576.34,5152.68
HITM0003696,HORD001191,PRD0050,1,191.67,191.67
HITM0013092,HORD004167,PRD0153,1,638.8,638.8
HITM0013093,HORD004167,PRD0227,1,853.87,853.87
HITM0013094,HORD004167,PRD0360,1,387.48,387.48
HITM0013095,HORD004167,PRD0625,1,840.9,840.9
HITM0013096,HORD004167,PRD0436,1,180.16,180.16
HITM0005664,HORD001811,PRD0262,1,1028.17,1028.17
HITM0005665,HORD001811,PRD0065,1,1196.5,1196.5
HITM0005383,HORD001718,PRD0165,1,567.68,567.68
HITM0005384,HORD001718,PRD0768,1,435.51,435.51
HITM0005427,HORD001734,PRD0732,2,729.81,1459.62
HITM0005428,HORD001734,PRD0370,1,206.12,206.12
HITM0012505,HORD003990,PRD0567,1,179.96,179.96
HITM0012506,HORD003990,PRD0160,2,361.95,723.9
HITM0012507,HORD003990,PRD0020,1,47.5,47.5
HITM0012508,HORD003990,PRD0841,1,2479.75,2479.75
HITM0012509,HORD003990,PRD0719,1,192.41,192.41
HITM0006241,HORD001995,PRD0195,1,715.6,715.6
HITM0006242,HORD001995,PRD0875,1,243.6,243.6
HITM0006243,HORD001995,PRD0886,1,59.21,59.21
HITM0006244,HORD001995,PRD0347,1,1228.43,1228.43
HITM0010076,HORD003202,PRD0050,1,191.67,191.67
HITM0010077,HORD003202,PRD0948,3,581.24,1743.72
HITM0012748,HORD004065,PRD0889,2,478.58,957.16
HITM0012749,HORD004065,PRD0279,2,1450.59,2901.18
HITM0012750,HORD004065,PRD0518,1,271.63,271.63
HITM0012751,HORD004065,PRD0723,1,1076.87,1076.87
HITM0000418,HORD000141,PRD0690,2,115.07,230.14
HITM0000419,HORD000141,PRD0945,1,730.35,730.35
HITM0009392,HORD002981,PRD0806,1,210.08,210.08
HITM0009393,HORD002981,PRD0771,1,1761.53,1761.53
HITM0009394,HORD002981,PRD0830,1,121.26,121.26
HITM0001308,HORD000421,PRD0076,1,705.93,705.93
HITM0001309,HORD000421,PRD0557,1,114.56,114.56
HITM0001310,HORD000421,PRD0720,1,216.18,216.18
HITM0010446,HORD003322,PRD0309,1,332.31,332.31
HITM0010447,HORD003322,PRD0349,1,1342.94,1342.94
HITM0010448,HORD003322,PRD0482,2,1837.18,3674.36
HITM0010449,HORD003322,PRD0095,1,699.82,699.82
HITM0010450,HORD003322,PRD0927,1,2435.38,2435.38
HITM0003416,HORD001101,PRD0520,1,331.38,331.38
HITM0002317,HORD000749,PRD0419,1,100.25,100.25
HITM0002318,HORD000749,PRD0648,2,1089.86,2179.72
HITM0002319,HORD000749,PRD0117,1,1297.02,1297.02
HITM0004834,HORD001549,PRD0303,1,1407.52,1407.52
HITM0004835,HORD001549,PRD0012,1,426.8,426.8
HITM0004836,HORD001549,PRD0289,1,1441.37,1441.37
HITM0004837,HORD001549,PRD0754,1,2206.66,2206.66
HITM0014767,HORD004697,PRD0676,1,45.2,45.2
HITM0014768,HORD004697,PRD0080,1,60.33,60.33
HITM0014769,HORD004697,PRD0879,3,287.13,861.39
HITM0004664,HORD001496,PRD0690,1,115.07,115.07
HITM0004665,HORD001496,PRD0628,1,219.29,219.29
HITM0004666,HORD001496,PRD0114,3,3925.54,11776.62
HITM0004667,HORD001496,PRD0479,1,1360.38,1360.38
HITM0003504,HORD001132,PRD0068,1,316.68,316.68
HITM0003505,HORD001132,PRD0195,2,715.6,1431.2
HITM0003506,HORD001132,PRD0791,1,2700.27,2700.27
HITM0003507,HORD001132,PRD0533,1,789.09,789.09
HITM0013422,HORD004267,PRD0419,1,100.25,100.25
HITM0013423,HORD004267,PRD0397,1,719.35,719.35
HITM0013424,HORD004267,PRD0703,1,529.32,529.32
HITM0003474,HORD001122,PRD0244,2,2495.06,4990.12
HITM0003475,HORD001122,PRD0962,1,482.88,482.88
HITM0011784,HORD003750,PRD0656,1,848.87,848.87
HITM0011785,HORD003750,PRD0858,1,179.07,179.07
HITM0010502,HORD003340,PRD0540,1,16.38,16.38
HITM0010503,HORD003340,PRD0520,1,331.38,331.38
HITM0010504,HORD003340,PRD0170,1,90.68,90.68
HITM0009639,HORD003060,PRD0258,1,133.79,133.79
HITM0009640,HORD003060,PRD0851,1,2462.55,2462.55
HITM0009641,HORD003060,PRD0856,1,508.46,508.46
HITM0011809,HORD003758,PRD0890,2,309.69,619.38
HITM0011810,HORD003758,PRD0149,1,119.35,119.35
HITM0011811,HORD003758,PRD0654,1,864.76,864.76
HITM0005726,HORD001832,PRD0516,2,339.27,678.54
HITM0005727,HORD001832,PRD0294,1,4059.32,4059.32
HITM0011845,HORD003771,PRD0050,1,191.67,191.67
HITM0009620,HORD003054,PRD0563,1,1356.35,1356.35
HITM0009621,HORD003054,PRD0269,1,1258.42,1258.42
HITM0009622,HORD003054,PRD0388,1,652.95,652.95
HITM0009623,HORD003054,PRD0006,2,733.43,1466.86
HITM0010512,HORD003343,PRD0497,1,1019.05,1019.05
HITM0010513,HORD003343,PRD0634,1,1093.47,1093.47
HITM0012219,HORD003900,PRD0835,1,705.82,705.82
HITM0012220,HORD003900,PRD0509,1,246.73,246.73
HITM0012221,HORD003900,PRD0645,1,262.13,262.13
HITM0001100,HORD000356,PRD0344,2,1481.0,2962.0
HITM0001101,HORD000356,PRD0455,1,191.31,191.31
HITM0001102,HORD000356,PRD0671,1,1835.03,1835.03
HITM0005728,HORD001833,PRD0479,1,1360.38,1360.38
HITM0005729,HORD001833,PRD0724,1,2202.99,2202.99
HITM0005730,HORD001833,PRD0557,1,114.56,114.56
HITM0011338,HORD003611,PRD0807,1,1660.47,1660.47
HITM0011339,HORD003611,PRD0085,1,238.64,238.64
HITM0011340,HORD003611,PRD0610,1,347.23,347.23
HITM0004326,HORD001390,PRD0362,1,1208.57,1208.57
HITM0004327,HORD001390,PRD0907,1,130.49,130.49
HITM0006793,HORD002168,PRD0716,1,300.2,300.2
HITM0006794,HORD002168,PRD0441,2,1203.85,2407.7
HITM0006795,HORD002168,PRD0606,1,74.13,74.13
HITM0011248,HORD003583,PRD0230,1,72.62,72.62
HITM0011249,HORD003583,PRD0101,1,1151.85,1151.85
HITM0011250,HORD003583,PRD0295,2,979.25,1958.5
HITM0009736,HORD003095,PRD0390,1,254.28,254.28
HITM0009737,HORD003095,PRD0153,1,638.8,638.8
HITM0009738,HORD003095,PRD0953,2,536.06,1072.12
HITM0005071,HORD001625,PRD0628,1,219.29,219.29
HITM0005072,HORD001625,PRD0251,1,1852.67,1852.67
HITM0005073,HORD001625,PRD0401,1,1079.31,1079.31
HITM0005074,HORD001625,PRD0351,1,1461.95,1461.95
HITM0005075,HORD001625,PRD0841,1,2479.75,2479.75
HITM0004438,HORD001423,PRD0590,1,54.96,54.96
HITM0004439,HORD001423,PRD0550,1,112.99,112.99
HITM0004440,HORD001423,PRD0886,1,59.21,59.21
HITM0004441,HORD001423,PRD0226,1,202.49,202.49
HITM0001558,HORD000504,PRD0690,1,115.07,115.07
HITM0001559,HORD000504,PRD0938,1,327.05,327.05
HITM0001560,HORD000504,PRD0975,1,87.41,87.41
HITM0001561,HORD000504,PRD0440,1,413.05,413.05
HITM0007618,HORD002426,PRD0198,1,492.76,492.76
HITM0015646,HORD004987,PRD0736,1,508.97,508.97
HITM0015647,HORD004987,PRD0498,2,201.0,402.0
HITM0015648,HORD004987,PRD0686,1,529.65,529.65
HITM0015649,HORD004987,PRD0214,1,753.54,753.54
HITM0001798,HORD000585,PRD0487,1,322.51,322.51
HITM0001799,HORD000585,PRD0443,2,681.97,1363.94
HITM0001800,HORD000585,PRD0208,1,569.31,569.31
HITM0007896,HORD002510,PRD0807,1,1660.47,1660.47
HITM0007897,HORD002510,PRD0901,2,2926.07,5852.14
HITM0007898,HORD002510,PRD0178,1,131.81,131.81
HITM0015683,HORD005000,PRD0258,3,133.79,401.37
HITM0015684,HORD005000,PRD0772,1,306.42,306.42
HITM0015685,HORD005000,PRD0606,1,74.13,74.13
HITM0007932,HORD002521,PRD0557,1,114.56,114.56
HITM0007933,HORD002521,PRD0127,1,599.05,599.05
HITM0007934,HORD002521,PRD0470,1,91.58,91.58
HITM0007935,HORD002521,PRD0386,1,167.3,167.3
HITM0000749,HORD000242,PRD0136,1,249.62,249.62
HITM0000750,HORD000242,PRD0195,2,715.6,1431.2
HITM0000751,HORD000242,PRD0999,1,626.07,626.07
HITM0000752,HORD000242,PRD0553,2,941.32,1882.64
HITM0000753,HORD000242,PRD0667,2,2144.83,4289.66
HITM0013594,HORD004328,PRD0259,1,409.08,409.08
HITM0013595,HORD004328,PRD0374,1,772.23,772.23
HITM0005620,HORD001799,PRD0540,2,16.38,32.76
HITM0005621,HORD001799,PRD0927,1,2435.38,2435.38
HITM0005622,HORD001799,PRD0673,2,373.06,746.12
HITM0005623,HORD001799,PRD0181,1,2668.69,2668.69
HITM0005624,HORD001799,PRD0816,1,125.37,125.37
HITM0010969,HORD003492,PRD0810,1,336.77,336.77
HITM0005064,HORD001622,PRD0246,1,362.52,362.52
HITM0005065,HORD001622,PRD0307,1,2209.06,2209.06
HITM0003371,HORD001086,PRD0458,1,242.85,242.85
HITM0003372,HORD001086,PRD0606,1,74.13,74.13
HITM0003373,HORD001086,PRD0857,1,160.36,160.36
HITM0003374,HORD001086,PRD0053,1,1237.48,1237.48
HITM0014272,HORD004542,PRD0730,1,418.77,418.77
HITM0014273,HORD004542,PRD0998,2,178.25,356.5
HITM0014274,HORD004542,PRD0080,1,60.33,60.33
HITM0000707,HORD000230,PRD0399,1,545.36,545.36
HITM0000708,HORD000230,PRD0903,1,980.26,980.26
HITM0000709,HORD000230,PRD0943,1,1025.75,1025.75
HITM0011820,HORD003762,PRD0892,1,1067.89,1067.89
HITM0011821,HORD003762,PRD0072,1,1642.51,1642.51
HITM0011822,HORD003762,PRD0615,1,159.68,159.68
HITM0011823,HORD003762,PRD0658,1,353.59,353.59
HITM0002752,HORD000887,PRD0181,1,2668.69,2668.69
HITM0002753,HORD000887,PRD0681,3,1086.83,3260.49
HITM0002754,HORD000887,PRD0988,1,1072.9,1072.9
HITM0002755,HORD000887,PRD0483,1,436.08,436.08
HITM0002870,HORD000923,PRD0375,1,495.35,495.35
HITM0010049,HORD003193,PRD0278,1,509.34,509.34
HITM0010050,HORD003193,PRD0344,1,1481.0,1481.0
HITM0007683,HORD002445,PRD0155,1,171.72,171.72
HITM0007684,HORD002445,PRD0463,1,1250.22,1250.22
HITM0007685,HORD002445,PRD0071,1,2671.31,2671.31
HITM0000546,HORD000180,PRD0557,2,114.56,229.12
HITM0000547,HORD000180,PRD0042,1,1480.28,1480.28
HITM0000548,HORD000180,PRD0483,1,436.08,436.08
HITM0000549,HORD000180,PRD0875,1,243.6,243.6
HITM0005657,HORD001809,PRD0389,1,562.64,562.64
HITM0005658,HORD001809,PRD0788,1,699.94,699.94
HITM0005659,HORD001809,PRD0476,1,787.22,787.22
HITM0005660,HORD001809,PRD0938,3,327.05,981.15
HITM0014685,HORD004670,PRD0654,1,864.76,864.76
HITM0014686,HORD004670,PRD0249,1,871.19,871.19
HITM0014687,HORD004670,PRD0327,1,122.19,122.19
HITM0014688,HORD004670,PRD0916,1,256.29,256.29
HITM0009868,HORD003136,PRD0193,1,1208.58,1208.58
HITM0009869,HORD003136,PRD0662,1,483.82,483.82
HITM0009870,HORD003136,PRD0786,1,142.49,142.49
HITM0006804,HORD002171,PRD0720,1,216.18,216.18
HITM0006805,HORD002171,PRD0023,1,688.53,688.53
HITM0007216,HORD002301,PRD0792,1,1375.74,1375.74
HITM0007217,HORD002301,PRD0861,1,3043.65,3043.65
HITM0007218,HORD002301,PRD0893,2,1076.78,2153.56
HITM0007219,HORD002301,PRD0358,3,761.53,2284.59
HITM0001367,HORD000440,PRD0030,2,405.09,810.18
HITM0001368,HORD000440,PRD0110,1,113.31,113.31
HITM0001369,HORD000440,PRD0814,1,404.73,404.73
HITM0015000,HORD004770,PRD0590,1,54.96,54.96
HITM0015001,HORD004770,PRD0063,1,1165.11,1165.11
HITM0015002,HORD004770,PRD0067,1,374.02,374.02
HITM0015003,HORD004770,PRD0990,1,114.18,114.18
HITM0010593,HORD003369,PRD0351,1,1461.95,1461.95
HITM0010594,HORD003369,PRD0257,1,637.63,637.63
HITM0010595,HORD003369,PRD0338,2,472.36,944.72
HITM0013987,HORD004447,PRD0868,2,1088.06,2176.12
HITM0000429,HORD000146,PRD0303,2,1407.52,2815.04
HITM0000430,HORD000146,PRD0829,1,582.58,582.58
HITM0000431,HORD000146,PRD0325,1,161.7,161.7
HITM0002451,HORD000792,PRD0940,1,51.08,51.08
HITM0002452,HORD000792,PRD0806,2,210.08,420.16
HITM0006401,HORD002045,PRD0031,1,1902.42,1902.42
HITM0012063,HORD003848,PRD0058,1,243.69,243.69
HITM0012064,HORD003848,PRD0763,1,1579.7,1579.7
HITM0010235,HORD003254,PRD0311,1,3180.87,3180.87
HITM0010236,HORD003254,PRD0373,2,1277.27,2554.54
HITM0004687,HORD001503,PRD0995,1,69.16,69.16
HITM0004688,HORD001503,PRD0526,2,208.36,416.72
HITM0004689,HORD001503,PRD0671,1,1835.03,1835.03
HITM0004086,HORD001315,PRD0314,1,1247.26,1247.26
HITM0004087,HORD001315,PRD0165,1,567.68,567.68
HITM0004088,HORD001315,PRD0973,2,703.36,1406.72
HITM0004089,HORD001315,PRD0520,1,331.38,331.38
HITM0004052,HORD001304,PRD0055,2,706.09,1412.18
HITM0004053,HORD001304,PRD0676,1,45.2,45.2
HITM0004054,HORD001304,PRD0527,1,1407.36,1407.36
HITM0004055,HORD001304,PRD0933,2,1071.81,2143.62
HITM0000199,HORD000068,PRD0252,1,1820.97,1820.97
HITM0000200,HORD000068,PRD0178,1,131.81,131.81
HITM0000201,HORD000068,PRD0182,2,331.32,662.64
HITM0007581,HORD002414,PRD0413,1,420.29,420.29
HITM0007582,HORD002414,PRD0766,1,655.3,655.3
HITM0002125,HORD000687,PRD0899,1,180.25,180.25
HITM0002126,HORD000687,PRD0151,1,2367.77,2367.77
HITM0002127,HORD000687,PRD0896,2,452.47,904.94
HITM0002128,HORD000687,PRD0184,1,607.47,607.47
HITM0011600,HORD003693,PRD0285,2,1110.14,2220.28
HITM0011601,HORD003693,PRD0003,2,472.24,944.48
HITM0012995,HORD004139,PRD0049,1,740.34,740.34
HITM0012996,HORD004139,PRD0680,1,228.54,228.54
HITM0012997,HORD004139,PRD0040,1,283.76,283.76
HITM0013644,HORD004344,PRD0423,1,684.99,684.99
HITM0013645,HORD004344,PRD0607,1,113.06,113.06
HITM0013646,HORD004344,PRD0050,1,191.67,191.67
HITM0013647,HORD004344,PRD0189,1,1162.73,1162.73
HITM0013648,HORD004344,PRD0200,1,148.27,148.27
HITM0002602,HORD000842,PRD0266,1,189.02,189.02
HITM0002603,HORD000842,PRD0526,1,208.36,208.36
HITM0002604,HORD000842,PRD0893,1,1076.78,1076.78
HITM0002605,HORD000842,PRD0905,1,958.12,958.12
HITM0012575,HORD004012,PRD0282,1,1632.77,1632.77
HITM0012576,HORD004012,PRD0909,2,1266.71,2533.42
HITM0012577,HORD004012,PRD0410,1,401.28,401.28
HITM0012578,HORD004012,PRD0050,1,191.67,191.67
HITM0013898,HORD004417,PRD0948,1,581.24,581.24
HITM0013899,HORD004417,PRD0785,1,86.54,86.54
HITM0013900,HORD004417,PRD0899,1,180.25,180.25
HITM0013901,HORD004417,PRD0476,1,787.22,787.22
HITM0002561,HORD000829,PRD0411,1,1693.96,1693.96
HITM0002562,HORD000829,PRD0041,2,2661.08,5322.16
HITM0002563,HORD000829,PRD0188,1,370.0,370.0
HITM0002564,HORD000829,PRD0859,2,1242.69,2485.38
HITM0001956,HORD000635,PRD0027,1,431.75,431.75
HITM0001957,HORD000635,PRD0163,1,1426.46,1426.46
HITM0001958,HORD000635,PRD0148,1,1047.53,1047.53
HITM0001959,HORD000635,PRD0159,1,1281.12,1281.12
HITM0001960,HORD000635,PRD0168,1,341.32,341.32
HITM0008240,HORD002618,PRD0675,1,927.62,927.62
HITM0008241,HORD002618,PRD0718,1,287.05,287.05
HITM0008242,HORD002618,PRD0907,1,130.49,130.49
HITM0008243,HORD002618,PRD0997,1,602.38,602.38
HITM0006473,HORD002070,PRD0150,2,189.45,378.9
HITM0006474,HORD002070,PRD0737,2,420.63,841.26
HITM0006475,HORD002070,PRD0080,1,60.33,60.33
HITM0006476,HORD002070,PRD0357,1,902.95,902.95
HITM0006477,HORD002070,PRD0985,3,1164.32,3492.96
HITM0010467,HORD003329,PRD0558,1,383.39,383.39
HITM0010468,HORD003329,PRD0983,1,1360.95,1360.95
HITM0010469,HORD003329,PRD0333,1,454.01,454.01
HITM0010470,HORD003329,PRD0154,1,1129.84,1129.84
HITM0005927,HORD001897,PRD0456,2,690.03,1380.06
HITM0005928,HORD001897,PRD0305,1,387.39,387.39
HITM0005929,HORD001897,PRD0699,1,373.99,373.99
HITM0005930,HORD001897,PRD0785,1,86.54,86.54
HITM0005931,HORD001897,PRD0280,1,105.66,105.66
HITM0005609,HORD001795,PRD0513,3,1335.99,4007.97
HITM0005610,HORD001795,PRD0419,1,100.25,100.25
HITM0009417,HORD002990,PRD0982,1,885.27,885.27
HITM0000286,HORD000095,PRD0779,2,835.92,1671.84
HITM0000287,HORD000095,PRD0673,1,373.06,373.06
HITM0000288,HORD000095,PRD0351,1,1461.95,1461.95
HITM0008750,HORD002779,PRD0900,1,259.46,259.46
HITM0008751,HORD002779,PRD0865,2,851.18,1702.36
HITM0008752,HORD002779,PRD0905,1,958.12,958.12
HITM0001317,HORD000425,PRD0804,1,1211.99,1211.99
HITM0001318,HORD000425,PRD0110,1,113.31,113.31
HITM0009099,HORD002886,PRD0697,2,590.16,1180.32
HITM0009714,HORD003087,PRD0459,2,1343.7,2687.4
HITM0009715,HORD003087,PRD0740,3,366.0,1098.0
HITM0009716,HORD003087,PRD0706,3,493.43,1480.29
HITM0009717,HORD003087,PRD0971,2,1257.81,2515.62
HITM0008789,HORD002791,PRD0286,2,725.81,1451.62
HITM0008790,HORD002791,PRD0885,1,1136.58,1136.58
HITM0008791,HORD002791,PRD0534,1,781.55,781.55
HITM0008792,HORD002791,PRD0012,1,426.8,426.8
HITM0004442,HORD001424,PRD0736,1,508.97,508.97
HITM0004443,HORD001424,PRD0914,1,3258.34,3258.34
HITM0004444,HORD001424,PRD0245,1,645.34,645.34
HITM0004445,HORD001424,PRD0738,1,357.89,357.89
HITM0001859,HORD000606,PRD0821,1,1163.73,1163.73
HITM0001860,HORD000606,PRD0162,2,318.31,636.62
HITM0001861,HORD000606,PRD0502,2,1590.33,3180.66
HITM0010919,HORD003476,PRD0696,1,223.84,223.84
HITM0010920,HORD003476,PRD0708,2,1076.81,2153.62
HITM0010921,HORD003476,PRD0857,1,160.36,160.36
HITM0011977,HORD003818,PRD0692,1,1859.26,1859.26
HITM0011978,HORD003818,PRD0374,1,772.23,772.23
HITM0011979,HORD003818,PRD0405,1,842.76,842.76
HITM0011980,HORD003818,PRD0059,1,602.47,602.47
HITM0006866,HORD002191,PRD0983,2,1360.95,2721.9
HITM0006867,HORD002191,PRD0786,2,142.49,284.98
HITM0009459,HORD003004,PRD0819,1,191.18,191.18
HITM0009460,HORD003004,PRD0740,1,366.0,366.0
HITM0009461,HORD003004,PRD0739,1,1069.28,1069.28
HITM0009462,HORD003004,PRD0354,2,1130.05,2260.1
HITM0009463,HORD003004,PRD0687,1,200.01,200.01
HITM0012491,HORD003987,PRD0130,1,348.52,348.52
HITM0012492,HORD003987,PRD0460,1,19.84,19.84
HITM0012493,HORD003987,PRD0715,1,401.49,401.49
HITM0012494,HORD003987,PRD0960,1,322.58,322.58
HITM0015427,HORD004914,PRD0182,1,331.32,331.32
HITM0015428,HORD004914,PRD0034,1,780.7,780.7
HITM0010340,HORD003289,PRD0697,1,590.16,590.16
HITM0010341,HORD003289,PRD0754,1,2206.66,2206.66
HITM0010342,HORD003289,PRD0154,1,1129.84,1129.84
HITM0010343,HORD003289,PRD0118,1,148.01,148.01
HITM0010344,HORD003289,PRD0774,1,2233.58,2233.58
HITM0013731,HORD004368,PRD0668,1,1025.81,1025.81
HITM0013732,HORD004368,PRD0387,1,2583.21,2583.21
HITM0013733,HORD004368,PRD0781,2,1039.29,2078.58
HITM0013765,HORD004378,PRD0712,1,331.7,331.7
HITM0013766,HORD004378,PRD0210,1,408.84,408.84
HITM0013767,HORD004378,PRD0036,1,355.76,355.76
HITM0013768,HORD004378,PRD0945,2,730.35,1460.7
HITM0005054,HORD001619,PRD0554,1,1054.0,1054.0
HITM0005055,HORD001619,PRD0249,1,871.19,871.19
HITM0005056,HORD001619,PRD0135,1,1040.75,1040.75
HITM0005057,HORD001619,PRD0363,1,924.17,924.17
HITM0002431,HORD000785,PRD0945,1,730.35,730.35
HITM0002432,HORD000785,PRD0770,2,116.43,232.86
HITM0002433,HORD000785,PRD0110,1,113.31,113.31
HITM0004871,HORD001560,PRD0911,1,1497.3,1497.3
HITM0004872,HORD001560,PRD0948,1,581.24,581.24
HITM0004873,HORD001560,PRD0131,1,1311.04,1311.04
HITM0014478,HORD004607,PRD0567,1,179.96,179.96
HITM0014479,HORD004607,PRD0678,3,566.98,1700.94
HITM0014480,HORD004607,PRD0598,1,723.86,723.86
HITM0014481,HORD004607,PRD0585,1,855.14,855.14
HITM0014482,HORD004607,PRD0676,1,45.2,45.2
HITM0011060,HORD003525,PRD0503,2,1009.94,2019.88
HITM0011061,HORD003525,PRD0653,1,1139.17,1139.17
HITM0011062,HORD003525,PRD0565,1,1021.79,1021.79
HITM0008476,HORD002695,PRD0460,1,19.84,19.84
HITM0008477,HORD002695,PRD0849,1,216.96,216.96
HITM0008478,HORD002695,PRD0494,1,2097.54,2097.54
HITM0014219,HORD004525,PRD0520,1,331.38,331.38
HITM0014220,HORD004525,PRD0361,1,2730.19,2730.19
HITM0014221,HORD004525,PRD0221,1,2253.19,2253.19
HITM0014222,HORD004525,PRD0010,1,23.5,23.5
HITM0014223,HORD004525,PRD0669,1,271.59,271.59
HITM0012950,HORD004125,PRD0664,1,3499.77,3499.77
HITM0012951,HORD004125,PRD0121,1,3142.89,3142.89
HITM0012513,HORD003992,PRD0760,1,36.27,36.27
HITM0012514,HORD003992,PRD0690,2,115.07,230.14
HITM0012515,HORD003992,PRD0601,1,1162.83,1162.83
HITM0007709,HORD002453,PRD0932,2,447.1,894.2
HITM0007710,HORD002453,PRD0845,2,323.81,647.62
HITM0004830,HORD001548,PRD0519,1,154.53,154.53
HITM0004831,HORD001548,PRD0474,1,1816.04,1816.04
HITM0004832,HORD001548,PRD0862,2,717.42,1434.84
HITM0004833,HORD001548,PRD0296,2,440.13,880.26
HITM0013535,HORD004308,PRD0158,1,751.25,751.25
HITM0004818,HORD001545,PRD0741,1,2701.76,2701.76
HITM0004819,HORD001545,PRD0218,1,490.11,490.11
HITM0004820,HORD001545,PRD0749,1,1278.37,1278.37
HITM0004821,HORD001545,PRD0545,1,1080.38,1080.38
HITM0004822,HORD001545,PRD0385,1,812.79,812.79
HITM0000463,HORD000157,PRD0236,1,135.01,135.01
HITM0000464,HORD000157,PRD0168,1,341.32,341.32
HITM0000465,HORD000157,PRD0090,1,99.88,99.88
HITM0000466,HORD000157,PRD0340,1,382.9,382.9
HITM0000467,HORD000157,PRD0595,1,108.82,108.82
HITM0011050,HORD003522,PRD0864,1,3828.18,3828.18
HITM0011051,HORD003522,PRD0738,1,357.89,357.89
HITM0011052,HORD003522,PRD0416,1,749.76,749.76
HITM0014111,HORD004487,PRD0575,1,222.44,222.44
HITM0014112,HORD004487,PRD0513,1,1335.99,1335.99
HITM0014113,HORD004487,PRD0285,1,1110.14,1110.14
HITM0005220,HORD001671,PRD0600,1,62.84,62.84
HITM0005221,HORD001671,PRD0791,3,2700.27,8100.81
HITM0005222,HORD001671,PRD0195,1,715.6,715.6
HITM0005223,HORD001671,PRD0091,1,2264.24,2264.24
HITM0005224,HORD001671,PRD0100,1,400.25,400.25
HITM0012628,HORD004028,PRD0887,1,1400.8,1400.8
HITM0012629,HORD004028,PRD0479,1,1360.38,1360.38
HITM0012630,HORD004028,PRD0431,3,1892.24,5676.72
HITM0004458,HORD001430,PRD0809,1,699.91,699.91
HITM0003719,HORD001200,PRD0688,1,409.87,409.87
HITM0010345,HORD003290,PRD0108,2,323.48,646.96
HITM0010346,HORD003290,PRD0599,1,1497.17,1497.17
HITM0010347,HORD003290,PRD0303,1,1407.52,1407.52
HITM0005642,HORD001804,PRD0926,2,546.12,1092.24
HITM0005643,HORD001804,PRD0076,1,705.93,705.93
HITM0005243,HORD001677,PRD0027,1,431.75,431.75
HITM0005244,HORD001677,PRD0681,1,1086.83,1086.83
HITM0005245,HORD001677,PRD0994,1,1481.14,1481.14
HITM0000035,HORD000014,PRD0479,1,1360.38,1360.38
HITM0000036,HORD000014,PRD0935,2,1070.56,2141.12
HITM0000037,HORD000014,PRD0718,1,287.05,287.05
HITM0012635,HORD004031,PRD0413,2,420.29,840.58
HITM0003062,HORD000982,PRD0283,1,1338.12,1338.12
HITM0003063,HORD000982,PRD0771,1,1761.53,1761.53
HITM0003064,HORD000982,PRD0520,2,331.38,662.76
HITM0008161,HORD002596,PRD0760,1,36.27,36.27
HITM0008162,HORD002596,PRD0400,1,249.11,249.11
HITM0013949,HORD004433,PRD0886,1,59.21,59.21
HITM0013950,HORD004433,PRD0989,2,359.81,719.62
HITM0013951,HORD004433,PRD0350,1,142.11,142.11
HITM0013952,HORD004433,PRD0135,1,1040.75,1040.75
HITM0006978,HORD002229,PRD0852,2,1542.22,3084.44
HITM0006979,HORD002229,PRD0456,1,690.03,690.03
HITM0006980,HORD002229,PRD0177,1,1216.85,1216.85
HITM0000006,HORD000003,PRD0270,1,154.55,154.55
HITM0000007,HORD000003,PRD0733,1,1448.13,1448.13
HITM0000008,HORD000003,PRD0260,1,100.02,100.02
HITM0000009,HORD000003,PRD0123,1,1499.49,1499.49
HITM0003283,HORD001058,PRD0420,1,399.59,399.59
HITM0003284,HORD001058,PRD0908,1,81.42,81.42
HITM0013618,HORD004336,PRD0975,1,87.41,87.41
HITM0013619,HORD004336,PRD0650,1,129.9,129.9
HITM0013620,HORD004336,PRD0292,1,1810.91,1810.91
HITM0013621,HORD004336,PRD0746,1,804.31,804.31
HITM0007273,HORD002317,PRD0225,2,255.65,511.3
HITM0007274,HORD002317,PRD0446,1,168.08,168.08
HITM0007275,HORD002317,PRD0996,1,455.11,455.11
HITM0009598,HORD003048,PRD0377,1,726.19,726.19
HITM0009599,HORD003048,PRD0566,2,150.7,301.4
HITM0009600,HORD003048,PRD0665,1,304.74,304.74
HITM0009601,HORD003048,PRD0118,1,148.01,148.01
HITM0009602,HORD003048,PRD0799,2,1443.92,2887.84
HITM0006342,HORD002027,PRD0334,1,1182.39,1182.39
HITM0006343,HORD002027,PRD0014,2,1339.17,2678.34
HITM0006344,HORD002027,PRD0411,2,1693.96,3387.92
HITM0006345,HORD002027,PRD0603,2,557.9,1115.8
HITM0006346,HORD002027,PRD0467,1,2512.22,2512.22
HITM0005635,HORD001802,PRD0335,1,1165.89,1165.89
HITM0005636,HORD001802,PRD0048,1,165.15,165.15
HITM0005637,HORD001802,PRD0783,2,478.3,956.6
HITM0005638,HORD001802,PRD0517,1,1601.01,1601.01
HITM0014991,HORD004767,PRD0105,1,325.21,325.21
HITM0014992,HORD004767,PRD0347,1,1228.43,1228.43
HITM0003779,HORD001219,PRD0139,1,877.46,877.46
HITM0003780,HORD001219,PRD0339,1,536.34,536.34
HITM0014421,HORD004589,PRD0020,1,47.5,47.5
HITM0014422,HORD004589,PRD0185,2,1138.66,2277.32
HITM0014423,HORD004589,PRD0121,1,3142.89,3142.89
HITM0009449,HORD003001,PRD0402,1,400.07,400.07
HITM0009450,HORD003001,PRD0152,1,528.88,528.88
HITM0010648,HORD003390,PRD0029,1,1303.04,1303.04
HITM0010649,HORD003390,PRD0530,1,14.38,14.38
HITM0010650,HORD003390,PRD0018,2,1099.45,2198.9
HITM0010651,HORD003390,PRD0802,1,1865.37,1865.37
HITM0007394,HORD002357,PRD0246,2,362.52,725.04
HITM0007395,HORD002357,PRD0978,2,452.17,904.34
HITM0007396,HORD002357,PRD0550,1,112.99,112.99
HITM0007397,HORD002357,PRD0711,1,2598.42,2598.42
HITM0007398,HORD002357,PRD0408,1,402.17,402.17
HITM0013548,HORD004312,PRD0820,1,109.62,109.62
HITM0013549,HORD004312,PRD0975,1,87.41,87.41
HITM0009739,HORD003096,PRD0499,1,1328.97,1328.97
HITM0009740,HORD003096,PRD0118,2,148.01,296.02
HITM0009741,HORD003096,PRD0347,1,1228.43,1228.43
HITM0009742,HORD003096,PRD0814,1,404.73,404.73
HITM0009743,HORD003096,PRD0711,2,2598.42,5196.84
HITM0008036,HORD002557,PRD0827,1,1819.32,1819.32
HITM0008037,HORD002557,PRD0128,1,155.79,155.79
HITM0008038,HORD002557,PRD0042,1,1480.28,1480.28
HITM0008039,HORD002557,PRD0018,1,1099.45,1099.45
HITM0010033,HORD003188,PRD0640,1,215.9,215.9
HITM0010034,HORD003188,PRD0509,1,246.73,246.73
HITM0010035,HORD003188,PRD0655,1,1032.43,1032.43
HITM0010036,HORD003188,PRD0993,1,976.99,976.99
HITM0009497,HORD003016,PRD0908,1,81.42,81.42
HITM0000004,HORD000002,PRD0554,1,1054.0,1054.0
HITM0000005,HORD000002,PRD0471,1,2188.61,2188.61
HITM0000204,HORD000070,PRD0878,1,1044.76,1044.76
HITM0000205,HORD000070,PRD0829,1,582.58,582.58
HITM0000206,HORD000070,PRD0298,2,275.37,550.74
HITM0000207,HORD000070,PRD0355,1,714.36,714.36
HITM0008058,HORD002564,PRD0858,1,179.07,179.07
HITM0008059,HORD002564,PRD0680,1,228.54,228.54
HITM0008060,HORD002564,PRD0496,1,619.97,619.97
HITM0008061,HORD002564,PRD0958,1,453.1,453.1
HITM0012171,HORD003884,PRD0325,1,161.7,161.7
HITM0012172,HORD003884,PRD0391,1,1640.32,1640.32
HITM0007316,HORD002332,PRD0395,1,700.42,700.42
HITM0007317,HORD002332,PRD0258,1,133.79,133.79
HITM0007318,HORD002332,PRD0552,1,643.85,643.85
HITM0007319,HORD002332,PRD0049,1,740.34,740.34
HITM0013737,HORD004370,PRD0272,1,1161.16,1161.16
HITM0013738,HORD004370,PRD0147,2,2453.24,4906.48
HITM0013739,HORD004370,PRD0560,2,176.65,353.3
HITM0014938,HORD004752,PRD0045,1,180.47,180.47
HITM0014939,HORD004752,PRD0431,1,1892.24,1892.24
HITM0014940,HORD004752,PRD0248,1,1065.71,1065.71
HITM0005017,HORD001606,PRD0969,2,1212.01,2424.02
HITM0005018,HORD001606,PRD0605,1,969.96,969.96
HITM0005019,HORD001606,PRD0105,1,325.21,325.21
HITM0011112,HORD003542,PRD0154,2,1129.84,2259.68
HITM0011113,HORD003542,PRD0387,1,2583.21,2583.21
HITM0015568,HORD004960,PRD0338,1,472.36,472.36
HITM0015569,HORD004960,PRD0578,1,625.32,625.32
HITM0015570,HORD004960,PRD0529,1,952.92,952.92
HITM0000174,HORD000059,PRD0374,1,772.23,772.23
HITM0000175,HORD000059,PRD0540,3,16.38,49.14
HITM0005524,HORD001767,PRD0325,1,161.7,161.7
HITM0005525,HORD001767,PRD0634,1,1093.47,1093.47
HITM0001214,HORD000392,PRD0195,3,715.6,2146.8
HITM0001215,HORD000392,PRD0920,1,53.18,53.18
HITM0007612,HORD002424,PRD0109,2,429.51,859.02
HITM0007613,HORD002424,PRD0102,1,581.67,581.67
HITM0007614,HORD002424,PRD0011,1,1900.95,1900.95
HITM0011114,HORD003543,PRD0015,1,238.76,238.76
HITM0011115,HORD003543,PRD0969,1,1212.01,1212.01
HITM0011116,HORD003543,PRD0814,1,404.73,404.73
HITM0014498,HORD004614,PRD0398,1,809.04,809.04
HITM0014499,HORD004614,PRD0965,1,536.69,536.69
HITM0014500,HORD004614,PRD0964,1,1776.26,1776.26
HITM0014501,HORD004614,PRD0270,1,154.55,154.55
HITM0007189,HORD002292,PRD0611,1,1295.24,1295.24
HITM0007190,HORD002292,PRD0185,1,1138.66,1138.66
HITM0007191,HORD002292,PRD0512,2,853.36,1706.72
HITM0004556,HORD001461,PRD0970,1,203.54,203.54
HITM0004557,HORD001461,PRD0296,1,440.13,440.13
HITM0004558,HORD001461,PRD0162,1,318.31,318.31
HITM0004559,HORD001461,PRD0166,1,822.52,822.52
HITM0000374,HORD000127,PRD0062,2,685.19,1370.38
HITM0000375,HORD000127,PRD0660,2,137.13,274.26
HITM0000376,HORD000127,PRD0290,1,154.65,154.65
HITM0000377,HORD000127,PRD0286,1,725.81,725.81
HITM0012270,HORD003917,PRD0423,1,684.99,684.99
HITM0012271,HORD003917,PRD0131,1,1311.04,1311.04
HITM0012272,HORD003917,PRD0350,2,142.11,284.22
HITM0003663,HORD001181,PRD0063,1,1165.11,1165.11
HITM0003664,HORD001181,PRD0616,1,311.42,311.42
HITM0003665,HORD001181,PRD0156,1,400.24,400.24
HITM0000579,HORD000190,PRD0985,1,1164.32,1164.32
HITM0010628,HORD003383,PRD0871,1,1164.43,1164.43
HITM0010629,HORD003383,PRD0327,1,122.19,122.19
HITM0010630,HORD003383,PRD0656,1,848.87,848.87
HITM0013468,HORD004286,PRD0660,1,137.13,137.13
HITM0013469,HORD004286,PRD0658,1,353.59,353.59
HITM0000078,HORD000027,PRD0993,1,976.99,976.99
HITM0000079,HORD000027,PRD0842,1,1758.47,1758.47
HITM0000080,HORD000027,PRD0939,1,966.3,966.3
HITM0002070,HORD000670,PRD0783,1,478.3,478.3
HITM0002071,HORD000670,PRD0047,1,64.28,64.28
HITM0002072,HORD000670,PRD0350,1,142.11,142.11
HITM0002073,HORD000670,PRD0228,1,419.86,419.86
HITM0008260,HORD002624,PRD0068,1,316.68,316.68
HITM0008261,HORD002624,PRD0167,2,2512.16,5024.32
HITM0008262,HORD002624,PRD0937,1,1780.49,1780.49
HITM0008263,HORD002624,PRD0766,3,655.3,1965.9
HITM0014321,HORD004556,PRD0098,2,560.95,1121.9
HITM0014322,HORD004556,PRD0538,1,1028.4,1028.4
HITM0014323,HORD004556,PRD0579,1,1322.97,1322.97
HITM0014324,HORD004556,PRD0246,1,362.52,362.52
HITM0002215,HORD000715,PRD0397,1,719.35,719.35
HITM0002216,HORD000715,PRD0280,2,105.66,211.32
HITM0002217,HORD000715,PRD0221,1,2253.19,2253.19
HITM0002218,HORD000715,PRD0168,1,341.32,341.32
HITM0002219,HORD000715,PRD0913,1,1306.73,1306.73
HITM0005066,HORD001623,PRD0814,2,404.73,809.46
HITM0005067,HORD001623,PRD0696,1,223.84,223.84
HITM0001697,HORD000551,PRD0530,1,14.38,14.38
HITM0001698,HORD000551,PRD0742,2,338.72,677.44
HITM0001699,HORD000551,PRD0787,1,189.07,189.07
HITM0015545,HORD004952,PRD0891,1,2117.27,2117.27
HITM0015546,HORD004952,PRD0599,1,1497.17,1497.17
HITM0013144,HORD004182,PRD0148,1,1047.53,1047.53
HITM0013145,HORD004182,PRD0038,1,769.34,769.34
HITM0013146,HORD004182,PRD0124,1,1400.78,1400.78
HITM0013147,HORD004182,PRD0485,1,283.51,283.51
HITM0010348,HORD003291,PRD0039,1,150.51,150.51
HITM0010349,HORD003291,PRD0530,1,14.38,14.38
HITM0010350,HORD003291,PRD0909,1,1266.71,1266.71
HITM0010351,HORD003291,PRD0689,1,1142.34,1142.34
HITM0011790,HORD003752,PRD0060,1,170.83,170.83
HITM0011791,HORD003752,PRD0537,1,1904.34,1904.34
HITM0005342,HORD001705,PRD0066,2,291.03,582.06
HITM0005343,HORD001705,PRD0844,1,3468.14,3468.14
HITM0005344,HORD001705,PRD0474,1,1816.04,1816.04
HITM0005345,HORD001705,PRD0793,1,454.0,454.0
HITM0009759,HORD003102,PRD0579,1,1322.97,1322.97
HITM0009760,HORD003102,PRD0753,1,377.42,377.42
HITM0009761,HORD003102,PRD0653,1,1139.17,1139.17
HITM0009762,HORD003102,PRD0453,1,481.9,481.9
HITM0007229,HORD002305,PRD0490,3,289.49,868.47
HITM0007230,HORD002305,PRD0381,1,2181.63,2181.63
HITM0007231,HORD002305,PRD0308,2,779.32,1558.64
HITM0007232,HORD002305,PRD0586,1,754.59,754.59
HITM0007233,HORD002305,PRD0530,1,14.38,14.38
HITM0010566,HORD003362,PRD0027,1,431.75,431.75
HITM0010567,HORD003362,PRD0345,1,1050.02,1050.02
HITM0010568,HORD003362,PRD0786,1,142.49,142.49
HITM0010569,HORD003362,PRD0669,1,271.59,271.59
HITM0012112,HORD003864,PRD0580,2,109.85,219.7
HITM0012113,HORD003864,PRD0549,1,660.48,660.48
HITM0012114,HORD003864,PRD0029,1,1303.04,1303.04
HITM0010114,HORD003215,PRD0858,1,179.07,179.07
HITM0010115,HORD003215,PRD0760,2,36.27,72.54
HITM0004707,HORD001510,PRD0911,1,1497.3,1497.3
HITM0004708,HORD001510,PRD0976,1,196.82,196.82
HITM0004709,HORD001510,PRD0159,1,1281.12,1281.12
HITM0013109,HORD004172,PRD0262,1,1028.17,1028.17
HITM0013110,HORD004172,PRD0200,3,148.27,444.81
HITM0013111,HORD004172,PRD0358,1,761.53,761.53
HITM0009122,HORD002896,PRD0838,1,858.89,858.89
HITM0009123,HORD002896,PRD0273,1,469.96,469.96
HITM0009124,HORD002896,PRD0699,2,373.99,747.98
HITM0009125,HORD002896,PRD0858,1,179.07,179.07
HITM0011895,HORD003789,PRD0560,1,176.65,176.65
HITM0011896,HORD003789,PRD0323,2,1220.6,2441.2
HITM0011897,HORD003789,PRD0183,1,1008.76,1008.76
HITM0002078,HORD000673,PRD0119,1,1161.39,1161.39
HITM0002079,HORD000673,PRD0793,2,454.0,908.0
HITM0005361,HORD001711,PRD0848,1,289.88,289.88
HITM0005362,HORD001711,PRD0100,1,400.25,400.25
HITM0008881,HORD002822,PRD0780,1,297.57,297.57
HITM0008882,HORD002822,PRD0047,1,64.28,64.28
HITM0008883,HORD002822,PRD0479,1,1360.38,1360.38
HITM0008884,HORD002822,PRD0845,1,323.81,323.81
HITM0002243,HORD000725,PRD0136,1,249.62,249.62
HITM0002244,HORD000725,PRD0576,3,261.6,784.8
HITM0002245,HORD000725,PRD0920,1,53.18,53.18
HITM0002246,HORD000725,PRD0633,1,804.04,804.04
HITM0002247,HORD000725,PRD0618,1,578.42,578.42
HITM0007625,HORD002429,PRD0950,2,108.8,217.6
HITM0007626,HORD002429,PRD0787,1,189.07,189.07
HITM0007627,HORD002429,PRD0230,1,72.62,72.62
HITM0007628,HORD002429,PRD0126,2,464.05,928.1
HITM0007629,HORD002429,PRD0509,2,246.73,493.46
HITM0007995,HORD002541,PRD0115,1,855.33,855.33
HITM0007996,HORD002541,PRD0457,3,514.55,1543.65
HITM0007997,HORD002541,PRD0415,1,111.92,111.92
HITM0007998,HORD002541,PRD0684,1,1730.11,1730.11
HITM0005313,HORD001696,PRD0419,1,100.25,100.25
HITM0005314,HORD001696,PRD0015,2,238.76,477.52
HITM0015618,HORD004976,PRD0528,3,478.44,1435.32
HITM0015619,HORD004976,PRD0188,1,370.0,370.0
HITM0003147,HORD001010,PRD0087,1,2316.68,2316.68
HITM0003148,HORD001010,PRD0920,2,53.18,106.36
HITM0003149,HORD001010,PRD0477,2,1380.73,2761.46
HITM0003150,HORD001010,PRD0955,2,891.93,1783.86
HITM0012288,HORD003925,PRD0909,1,1266.71,1266.71
HITM0012289,HORD003925,PRD0932,1,447.1,447.1
HITM0012290,HORD003925,PRD0830,1,121.26,121.26
HITM0002384,HORD000771,PRD0754,1,2206.66,2206.66
HITM0002385,HORD000771,PRD0485,1,283.51,283.51
HITM0002386,HORD000771,PRD0633,1,804.04,804.04
HITM0002387,HORD000771,PRD0125,1,1104.8,1104.8
HITM0002388,HORD000771,PRD0886,1,59.21,59.21
HITM0014242,HORD004532,PRD0885,1,1136.58,1136.58
HITM0014243,HORD004532,PRD0605,1,969.96,969.96
HITM0008855,HORD002814,PRD0562,1,670.44,670.44
HITM0008856,HORD002814,PRD0500,1,408.62,408.62
HITM0008857,HORD002814,PRD0506,1,551.69,551.69
HITM0008858,HORD002814,PRD0657,2,1084.44,2168.88
HITM0004844,HORD001552,PRD0585,1,855.14,855.14
HITM0004845,HORD001552,PRD0552,2,643.85,1287.7
HITM0004846,HORD001552,PRD0277,1,1153.48,1153.48
HITM0009735,HORD003094,PRD0178,1,131.81,131.81
HITM0003834,HORD001237,PRD0240,3,371.29,1113.87
HITM0003835,HORD001237,PRD0191,3,1103.43,3310.29
HITM0003836,HORD001237,PRD0979,2,1127.85,2255.7
HITM0003837,HORD001237,PRD0958,2,453.1,906.2
HITM0000799,HORD000259,PRD0643,1,1502.77,1502.77
HITM0000800,HORD000259,PRD0965,1,536.69,536.69
HITM0000801,HORD000259,PRD0669,1,271.59,271.59
HITM0012241,HORD003906,PRD0170,1,90.68,90.68
HITM0012242,HORD003906,PRD0598,1,723.86,723.86
HITM0012243,HORD003906,PRD0396,1,385.11,385.11
HITM0007299,HORD002325,PRD0827,2,1819.32,3638.64
HITM0007300,HORD002325,PRD0031,1,1902.42,1902.42
HITM0007301,HORD002325,PRD0152,2,528.88,1057.76
HITM0007302,HORD002325,PRD0280,1,105.66,105.66
HITM0013728,HORD004367,PRD0616,1,311.42,311.42
HITM0013729,HORD004367,PRD0527,1,1407.36,1407.36
HITM0013730,HORD004367,PRD0492,2,1105.9,2211.8
HITM0009039,HORD002869,PRD0446,1,168.08,168.08
HITM0009040,HORD002869,PRD0057,1,1785.63,1785.63
HITM0009041,HORD002869,PRD0377,1,726.19,726.19
HITM0009042,HORD002869,PRD0124,3,1400.78,4202.34
HITM0009043,HORD002869,PRD0396,1,385.11,385.11
HITM0013082,HORD004164,PRD0584,1,2508.46,2508.46
HITM0013083,HORD004164,PRD0112,1,387.62,387.62
HITM0013084,HORD004164,PRD0942,3,1694.84,5084.52
HITM0013697,HORD004358,PRD0272,1,1161.16,1161.16
HITM0013698,HORD004358,PRD0886,2,59.21,118.42
HITM0013699,HORD004358,PRD0666,1,115.16,115.16
HITM0013972,HORD004441,PRD0379,1,989.35,989.35
HITM0007476,HORD002382,PRD0268,1,1094.58,1094.58
HITM0007477,HORD002382,PRD0814,1,404.73,404.73
HITM0007478,HORD002382,PRD0975,1,87.41,87.41
HITM0014773,HORD004699,PRD0487,1,322.51,322.51
HITM0014774,HORD004699,PRD0558,1,383.39,383.39
HITM0014775,HORD004699,PRD0720,2,216.18,432.36
HITM0014776,HORD004699,PRD0361,1,2730.19,2730.19
HITM0014777,HORD004699,PRD0190,1,248.59,248.59
HITM0013788,HORD004386,PRD0786,1,142.49,142.49
HITM0013789,HORD004386,PRD0796,2,187.69,375.38
HITM0003605,HORD001162,PRD0296,1,440.13,440.13
HITM0003606,HORD001162,PRD0991,1,1841.41,1841.41
HITM0003607,HORD001162,PRD0047,1,64.28,64.28
HITM0007011,HORD002239,PRD0563,1,1356.35,1356.35
HITM0007012,HORD002239,PRD0600,1,62.84,62.84
HITM0007013,HORD002239,PRD0548,1,952.05,952.05
HITM0006065,HORD001938,PRD0017,1,1979.17,1979.17
HITM0006066,HORD001938,PRD0854,1,2878.03,2878.03
HITM0010116,HORD003216,PRD0747,1,1353.66,1353.66
HITM0010117,HORD003216,PRD0659,1,725.61,725.61
HITM0010118,HORD003216,PRD0183,2,1008.76,2017.52
HITM0001411,HORD000454,PRD0448,3,1025.21,3075.63
HITM0001412,HORD000454,PRD0573,1,1409.7,1409.7
HITM0001413,HORD000454,PRD0898,1,642.43,642.43
HITM0001414,HORD000454,PRD0365,3,489.23,1467.69
HITM0001415,HORD000454,PRD0672,1,1690.15,1690.15
HITM0001890,HORD000614,PRD0282,1,1632.77,1632.77
HITM0001891,HORD000614,PRD0606,2,74.13,148.26
HITM0010613,HORD003377,PRD0488,1,281.31,281.31
HITM0002337,HORD000755,PRD0929,1,1112.27,1112.27
HITM0002338,HORD000755,PRD0422,3,359.3,1077.9
HITM0004602,HORD001476,PRD0625,1,840.9,840.9
HITM0004603,HORD001476,PRD0664,2,3499.77,6999.54
HITM0004604,HORD001476,PRD0089,3,739.15,2217.45
HITM0011800,HORD003755,PRD0895,1,830.36,830.36
HITM0011801,HORD003755,PRD0676,2,45.2,90.4
HITM0010966,HORD003491,PRD0235,1,158.61,158.61
HITM0010967,HORD003491,PRD0317,1,1797.93,1797.93
HITM0010968,HORD003491,PRD0967,1,2500.44,2500.44
HITM0000500,HORD000167,PRD0484,1,1342.84,1342.84
HITM0000501,HORD000167,PRD0118,1,148.01,148.01
HITM0000502,HORD000167,PRD0760,2,36.27,72.54
HITM0000503,HORD000167,PRD0530,1,14.38,14.38
HITM0006383,HORD002040,PRD0245,1,645.34,645.34
HITM0006384,HORD002040,PRD0590,1,54.96,54.96
HITM0006385,HORD002040,PRD0818,2,1004.26,2008.52
HITM0006386,HORD002040,PRD0640,2,215.9,431.8
HITM0009944,HORD003161,PRD0971,1,1257.81,1257.81
HITM0009945,HORD003161,PRD0067,1,374.02,374.02
HITM0009946,HORD003161,PRD0758,1,165.39,165.39
HITM0007496,HORD002389,PRD0173,1,906.06,906.06
HITM0007497,HORD002389,PRD0675,2,927.62,1855.24
HITM0007498,HORD002389,PRD0690,1,115.07,115.07
HITM0007490,HORD002387,PRD0734,2,1722.21,3444.42
HITM0007491,HORD002387,PRD0691,3,2417.17,7251.51
HITM0000684,HORD000222,PRD0452,1,1373.84,1373.84
HITM0000685,HORD000222,PRD0069,1,402.1,402.1
HITM0000686,HORD000222,PRD0318,1,115.57,115.57
HITM0001829,HORD000595,PRD0913,1,1306.73,1306.73
HITM0001830,HORD000595,PRD0820,1,109.62,109.62
HITM0001831,HORD000595,PRD0539,2,1463.75,2927.5
HITM0001832,HORD000595,PRD0019,1,1401.86,1401.86
HITM0001833,HORD000595,PRD0809,1,699.91,699.91
HITM0013825,HORD004396,PRD0619,1,1486.76,1486.76
HITM0013826,HORD004396,PRD0145,2,672.85,1345.7
HITM0013827,HORD004396,PRD0823,1,1291.29,1291.29
HITM0013828,HORD004396,PRD0266,1,189.02,189.02
HITM0006891,HORD002199,PRD0941,1,2304.74,2304.74
HITM0008835,HORD002807,PRD0600,1,62.84,62.84
HITM0008836,HORD002807,PRD0068,1,316.68,316.68
HITM0008837,HORD002807,PRD0520,2,331.38,662.76
HITM0014535,HORD004625,PRD0386,1,167.3,167.3
HITM0014536,HORD004625,PRD0786,2,142.49,284.98
HITM0014537,HORD004625,PRD0362,1,1208.57,1208.57
HITM0014538,HORD004625,PRD0298,1,275.37,275.37
HITM0014539,HORD004625,PRD0272,1,1161.16,1161.16
HITM0001936,HORD000629,PRD0992,1,1431.3,1431.3
HITM0001937,HORD000629,PRD0520,1,331.38,331.38
HITM0001938,HORD000629,PRD0530,1,14.38,14.38
HITM0001105,HORD000358,PRD0036,3,355.76,1067.28
HITM0001106,HORD000358,PRD0040,2,283.76,567.52
HITM0001107,HORD000358,PRD0639,2,1085.06,2170.12
HITM0005530,HORD001771,PRD0375,1,495.35,495.35
HITM0005531,HORD001771,PRD0345,1,1050.02,1050.02
HITM0005532,HORD001771,PRD0048,2,165.15,330.3
HITM0005533,HORD001771,PRD0158,1,751.25,751.25
HITM0005534,HORD001771,PRD0643,1,1502.77,1502.77
HITM0007691,HORD002447,PRD0369,1,429.26,429.26
HITM0007692,HORD002447,PRD0399,1,545.36,545.36
HITM0004826,HORD001547,PRD0207,1,2341.74,2341.74
HITM0004827,HORD001547,PRD0668,2,1025.81,2051.62
HITM0004828,HORD001547,PRD0389,1,562.64,562.64
HITM0004829,HORD001547,PRD0244,1,2495.06,2495.06
HITM0002333,HORD000754,PRD0126,1,464.05,464.05
HITM0002334,HORD000754,PRD0154,1,1129.84,1129.84
HITM0002335,HORD000754,PRD0085,1,238.64,238.64
HITM0002336,HORD000754,PRD0596,1,596.4,596.4
HITM0012624,HORD004027,PRD0218,1,490.11,490.11
HITM0012625,HORD004027,PRD0687,2,200.01,400.02
HITM0012626,HORD004027,PRD0456,1,690.03,690.03
HITM0012627,HORD004027,PRD0656,3,848.87,2546.61
HITM0014191,HORD004515,PRD0093,2,1330.98,2661.96
HITM0014192,HORD004515,PRD0590,1,54.96,54.96
HITM0014193,HORD004515,PRD0290,1,154.65,154.65
HITM0014194,HORD004515,PRD0965,1,536.69,536.69
HITM0003242,HORD001040,PRD0678,2,566.98,1133.96
HITM0003243,HORD001040,PRD0198,1,492.76,492.76
HITM0003244,HORD001040,PRD0110,1,113.31,113.31
HITM0003245,HORD001040,PRD0165,1,567.68,567.68
HITM0008565,HORD002722,PRD0357,3,902.95,2708.85
HITM0008566,HORD002722,PRD0735,2,952.04,1904.08
HITM0008567,HORD002722,PRD0675,1,927.62,927.62
HITM0013850,HORD004404,PRD0708,1,1076.81,1076.81
HITM0013851,HORD004404,PRD0772,1,306.42,306.42
HITM0013852,HORD004404,PRD0759,2,1399.01,2798.02
HITM0013853,HORD004404,PRD0312,2,523.23,1046.46
HITM0013854,HORD004404,PRD0413,1,420.29,420.29
HITM0012828,HORD004088,PRD0247,1,1770.54,1770.54
HITM0012829,HORD004088,PRD0745,2,222.81,445.62
HITM0012830,HORD004088,PRD0339,1,536.34,536.34
HITM0000859,HORD000278,PRD0520,1,331.38,331.38
HITM0000860,HORD000278,PRD0404,1,3000.72,3000.72
HITM0000861,HORD000278,PRD0010,2,23.5,47.0
HITM0000862,HORD000278,PRD0180,1,386.36,386.36
HITM0002741,HORD000883,PRD0733,2,1448.13,2896.26
HITM0002742,HORD000883,PRD0982,2,885.27,1770.54
HITM0003922,HORD001263,PRD0516,1,339.27,339.27
HITM0003923,HORD001263,PRD0309,1,332.31,332.31
HITM0003924,HORD001263,PRD0610,2,347.23,694.46
HITM0008730,HORD002771,PRD1000,1,192.28,192.28
HITM0012542,HORD004002,PRD0546,1,227.79,227.79
HITM0012543,HORD004002,PRD0822,1,724.35,724.35
HITM0001315,HORD000424,PRD0987,2,751.73,1503.46
HITM0001316,HORD000424,PRD0695,1,663.83,663.83
HITM0015454,HORD004922,PRD0674,1,3768.2,3768.2
HITM0015455,HORD004922,PRD0951,1,2323.13,2323.13
HITM0010717,HORD003411,PRD0129,1,349.4,349.4
HITM0010718,HORD003411,PRD0357,2,902.95,1805.9
HITM0010719,HORD003411,PRD0030,1,405.09,405.09
HITM0010720,HORD003411,PRD0512,1,853.36,853.36
HITM0008312,HORD002639,PRD0841,1,2479.75,2479.75
HITM0008313,HORD002639,PRD0529,1,952.92,952.92
HITM0008314,HORD002639,PRD0886,1,59.21,59.21
HITM0008315,HORD002639,PRD0469,1,552.84,552.84
HITM0012983,HORD004136,PRD0990,1,114.18,114.18
HITM0012984,HORD004136,PRD0521,2,1257.03,2514.06
HITM0012985,HORD004136,PRD0972,1,1389.65,1389.65
HITM0012986,HORD004136,PRD0233,1,1369.87,1369.87
HITM0012987,HORD004136,PRD0813,1,326.38,326.38
HITM0010599,HORD003372,PRD0380,1,318.45,318.45
HITM0003091,HORD000990,PRD0307,3,2209.06,6627.18
HITM0003092,HORD000990,PRD0380,1,318.45,318.45
HITM0003093,HORD000990,PRD0270,1,154.55,154.55
HITM0003094,HORD000990,PRD0030,1,405.09,405.09
HITM0000420,HORD000142,PRD0895,1,830.36,830.36
HITM0001789,HORD000582,PRD0958,1,453.1,453.1
HITM0001790,HORD000582,PRD0629,1,741.8,741.8
HITM0001791,HORD000582,PRD0316,1,816.98,816.98
HITM0001792,HORD000582,PRD0939,3,966.3,2898.9
HITM0008091,HORD002573,PRD0992,2,1431.3,2862.6
HITM0008092,HORD002573,PRD0419,1,100.25,100.25
HITM0008093,HORD002573,PRD0707,1,2487.37,2487.37
HITM0008094,HORD002573,PRD0532,2,1457.77,2915.54
HITM0011278,HORD003593,PRD0588,1,277.14,277.14
HITM0011279,HORD003593,PRD0523,1,911.73,911.73
HITM0011280,HORD003593,PRD0696,2,223.84,447.68
HITM0011281,HORD003593,PRD0468,2,254.35,508.7
HITM0005044,HORD001616,PRD0045,1,180.47,180.47
HITM0005045,HORD001616,PRD0729,1,496.66,496.66
HITM0005046,HORD001616,PRD0686,2,529.65,1059.3
HITM0005047,HORD001616,PRD0285,1,1110.14,1110.14
HITM0008891,HORD002825,PRD0482,1,1837.18,1837.18
HITM0008892,HORD002825,PRD0400,1,249.11,249.11
HITM0008893,HORD002825,PRD0703,1,529.32,529.32
HITM0003575,HORD001154,PRD0228,1,419.86,419.86
HITM0003576,HORD001154,PRD0468,1,254.35,254.35
HITM0003577,HORD001154,PRD0700,1,241.67,241.67
HITM0010192,HORD003242,PRD0468,1,254.35,254.35
HITM0010193,HORD003242,PRD0616,1,311.42,311.42
HITM0010194,HORD003242,PRD0924,1,2237.68,2237.68
HITM0010195,HORD003242,PRD0019,1,1401.86,1401.86
HITM0009331,HORD002963,PRD0808,2,601.58,1203.16
HITM0009332,HORD002963,PRD0326,1,828.92,828.92
HITM0009333,HORD002963,PRD0920,1,53.18,53.18
HITM0000315,HORD000105,PRD0209,3,164.63,493.89
HITM0000316,HORD000105,PRD0615,1,159.68,159.68
HITM0000317,HORD000105,PRD0836,2,70.78,141.56
HITM0000318,HORD000105,PRD0335,1,1165.89,1165.89
HITM0011947,HORD003806,PRD0646,1,498.38,498.38
HITM0011948,HORD003806,PRD0372,1,1308.61,1308.61
HITM0011949,HORD003806,PRD0961,1,2282.29,2282.29
HITM0011950,HORD003806,PRD0792,1,1375.74,1375.74
HITM0011830,HORD003766,PRD0128,2,155.79,311.58
HITM0011831,HORD003766,PRD0775,3,1055.72,3167.16
HITM0011832,HORD003766,PRD0428,1,1044.38,1044.38
HITM0004339,HORD001394,PRD0097,1,2083.5,2083.5
HITM0004340,HORD001394,PRD0106,1,385.13,385.13
HITM0004341,HORD001394,PRD0650,1,129.9,129.9
HITM0004342,HORD001394,PRD0690,1,115.07,115.07
HITM0011594,HORD003691,PRD0612,1,385.34,385.34
HITM0011595,HORD003691,PRD0962,1,482.88,482.88
HITM0014859,HORD004727,PRD0018,2,1099.45,2198.9
HITM0014860,HORD004727,PRD0456,1,690.03,690.03
HITM0001591,HORD000514,PRD0260,1,100.02,100.02
HITM0001592,HORD000514,PRD0567,1,179.96,179.96
HITM0001593,HORD000514,PRD0944,1,2644.88,2644.88
HITM0001594,HORD000514,PRD0098,1,560.95,560.95
HITM0012539,HORD004001,PRD0006,1,733.43,733.43
HITM0012540,HORD004001,PRD0566,1,150.7,150.7
HITM0012541,HORD004001,PRD0486,1,706.44,706.44
HITM0004659,HORD001495,PRD0129,2,349.4,698.8
HITM0004660,HORD001495,PRD0938,2,327.05,654.1
HITM0004661,HORD001495,PRD0456,1,690.03,690.03
HITM0004662,HORD001495,PRD0897,1,1058.2,1058.2
HITM0004663,HORD001495,PRD0562,2,670.44,1340.88
HITM0005925,HORD001896,PRD0570,3,277.01,831.03
HITM0005926,HORD001896,PRD0108,1,323.48,323.48
HITM0009956,HORD003166,PRD0241,1,2817.68,2817.68
HITM0009957,HORD003166,PRD0627,1,1687.51,1687.51
HITM0009958,HORD003166,PRD0249,1,871.19,871.19
HITM0001376,HORD000443,PRD0189,1,1162.73,1162.73
HITM0001377,HORD000443,PRD0276,1,337.93,337.93
HITM0001378,HORD000443,PRD0973,1,703.36,703.36
HITM0011430,HORD003640,PRD0486,1,706.44,706.44
HITM0011431,HORD003640,PRD0873,1,665.62,665.62
HITM0011432,HORD003640,PRD0435,1,306.84,306.84
HITM0011433,HORD003640,PRD0665,1,304.74,304.74
HITM0010391,HORD003303,PRD0778,1,921.48,921.48
HITM0010392,HORD003303,PRD0788,1,699.94,699.94
HITM0002973,HORD000954,PRD0939,1,966.3,966.3
HITM0002974,HORD000954,PRD0813,1,326.38,326.38
HITM0001702,HORD000553,PRD0641,2,2509.9,5019.8
HITM0002207,HORD000713,PRD0736,3,508.97,1526.91
HITM0002208,HORD000713,PRD0322,1,1844.93,1844.93
HITM0002209,HORD000713,PRD0041,1,2661.08,2661.08
HITM0002210,HORD000713,PRD0350,1,142.11,142.11
HITM0002211,HORD000713,PRD0620,2,133.24,266.48
HITM0013177,HORD004191,PRD0676,2,45.2,90.4
HITM0013178,HORD004191,PRD0616,2,311.42,622.84
HITM0013179,HORD004191,PRD0808,2,601.58,1203.16
HITM0009846,HORD003129,PRD0716,1,300.2,300.2
HITM0009847,HORD003129,PRD0643,1,1502.77,1502.77
HITM0009848,HORD003129,PRD0807,3,1660.47,4981.41
HITM0010609,HORD003376,PRD0858,1,179.07,179.07
HITM0010610,HORD003376,PRD0369,1,429.26,429.26
HITM0010611,HORD003376,PRD0279,1,1450.59,1450.59
HITM0010612,HORD003376,PRD0188,1,370.0,370.0
HITM0005656,HORD001808,PRD0047,1,64.28,64.28
HITM0012877,HORD004101,PRD0872,1,796.81,796.81
HITM0012878,HORD004101,PRD0764,1,1928.47,1928.47
HITM0012879,HORD004101,PRD0682,1,1711.59,1711.59
HITM0012880,HORD004101,PRD0890,2,309.69,619.38
HITM0004169,HORD001341,PRD0674,1,3768.2,3768.2
HITM0004170,HORD001341,PRD0228,1,419.86,419.86
HITM0004171,HORD001341,PRD0285,1,1110.14,1110.14
HITM0004172,HORD001341,PRD0297,1,1360.98,1360.98
HITM0004173,HORD001341,PRD0408,1,402.17,402.17
HITM0004924,HORD001577,PRD0386,1,167.3,167.3
HITM0004925,HORD001577,PRD0062,1,685.19,685.19
HITM0004926,HORD001577,PRD0016,1,594.47,594.47
HITM0015367,HORD004893,PRD0923,1,1251.17,1251.17
HITM0015368,HORD004893,PRD0816,2,125.37,250.74
HITM0015369,HORD004893,PRD0016,1,594.47,594.47
HITM0015370,HORD004893,PRD0638,1,331.17,331.17
HITM0015371,HORD004893,PRD0691,1,2417.17,2417.17
HITM0005535,HORD001772,PRD0426,1,690.03,690.03
HITM0005536,HORD001772,PRD0635,1,809.45,809.45
HITM0005537,HORD001772,PRD0047,1,64.28,64.28
HITM0005538,HORD001772,PRD0557,1,114.56,114.56
HITM0007155,HORD002281,PRD0762,1,1016.52,1016.52
HITM0007156,HORD002281,PRD0681,2,1086.83,2173.66
HITM0007157,HORD002281,PRD0160,1,361.95,361.95
HITM0001185,HORD000383,PRD0337,1,842.79,842.79
HITM0001186,HORD000383,PRD0316,2,816.98,1633.96
HITM0001187,HORD000383,PRD1000,2,192.28,384.56
HITM0001188,HORD000383,PRD0393,1,310.3,310.3
HITM0010989,HORD003500,PRD0022,1,1480.38,1480.38
HITM0010990,HORD003500,PRD0593,1,356.64,356.64
HITM0010991,HORD003500,PRD0515,1,987.71,987.71
HITM0004857,HORD001556,PRD0329,2,1326.77,2653.54
HITM0004858,HORD001556,PRD0553,1,941.32,941.32
HITM0004859,HORD001556,PRD0078,2,280.55,561.1
HITM0004860,HORD001556,PRD0782,2,483.91,967.82
HITM0015588,HORD004966,PRD0191,1,1103.43,1103.43
HITM0015589,HORD004966,PRD0119,1,1161.39,1161.39
HITM0005213,HORD001668,PRD0447,1,1044.91,1044.91
HITM0002051,HORD000662,PRD0089,1,739.15,739.15
HITM0002052,HORD000662,PRD0825,1,363.11,363.11
HITM0002053,HORD000662,PRD0296,2,440.13,880.26
HITM0014816,HORD004713,PRD0717,2,1445.8,2891.6
HITM0014817,HORD004713,PRD0896,1,452.47,452.47
HITM0008571,HORD002724,PRD0685,1,1109.03,1109.03
HITM0008572,HORD002724,PRD0116,1,295.88,295.88
HITM0008573,HORD002724,PRD0530,1,14.38,14.38
HITM0008574,HORD002724,PRD0903,1,980.26,980.26
HITM0000084,HORD000029,PRD0127,1,599.05,599.05
HITM0000085,HORD000029,PRD0475,1,559.21,559.21
HITM0000086,HORD000029,PRD0047,2,64.28,128.56
HITM0000087,HORD000029,PRD0256,2,694.57,1389.14
HITM0001696,HORD000550,PRD0817,2,2026.78,4053.56
HITM0001253,HORD000404,PRD0415,2,111.92,223.84
HITM0001254,HORD000404,PRD0280,2,105.66,211.32
HITM0009395,HORD002982,PRD0258,1,133.79,133.79
HITM0009396,HORD002982,PRD0125,1,1104.8,1104.8
HITM0009397,HORD002982,PRD0791,1,2700.27,2700.27
HITM0009534,HORD003029,PRD0910,2,53.54,107.08
HITM0009535,HORD003029,PRD0088,1,466.29,466.29
HITM0009536,HORD003029,PRD0559,1,531.55,531.55
HITM0009537,HORD003029,PRD0110,1,113.31,113.31
HITM0011545,HORD003677,PRD0079,1,211.65,211.65
HITM0011546,HORD003677,PRD0902,1,307.82,307.82
HITM0008501,HORD002703,PRD0194,1,2883.61,2883.61
HITM0008502,HORD002703,PRD0022,1,1480.38,1480.38
HITM0008503,HORD002703,PRD0946,1,618.18,618.18
HITM0008504,HORD002703,PRD0265,2,1188.22,2376.44
HITM0014075,HORD004477,PRD0683,1,704.09,704.09
HITM0014076,HORD004477,PRD0943,1,1025.75,1025.75
HITM0014077,HORD004477,PRD0945,1,730.35,730.35
HITM0011180,HORD003564,PRD0580,1,109.85,109.85
HITM0011181,HORD003564,PRD0973,3,703.36,2110.08
HITM0011182,HORD003564,PRD0253,1,1391.34,1391.34
HITM0011183,HORD003564,PRD0865,3,851.18,2553.54
HITM0001142,HORD000369,PRD0928,2,426.54,853.08
HITM0010813,HORD003443,PRD0833,2,1377.34,2754.68
HITM0010814,HORD003443,PRD0310,1,351.06,351.06
HITM0010815,HORD003443,PRD0891,1,2117.27,2117.27
HITM0009361,HORD002971,PRD0396,1,385.11,385.11
HITM0009362,HORD002971,PRD0092,1,370.43,370.43
HITM0009363,HORD002971,PRD0806,2,210.08,420.16
HITM0009364,HORD002971,PRD0592,1,301.86,301.86
HITM0014018,HORD004459,PRD0918,1,781.2,781.2
HITM0014019,HORD004459,PRD0830,1,121.26,121.26
HITM0010427,HORD003314,PRD0015,1,238.76,238.76
HITM0010428,HORD003314,PRD0126,1,464.05,464.05
HITM0010429,HORD003314,PRD0471,3,2188.61,6565.83
HITM0010430,HORD003314,PRD0436,1,180.16,180.16
HITM0012137,HORD003873,PRD0544,2,1611.97,3223.94
HITM0012138,HORD003873,PRD0869,1,1367.62,1367.62
HITM0012139,HORD003873,PRD0020,1,47.5,47.5
HITM0012140,HORD003873,PRD0625,1,840.9,840.9
HITM0013015,HORD004145,PRD0283,2,1338.12,2676.24
HITM0013016,HORD004145,PRD0398,1,809.04,809.04
HITM0013017,HORD004145,PRD0980,1,310.02,310.02
HITM0013018,HORD004145,PRD0592,1,301.86,301.86
HITM0005271,HORD001684,PRD0474,2,1816.04,3632.08
HITM0005272,HORD001684,PRD0082,1,1101.3,1101.3
HITM0005273,HORD001684,PRD0762,1,1016.52,1016.52
HITM0004759,HORD001527,PRD0495,1,752.39,752.39
HITM0009490,HORD003013,PRD0031,1,1902.42,1902.42
HITM0009491,HORD003013,PRD0515,1,987.71,987.71
HITM0009492,HORD003013,PRD0552,2,643.85,1287.7
HITM0011252,HORD003585,PRD0540,1,16.38,16.38
HITM0011253,HORD003585,PRD0256,1,694.57,694.57
HITM0011254,HORD003585,PRD0932,1,447.1,447.1
HITM0011255,HORD003585,PRD0620,1,133.24,133.24
HITM0007869,HORD002502,PRD0547,1,1638.11,1638.11
HITM0007870,HORD002502,PRD0873,1,665.62,665.62
HITM0007871,HORD002502,PRD0238,2,866.49,1732.98
HITM0007872,HORD002502,PRD0948,1,581.24,581.24
HITM0011815,HORD003760,PRD0568,1,670.01,670.01
HITM0011816,HORD003760,PRD0458,1,242.85,242.85
HITM0001181,HORD000382,PRD0998,1,178.25,178.25
HITM0001182,HORD000382,PRD0456,1,690.03,690.03
HITM0001183,HORD000382,PRD0305,1,387.39,387.39
HITM0001184,HORD000382,PRD0335,1,1165.89,1165.89
HITM0005739,HORD001837,PRD0998,2,178.25,356.5
HITM0005740,HORD001837,PRD0969,2,1212.01,2424.02
HITM0005741,HORD001837,PRD0079,1,211.65,211.65
HITM0005742,HORD001837,PRD0211,1,901.64,901.64
HITM0003118,HORD000999,PRD0406,1,482.25,482.25
HITM0003119,HORD000999,PRD0425,1,932.26,932.26
HITM0013019,HORD004146,PRD0049,1,740.34,740.34
HITM0013020,HORD004146,PRD0781,1,1039.29,1039.29
HITM0013021,HORD004146,PRD0990,1,114.18,114.18
HITM0013022,HORD004146,PRD0318,1,115.57,115.57
HITM0013023,HORD004146,PRD0043,1,1338.85,1338.85
HITM0015233,HORD004847,PRD0317,1,1797.93,1797.93
HITM0015234,HORD004847,PRD0787,1,189.07,189.07
HITM0015235,HORD004847,PRD0066,1,291.03,291.03
HITM0012293,HORD003927,PRD0980,1,310.02,310.02
HITM0012294,HORD003927,PRD0215,1,580.92,580.92
HITM0012295,HORD003927,PRD0260,2,100.02,200.04
HITM0004348,HORD001397,PRD0427,1,241.58,241.58
HITM0004349,HORD001397,PRD0530,2,14.38,28.76
HITM0004350,HORD001397,PRD0190,2,248.59,497.18
HITM0004351,HORD001397,PRD0786,1,142.49,142.49
HITM0013902,HORD004418,PRD0298,1,275.37,275.37
HITM0013903,HORD004418,PRD0460,1,19.84,19.84
HITM0013904,HORD004418,PRD0550,1,112.99,112.99
HITM0013905,HORD004418,PRD0822,1,724.35,724.35
HITM0003880,HORD001251,PRD0066,2,291.03,582.06
HITM0003881,HORD001251,PRD0880,1,291.86,291.86
HITM0000845,HORD000274,PRD0983,1,1360.95,1360.95
HITM0000846,HORD000274,PRD0712,1,331.7,331.7
HITM0000847,HORD000274,PRD0560,1,176.65,176.65
HITM0000848,HORD000274,PRD0302,1,1259.27,1259.27
HITM0000849,HORD000274,PRD0645,1,262.13,262.13
HITM0012047,HORD003841,PRD0884,1,3422.46,3422.46
HITM0002527,HORD000820,PRD0314,1,1247.26,1247.26
HITM0002528,HORD000820,PRD0543,1,336.97,336.97
HITM0002529,HORD000820,PRD0366,1,547.49,547.49
HITM0002530,HORD000820,PRD0370,1,206.12,206.12
HITM0003538,HORD001143,PRD0992,1,1431.3,1431.3
HITM0003539,HORD001143,PRD0696,1,223.84,223.84
HITM0003540,HORD001143,PRD0809,1,699.91,699.91
HITM0003541,HORD001143,PRD0296,1,440.13,440.13
HITM0000271,HORD000090,PRD0790,2,356.37,712.74
HITM0000272,HORD000090,PRD0719,1,192.41,192.41
HITM0000273,HORD000090,PRD0648,1,1089.86,1089.86
HITM0010669,HORD003397,PRD0080,2,60.33,120.66
HITM0010670,HORD003397,PRD0196,1,206.29,206.29
HITM0010671,HORD003397,PRD0588,1,277.14,277.14
HITM0010672,HORD003397,PRD0825,1,363.11,363.11
HITM0004455,HORD001428,PRD0645,1,262.13,262.13
HITM0010769,HORD003430,PRD0863,2,894.64,1789.28
HITM0010770,HORD003430,PRD0753,1,377.42,377.42
HITM0010771,HORD003430,PRD0419,2,100.25,200.5
HITM0010772,HORD003430,PRD0181,1,2668.69,2668.69
HITM0010773,HORD003430,PRD0935,2,1070.56,2141.12
HITM0001344,HORD000433,PRD0657,1,1084.44,1084.44
HITM0001345,HORD000433,PRD0190,2,248.59,497.18
HITM0007516,HORD002395,PRD0263,2,1205.78,2411.56
HITM0007517,HORD002395,PRD0810,1,336.77,336.77
HITM0012268,HORD003916,PRD0248,1,1065.71,1065.71
HITM0012269,HORD003916,PRD0047,1,64.28,64.28
HITM0013926,HORD004425,PRD0562,1,670.44,670.44
HITM0009709,HORD003086,PRD0623,1,442.62,442.62
HITM0009710,HORD003086,PRD0067,1,374.02,374.02
HITM0009711,HORD003086,PRD0198,2,492.76,985.52
HITM0009712,HORD003086,PRD0095,1,699.82,699.82
HITM0009713,HORD003086,PRD0472,1,1677.61,1677.61
HITM0010317,HORD003281,PRD0175,1,1014.37,1014.37
HITM0010318,HORD003281,PRD0880,1,291.86,291.86
HITM0010319,HORD003281,PRD0210,1,408.84,408.84
HITM0010320,HORD003281,PRD0288,1,920.06,920.06
HITM0004710,HORD001511,PRD0836,1,70.78,70.78
HITM0004711,HORD001511,PRD0135,1,1040.75,1040.75
HITM0004712,HORD001511,PRD0022,1,1480.38,1480.38
HITM0011106,HORD003540,PRD0213,1,351.6,351.6
HITM0011107,HORD003540,PRD0669,1,271.59,271.59
HITM0011108,HORD003540,PRD0596,2,596.4,1192.8
HITM0015550,HORD004955,PRD0813,1,326.38,326.38
HITM0015551,HORD004955,PRD0485,2,283.51,567.02
HITM0015552,HORD004955,PRD0091,2,2264.24,4528.48
HITM0007177,HORD002288,PRD0559,1,531.55,531.55
HITM0007178,HORD002288,PRD0510,1,267.14,267.14
HITM0004641,HORD001489,PRD0526,2,208.36,416.72
HITM0004642,HORD001489,PRD0917,2,624.31,1248.62
HITM0004643,HORD001489,PRD0358,1,761.53,761.53
HITM0005821,HORD001863,PRD0825,2,363.11,726.22
HITM0005822,HORD001863,PRD0677,1,1049.55,1049.55
HITM0005823,HORD001863,PRD0008,1,442.13,442.13
HITM0009357,HORD002970,PRD0471,1,2188.61,2188.61
HITM0009358,HORD002970,PRD0756,1,177.47,177.47
HITM0009359,HORD002970,PRD0116,1,295.88,295.88
HITM0009360,HORD002970,PRD0275,2,687.49,1374.98
HITM0012565,HORD004009,PRD0845,2,323.81,647.62
HITM0012566,HORD004009,PRD0359,1,196.54,196.54
HITM0012567,HORD004009,PRD0425,1,932.26,932.26
HITM0008247,HORD002620,PRD0540,1,16.38,16.38
HITM0008248,HORD002620,PRD0405,1,842.76,842.76
HITM0008249,HORD002620,PRD0727,1,842.09,842.09
HITM0011997,HORD003824,PRD0263,1,1205.78,1205.78
HITM0008441,HORD002682,PRD0665,2,304.74,609.48
HITM0008442,HORD002682,PRD0683,1,704.09,704.09
HITM0008443,HORD002682,PRD0275,1,687.49,687.49
HITM0006505,HORD002079,PRD0560,1,176.65,176.65
HITM0006506,HORD002079,PRD0386,3,167.3,501.9
HITM0006507,HORD002079,PRD0827,1,1819.32,1819.32
HITM0007250,HORD002310,PRD0838,1,858.89,858.89
HITM0007251,HORD002310,PRD0732,1,729.81,729.81
HITM0007252,HORD002310,PRD0975,2,87.41,174.82
HITM0007253,HORD002310,PRD0772,3,306.42,919.26
HITM0001449,HORD000467,PRD0760,2,36.27,72.54
HITM0001450,HORD000467,PRD0213,2,351.6,703.2
HITM0001451,HORD000467,PRD0215,2,580.92,1161.84
HITM0014554,HORD004630,PRD0008,2,442.13,884.26
HITM0009973,HORD003171,PRD0518,2,271.63,543.26
HITM0009974,HORD003171,PRD0965,1,536.69,536.69
HITM0009975,HORD003171,PRD0590,1,54.96,54.96
HITM0009976,HORD003171,PRD0720,2,216.18,432.36
HITM0009977,HORD003171,PRD0498,1,201.0,201.0
HITM0013885,HORD004413,PRD0626,1,521.1,521.1
HITM0013886,HORD004413,PRD0105,1,325.21,325.21
HITM0013887,HORD004413,PRD0812,1,1025.12,1025.12
HITM0002061,HORD000666,PRD0510,1,267.14,267.14
HITM0002062,HORD000666,PRD0099,1,1406.39,1406.39
HITM0002063,HORD000666,PRD0587,1,2586.72,2586.72
HITM0007784,HORD002474,PRD0898,1,642.43,642.43
HITM0007785,HORD002474,PRD0816,1,125.37,125.37
HITM0007786,HORD002474,PRD0070,1,257.34,257.34
HITM0007787,HORD002474,PRD0025,1,644.26,644.26
HITM0007788,HORD002474,PRD0356,1,365.08,365.08
HITM0002348,HORD000760,PRD0083,1,558.55,558.55
HITM0002349,HORD000760,PRD0751,2,2924.83,5849.66
HITM0002350,HORD000760,PRD0403,2,1021.92,2043.84
HITM0002351,HORD000760,PRD0470,1,91.58,91.58
HITM0002352,HORD000760,PRD0604,3,1031.83,3095.49
HITM0013488,HORD004293,PRD0047,1,64.28,64.28
HITM0008487,HORD002698,PRD0479,1,1360.38,1360.38
HITM0008488,HORD002698,PRD0760,2,36.27,72.54
HITM0008489,HORD002698,PRD0566,1,150.7,150.7
HITM0008490,HORD002698,PRD0909,1,1266.71,1266.71
HITM0002148,HORD000693,PRD0700,1,241.67,241.67
HITM0002149,HORD000693,PRD0322,1,1844.93,1844.93
HITM0002150,HORD000693,PRD0127,1,599.05,599.05
HITM0002151,HORD000693,PRD0429,1,251.33,251.33
HITM0007659,HORD002438,PRD0026,1,760.37,760.37
HITM0007660,HORD002438,PRD0060,2,170.83,341.66
HITM0007661,HORD002438,PRD0280,2,105.66,211.32
HITM0007662,HORD002438,PRD0274,1,1538.07,1538.07
HITM0004268,HORD001370,PRD0285,2,1110.14,2220.28
HITM0004269,HORD001370,PRD0316,1,816.98,816.98
HITM0004270,HORD001370,PRD0441,2,1203.85,2407.7
HITM0013778,HORD004382,PRD0723,2,1076.87,2153.74
HITM0013779,HORD004382,PRD0389,1,562.64,562.64
HITM0013780,HORD004382,PRD0760,1,36.27,36.27
HITM0015198,HORD004835,PRD0626,2,521.1,1042.2
HITM0015199,HORD004835,PRD0211,1,901.64,901.64
HITM0015200,HORD004835,PRD0569,3,870.85,2612.55
HITM0015201,HORD004835,PRD0336,1,761.65,761.65
HITM0003520,HORD001138,PRD0219,1,1110.34,1110.34
HITM0003521,HORD001138,PRD0980,1,310.02,310.02
HITM0003522,HORD001138,PRD0343,1,634.07,634.07
HITM0015140,HORD004815,PRD0624,1,4122.57,4122.57
HITM0015141,HORD004815,PRD0114,1,3925.54,3925.54
HITM0015142,HORD004815,PRD0366,1,547.49,547.49
HITM0004352,HORD001398,PRD0156,1,400.24,400.24
HITM0004353,HORD001398,PRD0910,1,53.54,53.54
HITM0004354,HORD001398,PRD0554,1,1054.0,1054.0
HITM0004355,HORD001398,PRD0475,1,559.21,559.21
HITM0004356,HORD001398,PRD0143,1,1276.25,1276.25
HITM0011157,HORD003556,PRD0234,3,2457.44,7372.32
HITM0011158,HORD003556,PRD0070,1,257.34,257.34
HITM0009544,HORD003033,PRD0056,1,258.5,258.5
HITM0009545,HORD003033,PRD0319,1,1422.45,1422.45
HITM0009546,HORD003033,PRD0858,1,179.07,179.07
HITM0006170,HORD001974,PRD0337,1,842.79,842.79
HITM0006171,HORD001974,PRD0212,1,1821.52,1821.52
HITM0006172,HORD001974,PRD0208,1,569.31,569.31
HITM0006173,HORD001974,PRD0867,3,111.69,335.07
HITM0001588,HORD000513,PRD0010,1,23.5,23.5
HITM0001589,HORD000513,PRD0464,1,4106.6,4106.6
HITM0001590,HORD000513,PRD0491,1,2132.04,2132.04
HITM0006316,HORD002019,PRD0661,1,1196.27,1196.27
HITM0006317,HORD002019,PRD0983,1,1360.95,1360.95
HITM0006318,HORD002019,PRD0595,1,108.82,108.82
HITM0006319,HORD002019,PRD0129,1,349.4,349.4
HITM0012711,HORD004054,PRD0934,1,789.27,789.27
HITM0012712,HORD004054,PRD0300,1,158.44,158.44
HITM0012713,HORD004054,PRD0590,1,54.96,54.96
HITM0012714,HORD004054,PRD0896,1,452.47,452.47
HITM0013374,HORD004254,PRD0766,2,655.3,1310.6
HITM0013375,HORD004254,PRD0930,1,62.22,62.22
HITM0013376,HORD004254,PRD0195,1,715.6,715.6
HITM0013377,HORD004254,PRD0040,2,283.76,567.52
HITM0013378,HORD004254,PRD0475,2,559.21,1118.42
HITM0003844,HORD001240,PRD0666,1,115.16,115.16
HITM0003845,HORD001240,PRD0090,2,99.88,199.76
HITM0015189,HORD004831,PRD0671,1,1835.03,1835.03
HITM0015190,HORD004831,PRD0449,1,168.36,168.36
HITM0015191,HORD004831,PRD0600,1,62.84,62.84
HITM0004797,HORD001539,PRD0554,2,1054.0,2108.0
HITM0004798,HORD001539,PRD0760,1,36.27,36.27
HITM0004799,HORD001539,PRD0093,1,1330.98,1330.98
HITM0006640,HORD002121,PRD0139,1,877.46,877.46
HITM0006641,HORD002121,PRD0482,1,1837.18,1837.18
HITM0006642,HORD002121,PRD0909,1,1266.71,1266.71
HITM0005379,HORD001717,PRD0216,1,823.62,823.62
HITM0005380,HORD001717,PRD0828,1,745.61,745.61
HITM0005381,HORD001717,PRD0420,2,399.59,799.18
HITM0005382,HORD001717,PRD0636,1,421.78,421.78
HITM0014837,HORD004720,PRD0342,1,1179.87,1179.87
HITM0014838,HORD004720,PRD0325,2,161.7,323.4
HITM0014839,HORD004720,PRD0698,1,68.9,68.9
HITM0014840,HORD004720,PRD0071,2,2671.31,5342.62
HITM0015483,HORD004931,PRD0875,1,243.6,243.6
HITM0015484,HORD004931,PRD0645,3,262.13,786.39
HITM0015485,HORD004931,PRD0886,1,59.21,59.21
HITM0014929,HORD004749,PRD0153,2,638.8,1277.6
HITM0014930,HORD004749,PRD0606,1,74.13,74.13
HITM0014931,HORD004749,PRD0540,2,16.38,32.76
HITM0003387,HORD001091,PRD0740,2,366.0,732.0
HITM0003388,HORD001091,PRD0081,1,3046.5,3046.5
HITM0005218,HORD001670,PRD0710,1,193.26,193.26
HITM0005219,HORD001670,PRD0311,2,3180.87,6361.74
HITM0003618,HORD001166,PRD0305,3,387.39,1162.17
HITM0003619,HORD001166,PRD0235,1,158.61,158.61
HITM0003620,HORD001166,PRD0281,1,2324.84,2324.84
HITM0003621,HORD001166,PRD0376,1,810.62,810.62
HITM0008040,HORD002558,PRD0353,1,1077.75,1077.75
HITM0008041,HORD002558,PRD0120,1,348.09,348.09
HITM0008042,HORD002558,PRD0368,1,919.95,919.95
HITM0008043,HORD002558,PRD0576,1,261.6,261.6
HITM0008781,HORD002788,PRD0996,1,455.11,455.11
HITM0008782,HORD002788,PRD0761,1,2263.02,2263.02
HITM0008783,HORD002788,PRD0680,1,228.54,228.54
HITM0008784,HORD002788,PRD0993,1,976.99,976.99
HITM0006310,HORD002017,PRD0391,2,1640.32,3280.64
HITM0006311,HORD002017,PRD0590,1,54.96,54.96
HITM0006312,HORD002017,PRD0800,1,334.97,334.97
HITM0006313,HORD002017,PRD0666,3,115.16,345.48
HITM0001082,HORD000351,PRD0803,1,1082.24,1082.24
HITM0001083,HORD000351,PRD0429,1,251.33,251.33
HITM0001084,HORD000351,PRD0130,1,348.52,348.52
HITM0001085,HORD000351,PRD0915,1,1134.28,1134.28
HITM0014980,HORD004764,PRD0102,1,581.67,581.67
HITM0014981,HORD004764,PRD0779,1,835.92,835.92
HITM0014982,HORD004764,PRD0738,1,357.89,357.89
HITM0014983,HORD004764,PRD0282,1,1632.77,1632.77
HITM0010521,HORD003346,PRD0662,1,483.82,483.82
HITM0010522,HORD003346,PRD0509,1,246.73,246.73
HITM0010523,HORD003346,PRD0003,1,472.24,472.24
HITM0010524,HORD003346,PRD0845,2,323.81,647.62
HITM0000120,HORD000041,PRD0132,2,691.37,1382.74
HITM0000121,HORD000041,PRD0508,2,513.6,1027.2
HITM0000122,HORD000041,PRD0089,2,739.15,1478.3
HITM0000123,HORD000041,PRD0020,1,47.5,47.5
HITM0009156,HORD002906,PRD0649,2,1282.36,2564.72
HITM0009157,HORD002906,PRD0640,1,215.9,215.9
HITM0009211,HORD002926,PRD0155,2,171.72,343.44
HITM0009212,HORD002926,PRD0598,1,723.86,723.86
HITM0009213,HORD002926,PRD0466,1,362.96,362.96
HITM0002426,HORD000783,PRD0950,1,108.8,108.8
HITM0002427,HORD000783,PRD0609,2,1032.51,2065.02
HITM0001763,HORD000574,PRD0611,1,1295.24,1295.24
HITM0001764,HORD000574,PRD0844,1,3468.14,3468.14
HITM0001765,HORD000574,PRD0779,2,835.92,1671.84
HITM0015295,HORD004866,PRD0900,1,259.46,259.46
HITM0010051,HORD003194,PRD0876,2,228.97,457.94
HITM0010052,HORD003194,PRD0243,1,567.88,567.88
HITM0010053,HORD003194,PRD0069,1,402.1,402.1
HITM0002202,HORD000712,PRD0940,1,51.08,51.08
HITM0002203,HORD000712,PRD0115,2,855.33,1710.66
HITM0002204,HORD000712,PRD0406,1,482.25,482.25
HITM0002205,HORD000712,PRD0350,2,142.11,284.22
HITM0002206,HORD000712,PRD0392,1,827.61,827.61
HITM0004410,HORD001414,PRD0175,1,1014.37,1014.37
HITM0004411,HORD001414,PRD0770,1,116.43,116.43
HITM0004412,HORD001414,PRD0734,1,1722.21,1722.21
HITM0004413,HORD001414,PRD0419,1,100.25,100.25
HITM0006578,HORD002101,PRD0524,1,2636.76,2636.76
HITM0006579,HORD002101,PRD0612,2,385.34,770.68
HITM0006580,HORD002101,PRD0793,1,454.0,454.0
HITM0006581,HORD002101,PRD0924,2,2237.68,4475.36
HITM0006582,HORD002101,PRD0540,1,16.38,16.38
HITM0005611,HORD001796,PRD0332,1,858.21,858.21
HITM0005612,HORD001796,PRD0696,1,223.84,223.84
HITM0005613,HORD001796,PRD0334,1,1182.39,1182.39
HITM0005614,HORD001796,PRD0138,1,727.03,727.03
HITM0002177,HORD000703,PRD0278,1,509.34,509.34
HITM0003298,HORD001063,PRD0324,2,3123.09,6246.18
HITM0012484,HORD003984,PRD0276,3,337.93,1013.79
HITM0012485,HORD003984,PRD0705,1,1096.7,1096.7
HITM0007297,HORD002324,PRD0519,1,154.53,154.53
HITM0007298,HORD002324,PRD0627,2,1687.51,3375.02
HITM0005321,HORD001699,PRD0734,2,1722.21,3444.42
HITM0005322,HORD001699,PRD0917,1,624.31,624.31
HITM0005323,HORD001699,PRD0289,2,1441.37,2882.74
HITM0005324,HORD001699,PRD0787,1,189.07,189.07
HITM0009820,HORD003120,PRD0403,1,1021.92,1021.92
HITM0009821,HORD003120,PRD0283,2,1338.12,2676.24
HITM0009822,HORD003120,PRD0348,1,643.07,643.07
HITM0013462,HORD004283,PRD0305,1,387.39,387.39
HITM0013463,HORD004283,PRD0774,1,2233.58,2233.58
HITM0004090,HORD001316,PRD0619,1,1486.76,1486.76
HITM0004091,HORD001316,PRD0233,2,1369.87,2739.74
HITM0004092,HORD001316,PRD0493,1,417.81,417.81
HITM0003250,HORD001042,PRD0153,2,638.8,1277.6
HITM0003251,HORD001042,PRD0829,1,582.58,582.58
HITM0009781,HORD003109,PRD0019,2,1401.86,2803.72
HITM0009150,HORD002904,PRD0451,2,2985.26,5970.52
HITM0009151,HORD002904,PRD0858,2,179.07,358.14
HITM0009152,HORD002904,PRD0313,1,1471.48,1471.48
HITM0005848,HORD001872,PRD0359,2,196.54,393.08
HITM0005849,HORD001872,PRD0772,3,306.42,919.26
HITM0000526,HORD000174,PRD0760,1,36.27,36.27
HITM0000527,HORD000174,PRD0867,1,111.69,111.69
HITM0000528,HORD000174,PRD0282,1,1632.77,1632.77
HITM0014502,HORD004615,PRD0668,1,1025.81,1025.81
HITM0014503,HORD004615,PRD0796,1,187.69,187.69
HITM0014504,HORD004615,PRD0867,1,111.69,111.69
HITM0000866,HORD000280,PRD0093,1,1330.98,1330.98
HITM0000867,HORD000280,PRD0116,1,295.88,295.88
HITM0000868,HORD000280,PRD0679,1,864.47,864.47
HITM0014921,HORD004747,PRD0156,1,400.24,400.24
HITM0014922,HORD004747,PRD0815,1,261.87,261.87
HITM0014923,HORD004747,PRD0090,1,99.88,99.88
HITM0014924,HORD004747,PRD0864,1,3828.18,3828.18
HITM0014925,HORD004747,PRD0315,1,74.41,74.41
HITM0015314,HORD004874,PRD0687,1,200.01,200.01
HITM0015315,HORD004874,PRD0580,2,109.85,219.7
HITM0012014,HORD003830,PRD0739,1,1069.28,1069.28
HITM0009879,HORD003140,PRD0346,1,470.11,470.11
HITM0009880,HORD003140,PRD0352,1,1553.05,1553.05
HITM0009881,HORD003140,PRD0038,1,769.34,769.34
HITM0009882,HORD003140,PRD0200,1,148.27,148.27
HITM0015136,HORD004814,PRD0634,1,1093.47,1093.47
HITM0015137,HORD004814,PRD0320,1,154.64,154.64
HITM0015138,HORD004814,PRD0303,1,1407.52,1407.52
HITM0015139,HORD004814,PRD0388,1,652.95,652.95
HITM0001091,HORD000354,PRD0939,1,966.3,966.3
HITM0001092,HORD000354,PRD0177,1,1216.85,1216.85
HITM0001093,HORD000354,PRD0868,2,1088.06,2176.12
HITM0001094,HORD000354,PRD0188,1,370.0,370.0
HITM0002520,HORD000818,PRD0175,1,1014.37,1014.37
HITM0002521,HORD000818,PRD0004,2,1300.01,2600.02
HITM0011436,HORD003642,PRD0819,2,191.18,382.36
HITM0011437,HORD003642,PRD0530,1,14.38,14.38
HITM0011438,HORD003642,PRD0376,1,810.62,810.62
HITM0011439,HORD003642,PRD0738,1,357.89,357.89
HITM0001475,HORD000476,PRD0388,1,652.95,652.95
HITM0001476,HORD000476,PRD0858,1,179.07,179.07
HITM0012623,HORD004026,PRD0239,2,271.25,542.5
HITM0014037,HORD004465,PRD0514,1,2741.93,2741.93
HITM0014038,HORD004465,PRD0468,2,254.35,508.7
HITM0014039,HORD004465,PRD0891,1,2117.27,2117.27
HITM0014040,HORD004465,PRD0299,1,1391.83,1391.83
HITM0010381,HORD003300,PRD0430,1,397.28,397.28
HITM0010382,HORD003300,PRD0047,1,64.28,64.28
HITM0010383,HORD003300,PRD0464,1,4106.6,4106.6
HITM0004000,HORD001286,PRD0418,1,584.01,584.01
HITM0004001,HORD001286,PRD0380,1,318.45,318.45
HITM0004002,HORD001286,PRD0068,1,316.68,316.68
HITM0014988,HORD004766,PRD0328,1,634.48,634.48
HITM0014989,HORD004766,PRD0397,1,719.35,719.35
HITM0014990,HORD004766,PRD0065,1,1196.5,1196.5
HITM0010416,HORD003311,PRD0259,1,409.08,409.08
HITM0010417,HORD003311,PRD0948,1,581.24,581.24
HITM0010418,HORD003311,PRD0938,1,327.05,327.05
HITM0010419,HORD003311,PRD0001,1,2765.47,2765.47
HITM0010420,HORD003311,PRD0742,1,338.72,338.72
HITM0006561,HORD002095,PRD0475,1,559.21,559.21
HITM0006562,HORD002095,PRD0542,1,1879.25,1879.25
HITM0006563,HORD002095,PRD0791,1,2700.27,2700.27
HITM0014861,HORD004728,PRD0640,1,215.9,215.9
HITM0014862,HORD004728,PRD0690,2,115.07,230.14
HITM0002920,HORD000940,PRD0157,1,591.59,591.59
HITM0002921,HORD000940,PRD0226,1,202.49,202.49
HITM0012026,HORD003835,PRD0182,1,331.32,331.32
HITM0012027,HORD003835,PRD0141,1,995.53,995.53
HITM0012028,HORD003835,PRD0689,1,1142.34,1142.34
HITM0012029,HORD003835,PRD0483,1,436.08,436.08
HITM0000733,HORD000237,PRD0209,1,164.63,164.63
HITM0000734,HORD000237,PRD0530,1,14.38,14.38
HITM0000735,HORD000237,PRD0558,1,383.39,383.39
HITM0000736,HORD000237,PRD0265,1,1188.22,1188.22
HITM0015406,HORD004907,PRD0499,1,1328.97,1328.97
HITM0015407,HORD004907,PRD0940,1,51.08,51.08
HITM0015408,HORD004907,PRD0048,1,165.15,165.15
HITM0007238,HORD002307,PRD0530,1,14.38,14.38
HITM0007239,HORD002307,PRD0845,1,323.81,323.81
HITM0007240,HORD002307,PRD0976,1,196.82,196.82
HITM0007241,HORD002307,PRD0037,1,2028.72,2028.72
HITM0012700,HORD004051,PRD0724,1,2202.99,2202.99
HITM0012701,HORD004051,PRD0759,2,1399.01,2798.02
HITM0012702,HORD004051,PRD0573,1,1409.7,1409.7
HITM0012703,HORD004051,PRD0331,2,1570.55,3141.1
HITM0013821,HORD004395,PRD0726,1,357.63,357.63
HITM0013822,HORD004395,PRD0560,2,176.65,353.3
HITM0013823,HORD004395,PRD0392,1,827.61,827.61
HITM0013824,HORD004395,PRD0894,1,2406.75,2406.75
HITM0014818,HORD004714,PRD0470,1,91.58,91.58
HITM0014819,HORD004714,PRD0947,2,1985.26,3970.52
HITM0003793,HORD001224,PRD0419,1,100.25,100.25
HITM0003794,HORD001224,PRD0294,1,4059.32,4059.32
HITM0004328,HORD001391,PRD0639,2,1085.06,2170.12
HITM0004329,HORD001391,PRD0541,2,1257.3,2514.6
HITM0004330,HORD001391,PRD0276,1,337.93,337.93
HITM0004331,HORD001391,PRD0217,1,441.18,441.18
HITM0001939,HORD000630,PRD0862,1,717.42,717.42
HITM0001940,HORD000630,PRD0285,1,1110.14,1110.14
HITM0002104,HORD000681,PRD0693,2,748.42,1496.84
HITM0002105,HORD000681,PRD0405,1,842.76,842.76
HITM0002106,HORD000681,PRD0590,1,54.96,54.96
HITM0002311,HORD000747,PRD0837,1,2447.06,2447.06
HITM0002312,HORD000747,PRD0619,2,1486.76,2973.52
HITM0007860,HORD002499,PRD0270,1,154.55,154.55
HITM0007861,HORD002499,PRD0209,2,164.63,329.26
HITM0006003,HORD001918,PRD0720,1,216.18,216.18
HITM0006004,HORD001918,PRD0352,1,1553.05,1553.05
HITM0006005,HORD001918,PRD0440,1,413.05,413.05
HITM0001845,HORD000599,PRD0928,2,426.54,853.08
HITM0001846,HORD000599,PRD0834,1,2475.8,2475.8
HITM0004491,HORD001440,PRD0012,1,426.8,426.8
HITM0004492,HORD001440,PRD0711,1,2598.42,2598.42
HITM0004493,HORD001440,PRD0003,1,472.24,472.24
HITM0002344,HORD000758,PRD0938,2,327.05,654.1
HITM0015098,HORD004803,PRD0811,2,2857.81,5715.62
HITM0015099,HORD004803,PRD0561,1,1381.26,1381.26
HITM0015100,HORD004803,PRD0160,1,361.95,361.95
HITM0015101,HORD004803,PRD0190,1,248.59,248.59
HITM0013202,HORD004200,PRD0101,1,1151.85,1151.85
HITM0013203,HORD004200,PRD0801,1,2900.31,2900.31
HITM0013204,HORD004200,PRD0743,1,651.04,651.04
HITM0004392,HORD001410,PRD0693,1,748.42,748.42
HITM0004393,HORD001410,PRD0601,1,1162.83,1162.83
HITM0004394,HORD001410,PRD0095,1,699.82,699.82
HITM0001965,HORD000637,PRD0934,1,789.27,789.27
HITM0014252,HORD004536,PRD0261,2,2576.1,5152.2
HITM0014253,HORD004536,PRD0851,1,2462.55,2462.55
HITM0014254,HORD004536,PRD0476,2,787.22,1574.44
HITM0014255,HORD004536,PRD0792,1,1375.74,1375.74
HITM0014256,HORD004536,PRD0718,1,287.05,287.05
HITM0004741,HORD001521,PRD0305,2,387.39,774.78
HITM0004742,HORD001521,PRD0180,1,386.36,386.36
HITM0004743,HORD001521,PRD0963,1,997.83,997.83
HITM0004744,HORD001521,PRD0739,1,1069.28,1069.28
HITM0004745,HORD001521,PRD0920,2,53.18,106.36
HITM0014620,HORD004651,PRD0574,1,2952.04,2952.04
HITM0014621,HORD004651,PRD0023,2,688.53,1377.06
HITM0014622,HORD004651,PRD0341,1,1098.33,1098.33
HITM0013219,HORD004205,PRD0995,1,69.16,69.16
HITM0013220,HORD004205,PRD0750,1,400.34,400.34
HITM0013221,HORD004205,PRD0047,1,64.28,64.28
HITM0013222,HORD004205,PRD0711,1,2598.42,2598.42
HITM0013223,HORD004205,PRD0310,1,351.06,351.06
HITM0008684,HORD002758,PRD0005,1,770.31,770.31
HITM0008685,HORD002758,PRD0426,3,690.03,2070.09
HITM0008686,HORD002758,PRD0630,2,227.99,455.98
HITM0008687,HORD002758,PRD0537,1,1904.34,1904.34
HITM0001552,HORD000502,PRD0080,1,60.33,60.33
HITM0001553,HORD000502,PRD0616,1,311.42,311.42
HITM0001554,HORD000502,PRD0056,1,258.5,258.5
HITM0001555,HORD000502,PRD0709,2,320.78,641.56
HITM0005318,HORD001698,PRD0510,1,267.14,267.14
HITM0005319,HORD001698,PRD0705,1,1096.7,1096.7
HITM0005320,HORD001698,PRD0133,1,1145.34,1145.34
HITM0002817,HORD000908,PRD0752,1,1670.56,1670.56
HITM0002818,HORD000908,PRD0475,1,559.21,559.21
HITM0002819,HORD000908,PRD0646,1,498.38,498.38
HITM0002820,HORD000908,PRD0354,2,1130.05,2260.1
HITM0002821,HORD000908,PRD0522,1,1754.68,1754.68
HITM0006672,HORD002131,PRD0212,2,1821.52,3643.04
HITM0006673,HORD002131,PRD0245,2,645.34,1290.68
HITM0006674,HORD002131,PRD0173,2,906.06,1812.12
HITM0010617,HORD003379,PRD0761,2,2263.02,4526.04
HITM0010618,HORD003379,PRD0163,1,1426.46,1426.46
HITM0010619,HORD003379,PRD0576,1,261.6,261.6
HITM0015265,HORD004857,PRD0923,1,1251.17,1251.17
HITM0015266,HORD004857,PRD0450,1,212.69,212.69
HITM0015267,HORD004857,PRD0766,1,655.3,655.3
HITM0008928,HORD002838,PRD0067,1,374.02,374.02
HITM0008929,HORD002838,PRD0273,3,469.96,1409.88
HITM0007711,HORD002454,PRD0395,2,700.42,1400.84
HITM0007712,HORD002454,PRD0660,1,137.13,137.13
HITM0007713,HORD002454,PRD0996,1,455.11,455.11
HITM0007714,HORD002454,PRD0631,3,1231.25,3693.75
HITM0007715,HORD002454,PRD0986,1,605.03,605.03
HITM0009235,HORD002935,PRD0426,2,690.03,1380.06
HITM0009236,HORD002935,PRD0718,1,287.05,287.05
HITM0009237,HORD002935,PRD0592,1,301.86,301.86
HITM0009238,HORD002935,PRD0580,2,109.85,219.7
HITM0007583,HORD002415,PRD0460,1,19.84,19.84
HITM0007584,HORD002415,PRD0550,1,112.99,112.99
HITM0011647,HORD003710,PRD0469,1,552.84,552.84
HITM0011648,HORD003710,PRD0826,1,796.98,796.98
HITM0011649,HORD003710,PRD0226,2,202.49,404.98
HITM0004756,HORD001526,PRD0876,1,228.97,228.97
HITM0004757,HORD001526,PRD0716,1,300.2,300.2
HITM0004758,HORD001526,PRD0893,1,1076.78,1076.78
HITM0014325,HORD004557,PRD0705,1,1096.7,1096.7
HITM0014326,HORD004557,PRD0680,1,228.54,228.54
HITM0012930,HORD004118,PRD0136,1,249.62,249.62
HITM0012931,HORD004118,PRD0989,2,359.81,719.62
HITM0012932,HORD004118,PRD0286,1,725.81,725.81
HITM0012933,HORD004118,PRD0103,1,421.42,421.42
HITM0012745,HORD004064,PRD0186,1,480.83,480.83
HITM0012746,HORD004064,PRD0591,1,2365.48,2365.48
HITM0012747,HORD004064,PRD0104,3,2802.96,8408.88
HITM0015613,HORD004974,PRD0819,1,191.18,191.18
HITM0015614,HORD004974,PRD0403,1,1021.92,1021.92
HITM0012001,HORD003826,PRD0705,1,1096.7,1096.7
HITM0012002,HORD003826,PRD0151,1,2367.77,2367.77
HITM0012003,HORD003826,PRD0203,1,427.62,427.62
HITM0010679,HORD003400,PRD0600,1,62.84,62.84
HITM0010680,HORD003400,PRD0962,2,482.88,965.76
HITM0010681,HORD003400,PRD0534,2,781.55,1563.1
HITM0004626,HORD001484,PRD0808,2,601.58,1203.16
HITM0004627,HORD001484,PRD0747,2,1353.66,2707.32
HITM0004628,HORD001484,PRD0386,1,167.3,167.3
HITM0011420,HORD003637,PRD0479,3,1360.38,4081.14
HITM0011421,HORD003637,PRD0786,2,142.49,284.98
HITM0011422,HORD003637,PRD0687,2,200.01,400.02
HITM0011423,HORD003637,PRD0722,1,1783.98,1783.98
HITM0011424,HORD003637,PRD0522,1,1754.68,1754.68
HITM0012798,HORD004079,PRD0298,1,275.37,275.37
HITM0012799,HORD004079,PRD0316,2,816.98,1633.96
HITM0012800,HORD004079,PRD0486,1,706.44,706.44
HITM0001014,HORD000329,PRD0603,1,557.9,557.9
HITM0001015,HORD000329,PRD0976,1,196.82,196.82
HITM0001016,HORD000329,PRD0606,1,74.13,74.13
HITM0010682,HORD003401,PRD0068,1,316.68,316.68
HITM0010683,HORD003401,PRD0788,1,699.94,699.94
HITM0015185,HORD004830,PRD0630,1,227.99,227.99
HITM0015186,HORD004830,PRD0579,3,1322.97,3968.91
HITM0015187,HORD004830,PRD0844,2,3468.14,6936.28
HITM0015188,HORD004830,PRD0421,1,1234.35,1234.35
HITM0005409,HORD001727,PRD0153,1,638.8,638.8
HITM0005410,HORD001727,PRD0606,2,74.13,148.26
HITM0005411,HORD001727,PRD0646,1,498.38,498.38
HITM0001300,HORD000419,PRD0499,1,1328.97,1328.97
HITM0001301,HORD000419,PRD0080,2,60.33,120.66
HITM0001302,HORD000419,PRD0098,1,560.95,560.95
HITM0001303,HORD000419,PRD0698,1,68.9,68.9
HITM0001304,HORD000419,PRD0922,1,1800.32,1800.32
HITM0007096,HORD002265,PRD0848,1,289.88,289.88
HITM0007097,HORD002265,PRD0928,3,426.54,1279.62
HITM0007098,HORD002265,PRD0351,1,1461.95,1461.95
HITM0007099,HORD002265,PRD0049,1,740.34,740.34
HITM0013496,HORD004296,PRD0442,1,1758.97,1758.97
HITM0013497,HORD004296,PRD0956,2,584.64,1169.28
HITM0006314,HORD002018,PRD0508,1,513.6,513.6
HITM0006315,HORD002018,PRD0816,1,125.37,125.37
HITM0001924,HORD000624,PRD0453,3,481.9,1445.7
HITM0000621,HORD000203,PRD0166,2,822.52,1645.04
HITM0000622,HORD000203,PRD0734,1,1722.21,1722.21
HITM0000623,HORD000203,PRD0291,1,2310.69,2310.69
HITM0000624,HORD000203,PRD0350,1,142.11,142.11
HITM0000746,HORD000241,PRD0300,1,158.44,158.44
HITM0000747,HORD000241,PRD0126,1,464.05,464.05
HITM0000748,HORD000241,PRD0467,1,2512.22,2512.22
HITM0001455,HORD000469,PRD0623,1,442.62,442.62
HITM0001456,HORD000469,PRD0840,2,164.29,328.58
HITM0003815,HORD001230,PRD0298,1,275.37,275.37
HITM0003816,HORD001230,PRD0323,1,1220.6,1220.6
HITM0006571,HORD002098,PRD0346,2,470.11,940.22
HITM0006572,HORD002098,PRD0303,1,1407.52,1407.52
HITM0006573,HORD002098,PRD0933,1,1071.81,1071.81
HITM0009300,HORD002953,PRD0436,2,180.16,360.32
HITM0009301,HORD002953,PRD0393,1,310.3,310.3
HITM0009302,HORD002953,PRD0453,1,481.9,481.9
HITM0009303,HORD002953,PRD0284,1,600.42,600.42
HITM0010333,HORD003286,PRD0584,1,2508.46,2508.46
HITM0010334,HORD003286,PRD0463,1,1250.22,1250.22
HITM0009200,HORD002923,PRD0787,1,189.07,189.07
HITM0009201,HORD002923,PRD0355,1,714.36,714.36
HITM0009202,HORD002923,PRD0165,2,567.68,1135.36
HITM0012408,HORD003963,PRD0385,1,812.79,812.79
HITM0012409,HORD003963,PRD0912,1,1645.17,1645.17
HITM0004800,HORD001540,PRD0492,1,1105.9,1105.9
HITM0004801,HORD001540,PRD0344,1,1481.0,1481.0
HITM0004802,HORD001540,PRD0755,1,802.94,802.94
HITM0004803,HORD001540,PRD0638,2,331.17,662.34
HITM0004234,HORD001360,PRD0481,1,3068.96,3068.96
HITM0004235,HORD001360,PRD0384,1,2575.32,2575.32
HITM0004236,HORD001360,PRD0487,1,322.51,322.51
HITM0004237,HORD001360,PRD0446,1,168.08,168.08
HITM0000792,HORD000256,PRD0649,1,1282.36,1282.36
HITM0000793,HORD000256,PRD0760,2,36.27,72.54
HITM0000794,HORD000256,PRD0440,1,413.05,413.05
HITM0013798,HORD004389,PRD0233,1,1369.87,1369.87
HITM0013799,HORD004389,PRD0735,2,952.04,1904.08
HITM0013800,HORD004389,PRD0052,1,1015.78,1015.78
HITM0013801,HORD004389,PRD0435,2,306.84,613.68
HITM0013802,HORD004389,PRD0468,1,254.35,254.35
HITM0005406,HORD001726,PRD0898,1,642.43,642.43
HITM0005407,HORD001726,PRD0650,2,129.9,259.8
HITM0005408,HORD001726,PRD0347,2,1228.43,2456.86
HITM0008859,HORD002815,PRD0545,1,1080.38,1080.38
HITM0008860,HORD002815,PRD0491,1,2132.04,2132.04
HITM0008861,HORD002815,PRD0808,1,601.58,601.58
HITM0008862,HORD002815,PRD0305,1,387.39,387.39
HITM0006142,HORD001964,PRD0248,1,1065.71,1065.71
HITM0006143,HORD001964,PRD0650,3,129.9,389.7
HITM0011960,HORD003812,PRD0254,1,2250.67,2250.67
HITM0011961,HORD003812,PRD0307,1,2209.06,2209.06
HITM0011962,HORD003812,PRD0705,1,1096.7,1096.7
HITM0011963,HORD003812,PRD0202,1,1891.9,1891.9
HITM0015623,HORD004978,PRD0107,1,1601.0,1601.0
HITM0010880,HORD003464,PRD0495,1,752.39,752.39
HITM0010881,HORD003464,PRD0772,1,306.42,306.42
HITM0010882,HORD003464,PRD0108,2,323.48,646.96
HITM0010883,HORD003464,PRD0644,2,2655.53,5311.06
HITM0000570,HORD000187,PRD0334,1,1182.39,1182.39
HITM0000571,HORD000187,PRD0002,1,455.28,455.28
HITM0009550,HORD003035,PRD0826,1,796.98,796.98
HITM0009551,HORD003035,PRD0961,1,2282.29,2282.29
HITM0009552,HORD003035,PRD0746,1,804.31,804.31
HITM0009553,HORD003035,PRD0146,3,510.27,1530.81
HITM0009554,HORD003035,PRD0810,1,336.77,336.77
HITM0003315,HORD001069,PRD0557,1,114.56,114.56
HITM0003316,HORD001069,PRD0206,1,433.31,433.31
HITM0003317,HORD001069,PRD0571,1,3063.56,3063.56
HITM0003318,HORD001069,PRD0529,3,952.92,2858.76
HITM0008470,HORD002693,PRD0659,2,725.61,1451.22
HITM0008471,HORD002693,PRD0485,2,283.51,567.02
HITM0008472,HORD002693,PRD0150,1,189.45,189.45
HITM0008473,HORD002693,PRD0036,1,355.76,355.76
HITM0014993,HORD004768,PRD0894,1,2406.75,2406.75
HITM0014994,HORD004768,PRD0821,1,1163.73,1163.73
HITM0014995,HORD004768,PRD0256,1,694.57,694.57
HITM0007045,HORD002250,PRD0391,1,1640.32,1640.32
HITM0007046,HORD002250,PRD0896,1,452.47,452.47
HITM0007047,HORD002250,PRD0356,1,365.08,365.08
HITM0007883,HORD002506,PRD0409,1,200.48,200.48
HITM0007884,HORD002506,PRD0225,2,255.65,511.3
HITM0007885,HORD002506,PRD0431,1,1892.24,1892.24
HITM0014134,HORD004495,PRD0724,2,2202.99,4405.98
HITM0005701,HORD001824,PRD0612,1,385.34,385.34
HITM0005702,HORD001824,PRD0458,1,242.85,242.85
HITM0005703,HORD001824,PRD0060,1,170.83,170.83
HITM0000319,HORD000106,PRD0930,1,62.22,62.22
HITM0007170,HORD002286,PRD0168,1,341.32,341.32
HITM0007171,HORD002286,PRD0182,2,331.32,662.64
HITM0007172,HORD002286,PRD0806,1,210.08,210.08
HITM0014857,HORD004726,PRD0112,1,387.62,387.62
HITM0014858,HORD004726,PRD0938,1,327.05,327.05
HITM0014724,HORD004682,PRD0984,2,3872.19,7744.38
HITM0001356,HORD000437,PRD0469,1,552.84,552.84
HITM0001357,HORD000437,PRD0288,1,920.06,920.06
HITM0012939,HORD004121,PRD0596,1,596.4,596.4
HITM0012940,HORD004121,PRD0755,1,802.94,802.94
HITM0012941,HORD004121,PRD0486,1,706.44,706.44
HITM0004918,HORD001575,PRD0653,1,1139.17,1139.17
HITM0004919,HORD001575,PRD0656,2,848.87,1697.74
HITM0004920,HORD001575,PRD0850,3,101.36,304.08
HITM0010724,HORD003413,PRD0224,2,460.12,920.24
HITM0008429,HORD002678,PRD0681,1,1086.83,1086.83
HITM0008430,HORD002678,PRD0799,1,1443.92,1443.92
HITM0015420,HORD004912,PRD0158,2,751.25,1502.5
HITM0015421,HORD004912,PRD0288,1,920.06,920.06
HITM0015422,HORD004912,PRD0552,1,643.85,643.85
HITM0015423,HORD004912,PRD0828,1,745.61,745.61
HITM0001289,HORD000415,PRD0186,2,480.83,961.66
HITM0001290,HORD000415,PRD0174,1,3628.06,3628.06
HITM0001291,HORD000415,PRD0891,1,2117.27,2117.27
HITM0001292,HORD000415,PRD0916,1,256.29,256.29
HITM0003820,HORD001232,PRD0404,1,3000.72,3000.72
HITM0003821,HORD001232,PRD0755,2,802.94,1605.88
HITM0003822,HORD001232,PRD0201,1,3066.38,3066.38
HITM0000345,HORD000117,PRD0730,2,418.77,837.54
HITM0000346,HORD000117,PRD0319,1,1422.45,1422.45
HITM0000347,HORD000117,PRD0390,1,254.28,254.28
HITM0012982,HORD004135,PRD0324,1,3123.09,3123.09
HITM0004716,HORD001513,PRD0417,2,876.48,1752.96
HITM0004717,HORD001513,PRD0723,1,1076.87,1076.87
HITM0004718,HORD001513,PRD0419,1,100.25,100.25
HITM0006450,HORD002063,PRD0822,2,724.35,1448.7
HITM0006451,HORD002063,PRD0460,1,19.84,19.84
HITM0006452,HORD002063,PRD0800,1,334.97,334.97
HITM0006453,HORD002063,PRD0674,1,3768.2,3768.2
HITM0006454,HORD002063,PRD0581,1,1767.18,1767.18
HITM0012363,HORD003948,PRD0010,1,23.5,23.5
HITM0012364,HORD003948,PRD0456,1,690.03,690.03
HITM0012365,HORD003948,PRD0929,2,1112.27,2224.54
HITM0013504,HORD004299,PRD0985,1,1164.32,1164.32
HITM0013505,HORD004299,PRD0979,1,1127.85,1127.85
HITM0013506,HORD004299,PRD0070,1,257.34,257.34
HITM0013507,HORD004299,PRD0122,1,674.12,674.12
HITM0013508,HORD004299,PRD0185,1,1138.66,1138.66
HITM0011082,HORD003532,PRD0729,1,496.66,496.66
HITM0011083,HORD003532,PRD0224,3,460.12,1380.36
HITM0000985,HORD000319,PRD0360,1,387.48,387.48
HITM0000986,HORD000319,PRD0985,1,1164.32,1164.32
HITM0000987,HORD000319,PRD0515,1,987.71,987.71
HITM0000988,HORD000319,PRD0510,1,267.14,267.14
HITM0000627,HORD000206,PRD0812,1,1025.12,1025.12
HITM0000628,HORD000206,PRD0246,2,362.52,725.04
HITM0000629,HORD000206,PRD0567,2,179.96,359.92
HITM0000630,HORD000206,PRD0582,1,622.36,622.36
HITM0003717,HORD001199,PRD0425,1,932.26,932.26
HITM0003718,HORD001199,PRD0422,3,359.3,1077.9
HITM0013653,HORD004346,PRD0518,1,271.63,271.63
HITM0013654,HORD004346,PRD0350,1,142.11,142.11
HITM0013655,HORD004346,PRD0512,1,853.36,853.36
HITM0005987,HORD001914,PRD0228,1,419.86,419.86
HITM0005988,HORD001914,PRD0050,1,191.67,191.67
HITM0005989,HORD001914,PRD0203,1,427.62,427.62
HITM0005990,HORD001914,PRD0916,1,256.29,256.29
HITM0006607,HORD002110,PRD0530,2,14.38,28.76
HITM0006608,HORD002110,PRD0587,2,2586.72,5173.44
HITM0006609,HORD002110,PRD0664,1,3499.77,3499.77
HITM0006610,HORD002110,PRD0929,2,1112.27,2224.54
HITM0009004,HORD002860,PRD0011,1,1900.95,1900.95
HITM0009005,HORD002860,PRD0221,1,2253.19,2253.19
HITM0009006,HORD002860,PRD0834,3,2475.8,7427.4
HITM0010500,HORD003339,PRD0419,1,100.25,100.25
HITM0010501,HORD003339,PRD0872,3,796.81,2390.43
HITM0004256,HORD001367,PRD0995,1,69.16,69.16
HITM0004257,HORD001367,PRD0072,1,1642.51,1642.51
HITM0004258,HORD001367,PRD0770,1,116.43,116.43
HITM0004259,HORD001367,PRD0030,2,405.09,810.18
HITM0004260,HORD001367,PRD0630,1,227.99,227.99
HITM0001606,HORD000519,PRD0771,1,1761.53,1761.53
HITM0001607,HORD000519,PRD0682,2,1711.59,3423.18
HITM0005377,HORD001716,PRD0639,1,1085.06,1085.06
HITM0005378,HORD001716,PRD0505,2,350.13,700.26
HITM0007311,HORD002330,PRD0585,2,855.14,1710.28
HITM0007312,HORD002330,PRD0530,1,14.38,14.38
HITM0007313,HORD002330,PRD0238,1,866.49,866.49
HITM0004611,HORD001479,PRD0726,1,357.63,357.63
HITM0004612,HORD001479,PRD0746,1,804.31,804.31
HITM0004613,HORD001479,PRD0233,1,1369.87,1369.87
HITM0008175,HORD002600,PRD0468,1,254.35,254.35
HITM0008176,HORD002600,PRD0928,1,426.54,426.54
HITM0001407,HORD000453,PRD0247,2,1770.54,3541.08
HITM0001408,HORD000453,PRD0631,1,1231.25,1231.25
HITM0001409,HORD000453,PRD0947,3,1985.26,5955.78
HITM0001410,HORD000453,PRD0736,1,508.97,508.97
HITM0014655,HORD004660,PRD0243,1,567.88,567.88
HITM0014656,HORD004660,PRD0575,1,222.44,222.44
HITM0014657,HORD004660,PRD0899,2,180.25,360.5
HITM0013059,HORD004156,PRD0160,1,361.95,361.95
HITM0010107,HORD003213,PRD0919,1,1308.07,1308.07
HITM0010108,HORD003213,PRD0810,1,336.77,336.77
HITM0000024,HORD000010,PRD0223,1,1020.19,1020.19
HITM0000025,HORD000010,PRD0282,1,1632.77,1632.77
HITM0000026,HORD000010,PRD0313,1,1471.48,1471.48
HITM0002733,HORD000880,PRD0952,1,1618.02,1618.02
HITM0002734,HORD000880,PRD0756,1,177.47,177.47
HITM0002735,HORD000880,PRD0417,1,876.48,876.48
HITM0011225,HORD003577,PRD0602,1,1186.95,1186.95
HITM0011226,HORD003577,PRD0596,1,596.4,596.4
HITM0011227,HORD003577,PRD0087,1,2316.68,2316.68
HITM0011228,HORD003577,PRD0154,1,1129.84,1129.84
HITM0002546,HORD000825,PRD0541,1,1257.3,1257.3
HITM0001892,HORD000615,PRD0111,3,2798.27,8394.81
HITM0001893,HORD000615,PRD0563,2,1356.35,2712.7
HITM0001894,HORD000615,PRD0929,1,1112.27,1112.27
HITM0001895,HORD000615,PRD0529,1,952.92,952.92
HITM0001896,HORD000615,PRD0812,2,1025.12,2050.24
HITM0002547,HORD000826,PRD0352,1,1553.05,1553.05
HITM0002548,HORD000826,PRD0166,2,822.52,1645.04
HITM0002549,HORD000826,PRD0760,1,36.27,36.27
HITM0002550,HORD000826,PRD0341,1,1098.33,1098.33
HITM0006953,HORD002219,PRD0925,1,557.83,557.83
HITM0006954,HORD002219,PRD0429,1,251.33,251.33
HITM0003661,HORD001180,PRD0790,2,356.37,712.74
HITM0003662,HORD001180,PRD0824,1,3668.34,3668.34
HITM0002425,HORD000782,PRD0566,1,150.7,150.7
HITM0005935,HORD001899,PRD0236,1,135.01,135.01
HITM0005936,HORD001899,PRD0486,1,706.44,706.44
HITM0005937,HORD001899,PRD0925,1,557.83,557.83
HITM0009074,HORD002878,PRD0165,2,567.68,1135.36
HITM0009075,HORD002878,PRD0018,1,1099.45,1099.45
HITM0009076,HORD002878,PRD0359,2,196.54,393.08
HITM0009077,HORD002878,PRD0867,1,111.69,111.69
HITM0009078,HORD002878,PRD0399,1,545.36,545.36
HITM0003856,HORD001243,PRD0697,1,590.16,590.16
HITM0003857,HORD001243,PRD0647,2,2133.15,4266.3
HITM0003858,HORD001243,PRD0191,1,1103.43,1103.43
HITM0003859,HORD001243,PRD0047,2,64.28,128.56
HITM0003860,HORD001243,PRD0595,1,108.82,108.82
HITM0012721,HORD004057,PRD0209,1,164.63,164.63
HITM0012722,HORD004057,PRD0377,2,726.19,1452.38
HITM0012723,HORD004057,PRD0435,2,306.84,613.68
HITM0012724,HORD004057,PRD0932,1,447.1,447.1
HITM0008667,HORD002753,PRD0456,1,690.03,690.03
HITM0008668,HORD002753,PRD0453,1,481.9,481.9
HITM0008669,HORD002753,PRD0445,2,830.34,1660.68
HITM0008670,HORD002753,PRD0569,1,870.85,870.85
HITM0004851,HORD001554,PRD0654,1,864.76,864.76
HITM0004852,HORD001554,PRD0042,1,1480.28,1480.28
HITM0011621,HORD003701,PRD0787,1,189.07,189.07
HITM0011622,HORD003701,PRD0373,2,1277.27,2554.54
HITM0011234,HORD003579,PRD0273,1,469.96,469.96
HITM0007331,HORD002337,PRD0118,1,148.01,148.01
HITM0007332,HORD002337,PRD0806,1,210.08,210.08
HITM0007333,HORD002337,PRD0365,1,489.23,489.23
HITM0000320,HORD000107,PRD0566,2,150.7,301.4
HITM0002866,HORD000922,PRD0606,2,74.13,148.26
HITM0002867,HORD000922,PRD0693,1,748.42,748.42
HITM0002868,HORD000922,PRD0430,1,397.28,397.28
HITM0002869,HORD000922,PRD0475,1,559.21,559.21
HITM0001794,HORD000584,PRD0529,1,952.92,952.92
HITM0001795,HORD000584,PRD0075,1,155.15,155.15
HITM0001796,HORD000584,PRD0651,1,1043.5,1043.5
HITM0001797,HORD000584,PRD0296,1,440.13,440.13
HITM0010890,HORD003467,PRD0666,1,115.16,115.16
HITM0010891,HORD003467,PRD0994,1,1481.14,1481.14
HITM0010892,HORD003467,PRD0160,2,361.95,723.9
HITM0010946,HORD003484,PRD0986,1,605.03,605.03
HITM0010947,HORD003484,PRD0379,1,989.35,989.35
HITM0010948,HORD003484,PRD0783,1,478.3,478.3
HITM0013740,HORD004371,PRD0638,2,331.17,662.34
HITM0013741,HORD004371,PRD0417,2,876.48,1752.96
HITM0013742,HORD004371,PRD0857,2,160.36,320.72
HITM0001520,HORD000491,PRD0505,2,350.13,700.26
HITM0001521,HORD000491,PRD0315,3,74.41,223.23
HITM0013363,HORD004251,PRD0271,1,1523.72,1523.72
HITM0013364,HORD004251,PRD0787,1,189.07,189.07
HITM0013365,HORD004251,PRD0920,1,53.18,53.18
HITM0013366,HORD004251,PRD0865,1,851.18,851.18
HITM0013367,HORD004251,PRD0760,1,36.27,36.27
HITM0007842,HORD002493,PRD0953,1,536.06,536.06
HITM0007843,HORD002493,PRD0737,1,420.63,420.63
HITM0007844,HORD002493,PRD0996,1,455.11,455.11
HITM0007845,HORD002493,PRD0672,2,1690.15,3380.3
HITM0007846,HORD002493,PRD0540,1,16.38,16.38
HITM0009167,HORD002910,PRD0129,1,349.4,349.4
HITM0009168,HORD002910,PRD0808,2,601.58,1203.16
HITM0009169,HORD002910,PRD0899,2,180.25,360.5
HITM0009876,HORD003138,PRD0760,1,36.27,36.27
HITM0009877,HORD003138,PRD0886,1,59.21,59.21
HITM0005480,HORD001753,PRD0182,1,331.32,331.32
HITM0005481,HORD001753,PRD0523,1,911.73,911.73
HITM0005482,HORD001753,PRD0313,1,1471.48,1471.48
HITM0006616,HORD002113,PRD0239,2,271.25,542.5
HITM0006617,HORD002113,PRD0895,1,830.36,830.36
HITM0006618,HORD002113,PRD0789,1,416.43,416.43
HITM0009015,HORD002863,PRD0538,1,1028.4,1028.4
HITM0009016,HORD002863,PRD0033,2,822.86,1645.72
HITM0009017,HORD002863,PRD0574,1,2952.04,2952.04
HITM0009018,HORD002863,PRD0835,1,705.82,705.82
HITM0009019,HORD002863,PRD0997,1,602.38,602.38
HITM0000616,HORD000202,PRD0499,1,1328.97,1328.97
HITM0000617,HORD000202,PRD0456,1,690.03,690.03
HITM0000618,HORD000202,PRD0369,1,429.26,429.26
HITM0000619,HORD000202,PRD0683,1,704.09,704.09
HITM0000620,HORD000202,PRD0758,1,165.39,165.39
HITM0012643,HORD004035,PRD0758,3,165.39,496.17
HITM0012644,HORD004035,PRD0653,2,1139.17,2278.34
HITM0013325,HORD004239,PRD0991,2,1841.41,3682.82
HITM0013326,HORD004239,PRD0889,1,478.58,478.58
HITM0013327,HORD004239,PRD0936,1,477.26,477.26
HITM0006231,HORD001992,PRD0370,1,206.12,206.12
HITM0006232,HORD001992,PRD0242,1,600.25,600.25
HITM0006233,HORD001992,PRD0954,1,1508.35,1508.35
HITM0004499,HORD001443,PRD0190,2,248.59,497.18
HITM0004500,HORD001443,PRD0920,1,53.18,53.18
HITM0004501,HORD001443,PRD0463,2,1250.22,2500.44
HITM0004983,HORD001596,PRD0346,1,470.11,470.11
HITM0004984,HORD001596,PRD0223,1,1020.19,1020.19
HITM0004985,HORD001596,PRD0507,2,954.32,1908.64
HITM0004986,HORD001596,PRD0686,1,529.65,529.65
HITM0004987,HORD001596,PRD0752,1,1670.56,1670.56
HITM0002764,HORD000891,PRD0345,1,1050.02,1050.02
HITM0002765,HORD000891,PRD0226,1,202.49,202.49
HITM0002766,HORD000891,PRD0618,1,578.42,578.42
HITM0002767,HORD000891,PRD0002,1,455.28,455.28
HITM0012471,HORD003981,PRD0708,3,1076.81,3230.43
HITM0012472,HORD003981,PRD0889,1,478.58,478.58
HITM0012473,HORD003981,PRD0009,1,301.36,301.36
HITM0012474,HORD003981,PRD0613,1,774.1,774.1
HITM0012475,HORD003981,PRD0855,1,552.31,552.31
HITM0015277,HORD004860,PRD0143,2,1276.25,2552.5
HITM0015278,HORD004860,PRD0618,1,578.42,578.42
HITM0015279,HORD004860,PRD0161,1,3173.56,3173.56
HITM0001758,HORD000571,PRD0836,1,70.78,70.78
HITM0001759,HORD000571,PRD0679,2,864.47,1728.94
HITM0009659,HORD003069,PRD0260,1,100.02,100.02
HITM0009660,HORD003069,PRD0422,1,359.3,359.3
HITM0009661,HORD003069,PRD0099,1,1406.39,1406.39
HITM0009662,HORD003069,PRD0457,1,514.55,514.55
HITM0009663,HORD003069,PRD0034,2,780.7,1561.4
HITM0000351,HORD000119,PRD0067,1,374.02,374.02
HITM0015639,HORD004985,PRD0149,1,119.35,119.35
HITM0015640,HORD004985,PRD0312,1,523.23,523.23
HITM0015641,HORD004985,PRD0262,1,1028.17,1028.17
HITM0015205,HORD004837,PRD0098,1,560.95,560.95
HITM0015206,HORD004837,PRD0867,1,111.69,111.69
HITM0015207,HORD004837,PRD0223,1,1020.19,1020.19
HITM0000246,HORD000083,PRD0141,1,995.53,995.53
HITM0000247,HORD000083,PRD0377,2,726.19,1452.38
HITM0000248,HORD000083,PRD0222,1,1721.64,1721.64
HITM0001779,HORD000579,PRD0682,3,1711.59,5134.77
HITM0001780,HORD000579,PRD0575,3,222.44,667.32
HITM0001781,HORD000579,PRD0642,1,1517.82,1517.82
HITM0001782,HORD000579,PRD0328,1,634.48,634.48
HITM0012228,HORD003903,PRD0523,1,911.73,911.73
HITM0012229,HORD003903,PRD0276,2,337.93,675.86
HITM0012230,HORD003903,PRD0907,1,130.49,130.49
HITM0012231,HORD003903,PRD0039,1,150.51,150.51
HITM0007149,HORD002279,PRD0647,1,2133.15,2133.15
HITM0007150,HORD002279,PRD0337,1,842.79,842.79
HITM0007151,HORD002279,PRD0813,1,326.38,326.38
HITM0011846,HORD003772,PRD0020,1,47.5,47.5
HITM0011847,HORD003772,PRD0003,2,472.24,944.48
HITM0011848,HORD003772,PRD0446,1,168.08,168.08
HITM0008954,HORD002845,PRD0236,1,135.01,135.01
HITM0008955,HORD002845,PRD0874,2,2293.13,4586.26
HITM0008956,HORD002845,PRD0778,1,921.48,921.48
HITM0008957,HORD002845,PRD0805,1,1196.95,1196.95
HITM0008958,HORD002845,PRD0858,1,179.07,179.07
HITM0012035,HORD003838,PRD0942,1,1694.84,1694.84
HITM0012036,HORD003838,PRD0583,1,1198.86,1198.86
HITM0012037,HORD003838,PRD0808,1,601.58,601.58
HITM0012038,HORD003838,PRD0102,1,581.67,581.67
HITM0014555,HORD004631,PRD0045,1,180.47,180.47
HITM0014556,HORD004631,PRD0020,1,47.5,47.5
HITM0014557,HORD004631,PRD0858,1,179.07,179.07
HITM0014558,HORD004631,PRD0620,2,133.24,266.48
HITM0014667,HORD004664,PRD0486,1,706.44,706.44
HITM0014668,HORD004664,PRD0371,1,2628.93,2628.93
HITM0014669,HORD004664,PRD0544,2,1611.97,3223.94
HITM0007408,HORD002361,PRD0319,3,1422.45,4267.35
HITM0002193,HORD000709,PRD0555,1,159.32,159.32
HITM0003009,HORD000966,PRD0400,3,249.11,747.33
HITM0003010,HORD000966,PRD0798,2,999.78,1999.56
HITM0003011,HORD000966,PRD0010,1,23.5,23.5
HITM0012257,HORD003912,PRD0250,2,376.98,753.96
HITM0012258,HORD003912,PRD0191,2,1103.43,2206.86
HITM0012259,HORD003912,PRD0736,2,508.97,1017.94
HITM0012598,HORD004018,PRD0992,1,1431.3,1431.3
HITM0012599,HORD004018,PRD0871,3,1164.43,3493.29
HITM0002596,HORD000840,PRD0065,1,1196.5,1196.5
HITM0002597,HORD000840,PRD0317,2,1797.93,3595.86
HITM0002598,HORD000840,PRD0382,2,1213.23,2426.46
HITM0002599,HORD000840,PRD0011,1,1900.95,1900.95
HITM0002501,HORD000813,PRD0047,1,64.28,64.28
HITM0002502,HORD000813,PRD0693,2,748.42,1496.84
HITM0002503,HORD000813,PRD0139,1,877.46,877.46
HITM0002504,HORD000813,PRD0261,1,2576.1,2576.1
HITM0002505,HORD000813,PRD0320,1,154.64,154.64
HITM0013681,HORD004354,PRD0515,2,987.71,1975.42
HITM0013682,HORD004354,PRD0595,2,108.82,217.64
HITM0013683,HORD004354,PRD0047,1,64.28,64.28
HITM0001473,HORD000475,PRD0952,1,1618.02,1618.02
HITM0001474,HORD000475,PRD0825,2,363.11,726.22
HITM0014188,HORD004514,PRD0857,1,160.36,160.36
HITM0014189,HORD004514,PRD0421,3,1234.35,3703.05
HITM0014190,HORD004514,PRD0816,2,125.37,250.74
HITM0012340,HORD003941,PRD0665,1,304.74,304.74
HITM0012341,HORD003941,PRD0990,1,114.18,114.18
HITM0012342,HORD003941,PRD0645,1,262.13,262.13
HITM0012343,HORD003941,PRD0021,2,1347.38,2694.76
HITM0012344,HORD003941,PRD0309,2,332.31,664.62
HITM0012073,HORD003851,PRD0353,1,1077.75,1077.75
HITM0012074,HORD003851,PRD0427,1,241.58,241.58
HITM0012075,HORD003851,PRD0910,1,53.54,53.54
HITM0012076,HORD003851,PRD0176,1,653.3,653.3
HITM0012529,HORD003998,PRD0697,1,590.16,590.16
HITM0012530,HORD003998,PRD0698,1,68.9,68.9
HITM0012531,HORD003998,PRD0478,1,966.98,966.98
HITM0014505,HORD004616,PRD0178,1,131.81,131.81
HITM0014506,HORD004616,PRD0543,1,336.97,336.97
HITM0014507,HORD004616,PRD0748,1,432.14,432.14
HITM0006104,HORD001952,PRD0656,1,848.87,848.87
HITM0006105,HORD001952,PRD0760,1,36.27,36.27
HITM0006106,HORD001952,PRD0608,1,918.08,918.08
HITM0001128,HORD000365,PRD0090,1,99.88,99.88
HITM0001129,HORD000365,PRD0554,1,1054.0,1054.0
HITM0001130,HORD000365,PRD0905,3,958.12,2874.36
HITM0001131,HORD000365,PRD0577,1,1656.23,1656.23
HITM0006753,HORD002155,PRD0518,1,271.63,271.63
HITM0006754,HORD002155,PRD0450,1,212.69,212.69
HITM0006755,HORD002155,PRD0232,1,358.39,358.39
HITM0006756,HORD002155,PRD0126,1,464.05,464.05
HITM0011700,HORD003727,PRD0310,2,351.06,702.12
HITM0011701,HORD003727,PRD0812,1,1025.12,1025.12
HITM0011702,HORD003727,PRD0178,1,131.81,131.81
HITM0011703,HORD003727,PRD0297,1,1360.98,1360.98
HITM0003060,HORD000981,PRD0296,1,440.13,440.13
HITM0003061,HORD000981,PRD0525,1,1134.69,1134.69
HITM0002781,HORD000897,PRD0314,3,1247.26,3741.78
HITM0002782,HORD000897,PRD0088,1,466.29,466.29
HITM0002783,HORD000897,PRD0385,1,812.79,812.79
HITM0002784,HORD000897,PRD0059,1,602.47,602.47
HITM0003770,HORD001215,PRD0920,1,53.18,53.18
HITM0010151,HORD003229,PRD0170,1,90.68,90.68
HITM0010152,HORD003229,PRD0406,1,482.25,482.25
HITM0010153,HORD003229,PRD0840,2,164.29,328.58
HITM0006409,HORD002049,PRD0043,1,1338.85,1338.85
HITM0006410,HORD002049,PRD0652,1,1300.01,1300.01
HITM0001392,HORD000448,PRD0494,1,2097.54,2097.54
HITM0001393,HORD000448,PRD0880,1,291.86,291.86
HITM0001394,HORD000448,PRD0606,1,74.13,74.13
HITM0001395,HORD000448,PRD0873,1,665.62,665.62
HITM0011530,HORD003673,PRD0165,3,567.68,1703.04
HITM0011531,HORD003673,PRD0288,1,920.06,920.06
HITM0010534,HORD003351,PRD0277,1,1153.48,1153.48
HITM0010535,HORD003351,PRD0552,1,643.85,643.85
HITM0010536,HORD003351,PRD0259,1,409.08,409.08
HITM0012718,HORD004056,PRD0816,2,125.37,250.74
HITM0012719,HORD004056,PRD0481,1,3068.96,3068.96
HITM0012720,HORD004056,PRD0473,1,1300.2,1300.2
HITM0001481,HORD000478,PRD0125,1,1104.8,1104.8
HITM0001482,HORD000478,PRD0090,2,99.88,199.76
HITM0008974,HORD002851,PRD0032,1,1124.96,1124.96
HITM0008975,HORD002851,PRD0275,1,687.49,687.49
HITM0008976,HORD002851,PRD0961,2,2282.29,4564.58
HITM0000693,HORD000225,PRD0454,1,1083.26,1083.26
HITM0011218,HORD003574,PRD0002,2,455.28,910.56
HITM0003260,HORD001048,PRD0499,2,1328.97,2657.94
HITM0003261,HORD001048,PRD0929,2,1112.27,2224.54
HITM0003262,HORD001048,PRD0467,1,2512.22,2512.22
HITM0001909,HORD000619,PRD0390,1,254.28,254.28
HITM0001910,HORD000619,PRD0563,1,1356.35,1356.35
HITM0001911,HORD000619,PRD0398,1,809.04,809.04
HITM0001912,HORD000619,PRD0716,1,300.2,300.2
HITM0004298,HORD001381,PRD0331,1,1570.55,1570.55
HITM0004299,HORD001381,PRD0700,2,241.67,483.34
HITM0004300,HORD001381,PRD0102,2,581.67,1163.34
HITM0004014,HORD001291,PRD0532,1,1457.77,1457.77
HITM0004015,HORD001291,PRD0887,1,1400.8,1400.8
HITM0006511,HORD002081,PRD0341,1,1098.33,1098.33
HITM0006512,HORD002081,PRD0773,1,1495.61,1495.61
HITM0007967,HORD002531,PRD0831,1,1542.33,1542.33
HITM0014635,HORD004655,PRD0774,1,2233.58,2233.58
HITM0014636,HORD004655,PRD0036,2,355.76,711.52
HITM0014637,HORD004655,PRD0301,1,1938.69,1938.69
HITM0014638,HORD004655,PRD0058,2,243.69,487.38
HITM0006487,HORD002074,PRD0936,1,477.26,477.26
HITM0006488,HORD002074,PRD0328,1,634.48,634.48
HITM0006489,HORD002074,PRD0007,1,1605.29,1605.29
HITM0002682,HORD000864,PRD0472,1,1677.61,1677.61
HITM0002683,HORD000864,PRD0134,1,3514.77,3514.77
HITM0002684,HORD000864,PRD0498,1,201.0,201.0
HITM0002685,HORD000864,PRD0030,1,405.09,405.09
HITM0002686,HORD000864,PRD0616,1,311.42,311.42
HITM0014962,HORD004759,PRD0036,1,355.76,355.76
HITM0014963,HORD004759,PRD0235,1,158.61,158.61
HITM0013992,HORD004450,PRD0318,1,115.57,115.57
HITM0013993,HORD004450,PRD0895,1,830.36,830.36
HITM0013994,HORD004450,PRD0151,2,2367.77,4735.54
HITM0013995,HORD004450,PRD0742,3,338.72,1016.16
HITM0013996,HORD004450,PRD0295,1,979.25,979.25
HITM0011678,HORD003721,PRD0447,1,1044.91,1044.91
HITM0011679,HORD003721,PRD0691,1,2417.17,2417.17
HITM0010721,HORD003412,PRD0605,1,969.96,969.96
HITM0010722,HORD003412,PRD0075,1,155.15,155.15
HITM0010723,HORD003412,PRD0210,1,408.84,408.84
HITM0008973,HORD002850,PRD0171,1,1970.35,1970.35
HITM0011563,HORD003682,PRD0245,1,645.34,645.34
HITM0011564,HORD003682,PRD0185,1,1138.66,1138.66
HITM0011565,HORD003682,PRD0095,2,699.82,1399.64
HITM0011566,HORD003682,PRD0608,1,918.08,918.08
HITM0011567,HORD003682,PRD0494,2,2097.54,4195.08
HITM0001523,HORD000493,PRD0973,2,703.36,1406.72
HITM0001524,HORD000493,PRD0840,1,164.29,164.29
HITM0001525,HORD000493,PRD0823,1,1291.29,1291.29
HITM0001526,HORD000493,PRD0777,1,2576.34,2576.34
HITM0001527,HORD000493,PRD0336,3,761.65,2284.95
HITM0011268,HORD003590,PRD0488,2,281.31,562.62
HITM0011269,HORD003590,PRD0375,2,495.35,990.7
HITM0011270,HORD003590,PRD0857,1,160.36,160.36
HITM0011271,HORD003590,PRD0873,1,665.62,665.62
HITM0011272,HORD003590,PRD0445,1,830.34,830.34
HITM0000484,HORD000163,PRD0190,3,248.59,745.77
HITM0000485,HORD000163,PRD0700,1,241.67,241.67
HITM0000486,HORD000163,PRD0930,1,62.22,62.22
HITM0000487,HORD000163,PRD0010,1,23.5,23.5
HITM0000488,HORD000163,PRD0284,1,600.42,600.42
HITM0004357,HORD001399,PRD0190,1,248.59,248.59
HITM0004358,HORD001399,PRD0996,1,455.11,455.11
HITM0004359,HORD001399,PRD0600,2,62.84,125.68
HITM0004360,HORD001399,PRD0630,1,227.99,227.99
HITM0004361,HORD001399,PRD0418,1,584.01,584.01
HITM0011520,HORD003670,PRD0760,1,36.27,36.27
HITM0011521,HORD003670,PRD0818,2,1004.26,2008.52
HITM0011522,HORD003670,PRD0681,1,1086.83,1086.83
HITM0013590,HORD004327,PRD0661,1,1196.27,1196.27
HITM0013591,HORD004327,PRD0864,2,3828.18,7656.36
HITM0013592,HORD004327,PRD0136,2,249.62,499.24
HITM0013593,HORD004327,PRD0238,1,866.49,866.49
HITM0010620,HORD003380,PRD0828,1,745.61,745.61
HITM0010621,HORD003380,PRD0163,2,1426.46,2852.92
HITM0011045,HORD003519,PRD0686,2,529.65,1059.3
HITM0015126,HORD004811,PRD0588,1,277.14,277.14
HITM0015127,HORD004811,PRD0393,1,310.3,310.3
HITM0015128,HORD004811,PRD0661,2,1196.27,2392.54
HITM0007749,HORD002463,PRD0345,1,1050.02,1050.02
HITM0007750,HORD002463,PRD0300,1,158.44,158.44
HITM0007751,HORD002463,PRD0474,1,1816.04,1816.04
HITM0007381,HORD002353,PRD0658,1,353.59,353.59
HITM0007382,HORD002353,PRD0380,2,318.45,636.9
HITM0007383,HORD002353,PRD0478,1,966.98,966.98
HITM0013929,HORD004427,PRD0269,3,1258.42,3775.26
HITM0013930,HORD004427,PRD0108,2,323.48,646.96
HITM0013931,HORD004427,PRD0600,1,62.84,62.84
HITM0013932,HORD004427,PRD0550,1,112.99,112.99
HITM0012520,HORD003995,PRD0334,1,1182.39,1182.39
HITM0012521,HORD003995,PRD0735,1,952.04,952.04
HITM0012522,HORD003995,PRD0612,1,385.34,385.34
HITM0005116,HORD001638,PRD0600,1,62.84,62.84
HITM0005117,HORD001638,PRD0138,1,727.03,727.03
HITM0005118,HORD001638,PRD0833,2,1377.34,2754.68
HITM0005119,HORD001638,PRD0272,1,1161.16,1161.16
HITM0012562,HORD004008,PRD0840,1,164.29,164.29
HITM0012563,HORD004008,PRD0778,1,921.48,921.48
HITM0012564,HORD004008,PRD0928,2,426.54,853.08
HITM0014526,HORD004623,PRD0794,1,1445.08,1445.08
HITM0014527,HORD004623,PRD0278,1,509.34,509.34
HITM0014528,HORD004623,PRD0333,1,454.01,454.01
HITM0014529,HORD004623,PRD0998,2,178.25,356.5
HITM0015342,HORD004883,PRD0730,1,418.77,418.77
HITM0015343,HORD004883,PRD0638,1,331.17,331.17
HITM0015344,HORD004883,PRD0176,1,653.3,653.3
HITM0013033,HORD004149,PRD0430,1,397.28,397.28
HITM0013034,HORD004149,PRD0128,1,155.79,155.79
HITM0013035,HORD004149,PRD0066,1,291.03,291.03
HITM0000833,HORD000271,PRD0781,1,1039.29,1039.29
HITM0000834,HORD000271,PRD0299,1,1391.83,1391.83
HITM0000835,HORD000271,PRD0050,1,191.67,191.67
HITM0000836,HORD000271,PRD0886,2,59.21,118.42
HITM0010240,HORD003256,PRD0609,1,1032.51,1032.51
HITM0010241,HORD003256,PRD0548,1,952.05,952.05
HITM0010242,HORD003256,PRD0590,1,54.96,54.96
HITM0010243,HORD003256,PRD0364,3,4084.62,12253.86
HITM0013311,HORD004233,PRD0672,1,1690.15,1690.15
HITM0013312,HORD004233,PRD0194,1,2883.61,2883.61
HITM0013313,HORD004233,PRD0605,1,969.96,969.96
HITM0007693,HORD002448,PRD0704,2,2975.95,5951.9
HITM0007694,HORD002448,PRD0058,1,243.69,243.69
HITM0005152,HORD001648,PRD0892,1,1067.89,1067.89
HITM0005153,HORD001648,PRD0128,1,155.79,155.79
HITM0013321,HORD004238,PRD0263,1,1205.78,1205.78
HITM0013322,HORD004238,PRD0402,2,400.07,800.14
HITM0013323,HORD004238,PRD0798,1,999.78,999.78
HITM0013324,HORD004238,PRD0436,2,180.16,360.32
HITM0002187,HORD000707,PRD0976,1,196.82,196.82
HITM0002188,HORD000707,PRD0672,1,1690.15,1690.15
HITM0002189,HORD000707,PRD0393,1,310.3,310.3
HITM0006602,HORD002109,PRD0706,1,493.43,493.43
HITM0006603,HORD002109,PRD0256,1,694.57,694.57
HITM0006604,HORD002109,PRD0543,1,336.97,336.97
HITM0006605,HORD002109,PRD0291,1,2310.69,2310.69
HITM0006606,HORD002109,PRD0552,2,643.85,1287.7
HITM0002212,HORD000714,PRD0894,2,2406.75,4813.5
HITM0002213,HORD000714,PRD0825,1,363.11,363.11
HITM0002214,HORD000714,PRD0634,2,1093.47,2186.94
HITM0003654,HORD001178,PRD0681,1,1086.83,1086.83
HITM0003655,HORD001178,PRD0411,1,1693.96,1693.96
HITM0003656,HORD001178,PRD0245,1,645.34,645.34
HITM0003657,HORD001178,PRD0674,1,3768.2,3768.2
HITM0002932,HORD000943,PRD0959,1,1028.98,1028.98
HITM0002933,HORD000943,PRD0715,1,401.49,401.49
HITM0002934,HORD000943,PRD0290,1,154.65,154.65
HITM0004668,HORD001497,PRD0687,1,200.01,200.01
HITM0004669,HORD001497,PRD0712,1,331.7,331.7
HITM0014595,HORD004643,PRD0109,1,429.51,429.51
HITM0014596,HORD004643,PRD0058,1,243.69,243.69
HITM0011341,HORD003612,PRD0105,3,325.21,975.63
HITM0011342,HORD003612,PRD0947,1,1985.26,1985.26
HITM0011343,HORD003612,PRD0879,1,287.13,287.13
HITM0002582,HORD000836,PRD0084,1,3804.86,3804.86
HITM0002583,HORD000836,PRD0955,2,891.93,1783.86
HITM0002584,HORD000836,PRD0255,1,699.0,699.0
HITM0002585,HORD000836,PRD0375,1,495.35,495.35
HITM0002586,HORD000836,PRD0230,1,72.62,72.62
HITM0007283,HORD002320,PRD0230,1,72.62,72.62
HITM0007284,HORD002320,PRD0772,1,306.42,306.42
HITM0007285,HORD002320,PRD0645,1,262.13,262.13
HITM0014650,HORD004659,PRD0854,1,2878.03,2878.03
HITM0014651,HORD004659,PRD0050,1,191.67,191.67
HITM0014652,HORD004659,PRD0017,2,1979.17,3958.34
HITM0014653,HORD004659,PRD0606,2,74.13,148.26
HITM0014654,HORD004659,PRD0937,2,1780.49,3560.98
HITM0000455,HORD000154,PRD0213,1,351.6,351.6
HITM0000456,HORD000154,PRD0469,1,552.84,552.84
HITM0000457,HORD000154,PRD0805,1,1196.95,1196.95
HITM0006531,HORD002087,PRD0015,1,238.76,238.76
HITM0006532,HORD002087,PRD0645,1,262.13,262.13
HITM0006533,HORD002087,PRD0870,1,297.44,297.44
HITM0010473,HORD003331,PRD0334,1,1182.39,1182.39
HITM0010474,HORD003331,PRD0831,3,1542.33,4626.99
HITM0010475,HORD003331,PRD0220,1,201.85,201.85
HITM0005029,HORD001610,PRD0969,2,1212.01,2424.02
HITM0005030,HORD001610,PRD0975,1,87.41,87.41
HITM0005031,HORD001610,PRD0930,1,62.22,62.22
HITM0005032,HORD001610,PRD0032,1,1124.96,1124.96
HITM0005033,HORD001610,PRD0214,2,753.54,1507.08
HITM0008723,HORD002769,PRD0235,2,158.61,317.22
HITM0008724,HORD002769,PRD0897,1,1058.2,1058.2
HITM0008725,HORD002769,PRD0702,1,1184.94,1184.94
HITM0012925,HORD004116,PRD0770,1,116.43,116.43
HITM0012926,HORD004116,PRD0416,2,749.76,1499.52
HITM0012927,HORD004116,PRD0746,1,804.31,804.31
HITM0012928,HORD004116,PRD0752,1,1670.56,1670.56
HITM0013916,HORD004422,PRD0070,1,257.34,257.34
HITM0013917,HORD004422,PRD0534,1,781.55,781.55
HITM0013918,HORD004422,PRD0952,1,1618.02,1618.02
HITM0013919,HORD004422,PRD0409,1,200.48,200.48
HITM0006773,HORD002161,PRD0922,1,1800.32,1800.32
HITM0006377,HORD002038,PRD0371,1,2628.93,2628.93
HITM0006378,HORD002038,PRD0460,1,19.84,19.84
HITM0006379,HORD002038,PRD0220,1,201.85,201.85
HITM0006380,HORD002038,PRD0844,1,3468.14,3468.14
HITM0001536,HORD000496,PRD0179,1,1481.8,1481.8
HITM0001537,HORD000496,PRD0086,1,669.12,669.12
HITM0005003,HORD001601,PRD0718,1,287.05,287.05
HITM0005004,HORD001601,PRD0095,1,699.82,699.82
HITM0005005,HORD001601,PRD0529,1,952.92,952.92
HITM0005006,HORD001601,PRD0034,3,780.7,2342.1
HITM0013908,HORD004420,PRD0128,2,155.79,311.58
HITM0013909,HORD004420,PRD0561,2,1381.26,2762.52
HITM0013910,HORD004420,PRD0243,1,567.88,567.88
HITM0002850,HORD000917,PRD0820,3,109.62,328.86
HITM0002851,HORD000917,PRD0362,3,1208.57,3625.71
HITM0002852,HORD000917,PRD0850,2,101.36,202.72
HITM0004519,HORD001449,PRD0867,1,111.69,111.69
HITM0004520,HORD001449,PRD0556,2,365.44,730.88
HITM0011671,HORD003719,PRD0112,1,387.62,387.62
HITM0011672,HORD003719,PRD0125,2,1104.8,2209.6
HITM0011673,HORD003719,PRD0388,1,652.95,652.95
HITM0011674,HORD003719,PRD0248,1,1065.71,1065.71
HITM0011675,HORD003719,PRD0282,2,1632.77,3265.54
HITM0015609,HORD004973,PRD0877,1,507.09,507.09
HITM0015610,HORD004973,PRD0140,1,224.98,224.98
HITM0015611,HORD004973,PRD0821,1,1163.73,1163.73
HITM0015612,HORD004973,PRD0996,1,455.11,455.11
HITM0004623,HORD001483,PRD0640,2,215.9,431.8
HITM0004624,HORD001483,PRD0760,1,36.27,36.27
HITM0004625,HORD001483,PRD0368,1,919.95,919.95
HITM0005478,HORD001752,PRD0744,1,4074.4,4074.4
HITM0005479,HORD001752,PRD0822,2,724.35,1448.7
HITM0013990,HORD004449,PRD0479,1,1360.38,1360.38
HITM0013991,HORD004449,PRD0090,1,99.88,99.88
HITM0000156,HORD000054,PRD0110,1,113.31,113.31
HITM0000157,HORD000054,PRD0286,1,725.81,725.81
HITM0000158,HORD000054,PRD0581,1,1767.18,1767.18
HITM0006144,HORD001965,PRD0774,1,2233.58,2233.58
HITM0006145,HORD001965,PRD0618,1,578.42,578.42
HITM0006146,HORD001965,PRD0437,1,2045.28,2045.28
HITM0006147,HORD001965,PRD0298,3,275.37,826.11
HITM0001813,HORD000589,PRD0606,3,74.13,222.39
HITM0001814,HORD000589,PRD0260,1,100.02,100.02
HITM0011440,HORD003643,PRD0401,1,1079.31,1079.31
HITM0002169,HORD000699,PRD0875,2,243.6,487.2
HITM0008935,HORD002840,PRD0009,1,301.36,301.36
HITM0008936,HORD002840,PRD0990,1,114.18,114.18
HITM0008937,HORD002840,PRD0075,1,155.15,155.15
HITM0008938,HORD002840,PRD0669,1,271.59,271.59
HITM0008939,HORD002840,PRD0720,2,216.18,432.36
HITM0004278,HORD001374,PRD0047,1,64.28,64.28
HITM0004279,HORD001374,PRD0532,2,1457.77,2915.54
HITM0007107,HORD002268,PRD0042,3,1480.28,4440.84
HITM0007108,HORD002268,PRD0542,1,1879.25,1879.25
HITM0007109,HORD002268,PRD0651,1,1043.5,1043.5
HITM0007110,HORD002268,PRD0622,1,780.23,780.23
HITM0000360,HORD000123,PRD0506,1,551.69,551.69
HITM0000361,HORD000123,PRD0264,1,3567.97,3567.97
HITM0000362,HORD000123,PRD0293,1,1383.27,1383.27
HITM0000363,HORD000123,PRD0687,2,200.01,400.02
HITM0006994,HORD002234,PRD0756,1,177.47,177.47
HITM0006995,HORD002234,PRD0933,1,1071.81,1071.81
HITM0006996,HORD002234,PRD0739,1,1069.28,1069.28
HITM0000331,HORD000111,PRD0640,1,215.9,215.9
HITM0002173,HORD000701,PRD0699,1,373.99,373.99
HITM0007364,HORD002348,PRD0186,2,480.83,961.66
HITM0007365,HORD002348,PRD0310,1,351.06,351.06
HITM0007366,HORD002348,PRD0075,2,155.15,310.3
HITM0014764,HORD004696,PRD0500,1,408.62,408.62
HITM0014765,HORD004696,PRD0969,1,1212.01,1212.01
HITM0014766,HORD004696,PRD0814,1,404.73,404.73
HITM0012785,HORD004076,PRD0036,1,355.76,355.76
HITM0012786,HORD004076,PRD0806,1,210.08,210.08
HITM0012787,HORD004076,PRD0479,2,1360.38,2720.76
HITM0012788,HORD004076,PRD0546,1,227.79,227.79
HITM0012789,HORD004076,PRD0401,1,1079.31,1079.31
HITM0000129,HORD000045,PRD0270,1,154.55,154.55
HITM0004774,HORD001532,PRD0644,2,2655.53,5311.06
HITM0004775,HORD001532,PRD0726,1,357.63,357.63
HITM0015309,HORD004872,PRD0358,1,761.53,761.53
HITM0015310,HORD004872,PRD0818,1,1004.26,1004.26
HITM0015311,HORD004872,PRD0761,1,2263.02,2263.02
HITM0008532,HORD002712,PRD0117,2,1297.02,2594.04
HITM0008533,HORD002712,PRD0877,1,507.09,507.09
HITM0008534,HORD002712,PRD0658,1,353.59,353.59
HITM0015337,HORD004882,PRD0169,2,1130.0,2260.0
HITM0015338,HORD004882,PRD0715,2,401.49,802.98
HITM0015339,HORD004882,PRD0910,1,53.54,53.54
HITM0015340,HORD004882,PRD0353,1,1077.75,1077.75
HITM0015341,HORD004882,PRD0299,1,1391.83,1391.83
HITM0014778,HORD004700,PRD0910,2,53.54,107.08
HITM0014779,HORD004700,PRD0660,1,137.13,137.13
HITM0004789,HORD001537,PRD0953,2,536.06,1072.12
HITM0004790,HORD001537,PRD0436,3,180.16,540.48
HITM0004791,HORD001537,PRD0660,1,137.13,137.13
HITM0004792,HORD001537,PRD0134,1,3514.77,3514.77
HITM0004435,HORD001422,PRD0112,1,387.62,387.62
HITM0004436,HORD001422,PRD0273,1,469.96,469.96
HITM0004437,HORD001422,PRD0566,2,150.7,301.4
HITM0012161,HORD003882,PRD0178,1,131.81,131.81
HITM0012162,HORD003882,PRD0479,1,1360.38,1360.38
HITM0012163,HORD003882,PRD0956,1,584.64,584.64
HITM0012164,HORD003882,PRD0664,1,3499.77,3499.77
HITM0012165,HORD003882,PRD0696,1,223.84,223.84
HITM0005615,HORD001797,PRD0875,1,243.6,243.6
HITM0005616,HORD001797,PRD0902,2,307.82,615.64
HITM0013457,HORD004282,PRD0724,1,2202.99,2202.99
HITM0013458,HORD004282,PRD0846,2,671.93,1343.86
HITM0013459,HORD004282,PRD0155,1,171.72,171.72
HITM0013460,HORD004282,PRD0196,2,206.29,412.58
HITM0013461,HORD004282,PRD0203,1,427.62,427.62
HITM0014105,HORD004485,PRD0075,1,155.15,155.15
HITM0014106,HORD004485,PRD0690,2,115.07,230.14
HITM0014107,HORD004485,PRD0782,1,483.91,483.91
HITM0009206,HORD002925,PRD0846,2,671.93,1343.86
HITM0009207,HORD002925,PRD0703,1,529.32,529.32
HITM0009208,HORD002925,PRD0042,2,1480.28,2960.56
HITM0009209,HORD002925,PRD0910,2,53.54,107.08
HITM0009210,HORD002925,PRD0247,1,1770.54,1770.54
HITM0007135,HORD002275,PRD0337,1,842.79,842.79
HITM0007136,HORD002275,PRD0060,1,170.83,170.83
HITM0002029,HORD000656,PRD0673,1,373.06,373.06
HITM0002030,HORD000656,PRD0633,1,804.04,804.04
HITM0002031,HORD000656,PRD0162,1,318.31,318.31
HITM0002032,HORD000656,PRD0807,1,1660.47,1660.47
HITM0002033,HORD000656,PRD0328,1,634.48,634.48
HITM0007940,HORD002523,PRD0655,1,1032.43,1032.43
HITM0007941,HORD002523,PRD0047,1,64.28,64.28
HITM0007942,HORD002523,PRD0572,1,1338.04,1338.04
HITM0008129,HORD002586,PRD0643,1,1502.77,1502.77
HITM0008130,HORD002586,PRD0787,1,189.07,189.07
HITM0011536,HORD003675,PRD0270,1,154.55,154.55
HITM0011537,HORD003675,PRD0351,2,1461.95,2923.9
HITM0011538,HORD003675,PRD0446,1,168.08,168.08
HITM0011539,HORD003675,PRD0410,1,401.28,401.28
HITM0011540,HORD003675,PRD0727,2,842.09,1684.18
HITM0009126,HORD002897,PRD0615,1,159.68,159.68
HITM0009127,HORD002897,PRD0076,1,705.93,705.93
HITM0009498,HORD003017,PRD0769,1,982.55,982.55
HITM0009499,HORD003017,PRD0067,1,374.02,374.02
HITM0009500,HORD003017,PRD0273,2,469.96,939.92
HITM0014126,HORD004492,PRD0681,2,1086.83,2173.66
HITM0014127,HORD004492,PRD0429,1,251.33,251.33
HITM0014128,HORD004492,PRD0142,1,1724.25,1724.25
HITM0009188,HORD002918,PRD0007,1,1605.29,1605.29
HITM0009189,HORD002918,PRD0860,2,113.03,226.06
HITM0009190,HORD002918,PRD0170,1,90.68,90.68
HITM0011010,HORD003508,PRD0200,1,148.27,148.27
HITM0011011,HORD003508,PRD0069,1,402.1,402.1
HITM0011012,HORD003508,PRD0235,2,158.61,317.22
HITM0005984,HORD001913,PRD0067,1,374.02,374.02
HITM0005985,HORD001913,PRD0519,2,154.53,309.06
HITM0005986,HORD001913,PRD0353,1,1077.75,1077.75
HITM0014257,HORD004537,PRD0502,1,1590.33,1590.33
HITM0014258,HORD004537,PRD0981,1,2201.61,2201.61
HITM0014259,HORD004537,PRD0375,1,495.35,495.35
HITM0014260,HORD004537,PRD0379,1,989.35,989.35
HITM0002290,HORD000740,PRD0176,1,653.3,653.3
HITM0002291,HORD000740,PRD0411,1,1693.96,1693.96
HITM0002292,HORD000740,PRD0810,1,336.77,336.77
HITM0014209,HORD004521,PRD0995,1,69.16,69.16
HITM0014210,HORD004521,PRD0973,3,703.36,2110.08
HITM0014211,HORD004521,PRD0923,3,1251.17,3753.51
HITM0012602,HORD004020,PRD0761,1,2263.02,2263.02
HITM0012603,HORD004020,PRD0786,1,142.49,142.49
HITM0012604,HORD004020,PRD0155,1,171.72,171.72
HITM0012605,HORD004020,PRD0557,2,114.56,229.12
HITM0012606,HORD004020,PRD0820,1,109.62,109.62
HITM0006198,HORD001983,PRD0191,1,1103.43,1103.43
HITM0006199,HORD001983,PRD0153,1,638.8,638.8
HITM0006200,HORD001983,PRD0819,1,191.18,191.18
HITM0006201,HORD001983,PRD0636,3,421.78,1265.34
HITM0000241,HORD000082,PRD0803,1,1082.24,1082.24
HITM0000242,HORD000082,PRD0656,1,848.87,848.87
HITM0000243,HORD000082,PRD0367,1,1143.76,1143.76
HITM0000244,HORD000082,PRD0582,1,622.36,622.36
HITM0000245,HORD000082,PRD0055,1,706.09,706.09
HITM0011532,HORD003674,PRD0190,3,248.59,745.77
HITM0011533,HORD003674,PRD0270,1,154.55,154.55
HITM0011534,HORD003674,PRD0138,1,727.03,727.03
HITM0011535,HORD003674,PRD0374,1,772.23,772.23
HITM0015038,HORD004783,PRD0573,2,1409.7,2819.4
HITM0015039,HORD004783,PRD0266,1,189.02,189.02
HITM0015040,HORD004783,PRD0845,1,323.81,323.81
HITM0009817,HORD003119,PRD0790,1,356.37,356.37
HITM0009818,HORD003119,PRD0155,1,171.72,171.72
HITM0009819,HORD003119,PRD0473,2,1300.2,2600.4
HITM0010728,HORD003415,PRD0986,1,605.03,605.03
HITM0010729,HORD003415,PRD0251,1,1852.67,1852.67
HITM0005744,HORD001839,PRD0736,1,508.97,508.97
HITM0005745,HORD001839,PRD0873,1,665.62,665.62
HITM0005746,HORD001839,PRD0240,1,371.29,371.29
HITM0005747,HORD001839,PRD0448,2,1025.21,2050.42
HITM0015411,HORD004909,PRD0020,1,47.5,47.5
HITM0015412,HORD004909,PRD0955,3,891.93,2675.79
HITM0015413,HORD004909,PRD0847,2,1533.33,3066.66
HITM0008959,HORD002846,PRD0655,1,1032.43,1032.43
HITM0008960,HORD002846,PRD0403,2,1021.92,2043.84
HITM0007514,HORD002394,PRD0842,1,1758.47,1758.47
HITM0007515,HORD002394,PRD0479,1,1360.38,1360.38
HITM0008695,HORD002761,PRD0279,1,1450.59,1450.59
HITM0008696,HORD002761,PRD0445,2,830.34,1660.68
HITM0008697,HORD002761,PRD0131,1,1311.04,1311.04
HITM0005827,HORD001865,PRD0403,1,1021.92,1021.92
HITM0005828,HORD001865,PRD0016,2,594.47,1188.94
HITM0005829,HORD001865,PRD0920,3,53.18,159.54
HITM0005830,HORD001865,PRD0446,1,168.08,168.08
HITM0008307,HORD002638,PRD0864,3,3828.18,11484.54
HITM0008308,HORD002638,PRD0771,2,1761.53,3523.06
HITM0008309,HORD002638,PRD0499,2,1328.97,2657.94
HITM0008310,HORD002638,PRD0290,1,154.65,154.65
HITM0008311,HORD002638,PRD0229,1,813.08,813.08
HITM0005412,HORD001728,PRD0472,2,1677.61,3355.22
HITM0005413,HORD001728,PRD0248,1,1065.71,1065.71
HITM0005414,HORD001728,PRD0803,1,1082.24,1082.24
HITM0005639,HORD001803,PRD0110,1,113.31,113.31
HITM0005640,HORD001803,PRD0649,1,1282.36,1282.36
HITM0005641,HORD001803,PRD0015,1,238.76,238.76
HITM0005132,HORD001643,PRD0086,2,669.12,1338.24
HITM0005133,HORD001643,PRD0047,2,64.28,128.56
HITM0005134,HORD001643,PRD0589,1,671.85,671.85
HITM0005135,HORD001643,PRD0017,1,1979.17,1979.17
HITM0005136,HORD001643,PRD0524,1,2636.76,2636.76
HITM0006174,HORD001975,PRD0516,2,339.27,678.54
HITM0006175,HORD001975,PRD0795,1,841.05,841.05
HITM0006176,HORD001975,PRD0646,2,498.38,996.76
HITM0006177,HORD001975,PRD0283,1,1338.12,1338.12
HITM0006569,HORD002097,PRD0389,1,562.64,562.64
HITM0006570,HORD002097,PRD0747,2,1353.66,2707.32
HITM0004588,HORD001470,PRD0975,1,87.41,87.41
HITM0004589,HORD001470,PRD0540,1,16.38,16.38
HITM0004590,HORD001470,PRD0453,2,481.9,963.8
HITM0015681,HORD004999,PRD0181,1,2668.69,2668.69
HITM0015682,HORD004999,PRD0815,1,261.87,261.87
HITM0008899,HORD002827,PRD0903,1,980.26,980.26
HITM0008900,HORD002827,PRD0105,3,325.21,975.63
HITM0008901,HORD002827,PRD0060,1,170.83,170.83
HITM0002954,HORD000949,PRD0820,1,109.62,109.62
HITM0002955,HORD000949,PRD0447,1,1044.91,1044.91
HITM0002956,HORD000949,PRD0133,3,1145.34,3436.02
HITM0002957,HORD000949,PRD0263,1,1205.78,1205.78
HITM0002958,HORD000949,PRD0912,2,1645.17,3290.34
HITM0013893,HORD004415,PRD0318,1,115.57,115.57
HITM0013894,HORD004415,PRD0712,1,331.7,331.7
HITM0013895,HORD004415,PRD0112,1,387.62,387.62
HITM0013896,HORD004415,PRD0098,1,560.95,560.95
HITM0000265,HORD000088,PRD0025,1,644.26,644.26
HITM0000266,HORD000088,PRD0712,1,331.7,331.7
HITM0000267,HORD000088,PRD0959,2,1028.98,2057.96
HITM0000117,HORD000040,PRD0995,1,69.16,69.16
HITM0000118,HORD000040,PRD0325,1,161.7,161.7
HITM0000119,HORD000040,PRD0328,2,634.48,1268.96
HITM0005644,HORD001805,PRD0259,1,409.08,409.08
HITM0005645,HORD001805,PRD0838,2,858.89,1717.78
HITM0005646,HORD001805,PRD0356,1,365.08,365.08
HITM0005647,HORD001805,PRD0334,1,1182.39,1182.39
HITM0015026,HORD004779,PRD0170,1,90.68,90.68
HITM0015027,HORD004779,PRD0578,1,625.32,625.32
HITM0013981,HORD004445,PRD0495,1,752.39,752.39
HITM0013982,HORD004445,PRD0828,2,745.61,1491.22
HITM0013983,HORD004445,PRD0695,3,663.83,1991.49
HITM0000132,HORD000047,PRD0334,1,1182.39,1182.39
HITM0000133,HORD000047,PRD0770,1,116.43,116.43
HITM0000134,HORD000047,PRD0453,2,481.9,963.8
HITM0000135,HORD000047,PRD0162,1,318.31,318.31
HITM0000136,HORD000047,PRD0509,2,246.73,493.46
HITM0002483,HORD000805,PRD0667,2,2144.83,4289.66
HITM0002484,HORD000805,PRD0200,2,148.27,296.54
HITM0001873,HORD000610,PRD0421,1,1234.35,1234.35
HITM0001874,HORD000610,PRD0510,1,267.14,267.14
HITM0001875,HORD000610,PRD0038,2,769.34,1538.68
HITM0001876,HORD000610,PRD0408,1,402.17,402.17
HITM0005694,HORD001821,PRD0050,1,191.67,191.67
HITM0005695,HORD001821,PRD0243,1,567.88,567.88
HITM0013610,HORD004334,PRD0383,2,584.39,1168.78
HITM0013611,HORD004334,PRD0530,1,14.38,14.38
HITM0013612,HORD004334,PRD0309,1,332.31,332.31
HITM0013613,HORD004334,PRD0910,2,53.54,107.08
HITM0008431,HORD002679,PRD0726,1,357.63,357.63
HITM0008432,HORD002679,PRD0299,1,1391.83,1391.83
HITM0008433,HORD002679,PRD0765,1,915.52,915.52
HITM0013975,HORD004443,PRD0749,1,1278.37,1278.37
HITM0013976,HORD004443,PRD0606,2,74.13,148.26
HITM0013977,HORD004443,PRD0230,1,72.62,72.62
HITM0010730,HORD003416,PRD0968,1,1098.76,1098.76
HITM0010731,HORD003416,PRD0075,2,155.15,310.3
HITM0010732,HORD003416,PRD0409,1,200.48,200.48
HITM0010733,HORD003416,PRD0141,1,995.53,995.53
HITM0010734,HORD003416,PRD0859,1,1242.69,1242.69
HITM0002537,HORD000823,PRD0837,1,2447.06,2447.06
HITM0002538,HORD000823,PRD0672,1,1690.15,1690.15
HITM0002539,HORD000823,PRD0600,2,62.84,125.68
HITM0002540,HORD000823,PRD0697,1,590.16,590.16
HITM0002541,HORD000823,PRD0831,2,1542.33,3084.66
HITM0000996,HORD000323,PRD0668,2,1025.81,2051.62
HITM0000997,HORD000323,PRD0526,2,208.36,416.72
HITM0000998,HORD000323,PRD0555,1,159.32,159.32
HITM0000999,HORD000323,PRD0524,2,2636.76,5273.52
HITM0001000,HORD000323,PRD0807,1,1660.47,1660.47
HITM0009650,HORD003064,PRD0017,1,1979.17,1979.17
HITM0009651,HORD003064,PRD0543,1,336.97,336.97
HITM0009652,HORD003064,PRD0076,2,705.93,1411.86
HITM0014873,HORD004732,PRD0571,1,3063.56,3063.56
HITM0014874,HORD004732,PRD0107,2,1601.0,3202.0
HITM0014875,HORD004732,PRD0229,1,813.08,813.08
HITM0003115,HORD000998,PRD0557,1,114.56,114.56
HITM0003116,HORD000998,PRD0798,1,999.78,999.78
HITM0003117,HORD000998,PRD0115,1,855.33,855.33
HITM0014145,HORD004500,PRD0708,1,1076.81,1076.81
HITM0014146,HORD004500,PRD0956,1,584.64,584.64
HITM0014147,HORD004500,PRD0444,2,1415.02,2830.04
HITM0014544,HORD004627,PRD0869,1,1367.62,1367.62
HITM0014545,HORD004627,PRD0785,1,86.54,86.54
HITM0014546,HORD004627,PRD0030,1,405.09,405.09
HITM0014547,HORD004627,PRD0609,1,1032.51,1032.51
HITM0001153,HORD000373,PRD0459,1,1343.7,1343.7
HITM0001154,HORD000373,PRD0419,1,100.25,100.25
HITM0001155,HORD000373,PRD0396,1,385.11,385.11
HITM0012410,HORD003964,PRD0348,1,643.07,643.07
HITM0012411,HORD003964,PRD0678,2,566.98,1133.96
HITM0009571,HORD003040,PRD0893,1,1076.78,1076.78
HITM0009572,HORD003040,PRD0476,1,787.22,787.22
HITM0009573,HORD003040,PRD0785,3,86.54,259.62
HITM0010789,HORD003435,PRD0293,2,1383.27,2766.54
HITM0010790,HORD003435,PRD0535,1,536.13,536.13
HITM0010791,HORD003435,PRD0328,1,634.48,634.48
HITM0004936,HORD001581,PRD0279,1,1450.59,1450.59
HITM0004937,HORD001581,PRD0593,1,356.64,356.64
HITM0004938,HORD001581,PRD0744,1,4074.4,4074.4
HITM0007853,HORD002496,PRD0712,1,331.7,331.7
HITM0007854,HORD002496,PRD0778,1,921.48,921.48
HITM0007855,HORD002496,PRD0480,1,303.23,303.23
HITM0005235,HORD001675,PRD0495,1,752.39,752.39
HITM0005236,HORD001675,PRD0930,2,62.22,124.44
HITM0005237,HORD001675,PRD0809,1,699.91,699.91
HITM0005238,HORD001675,PRD0302,1,1259.27,1259.27
HITM0005346,HORD001706,PRD0296,1,440.13,440.13
HITM0005347,HORD001706,PRD0320,1,154.64,154.64
HITM0005348,HORD001706,PRD0097,3,2083.5,6250.5
HITM0002480,HORD000804,PRD0650,1,129.9,129.9
HITM0002481,HORD000804,PRD0740,1,366.0,366.0
HITM0002482,HORD000804,PRD0103,1,421.42,421.42
HITM0001283,HORD000412,PRD0920,2,53.18,106.36
HITM0009871,HORD003137,PRD0573,1,1409.7,1409.7
HITM0009872,HORD003137,PRD0918,1,781.2,781.2
HITM0009873,HORD003137,PRD0576,1,261.6,261.6
HITM0009874,HORD003137,PRD0212,1,1821.52,1821.52
HITM0009875,HORD003137,PRD0402,1,400.07,400.07
HITM0007697,HORD002450,PRD0700,1,241.67,241.67
HITM0007698,HORD002450,PRD0136,1,249.62,249.62
HITM0007699,HORD002450,PRD0841,1,2479.75,2479.75
HITM0007700,HORD002450,PRD0090,1,99.88,99.88
HITM0006539,HORD002089,PRD0847,1,1533.33,1533.33
HITM0006540,HORD002089,PRD0317,1,1797.93,1797.93
HITM0006541,HORD002089,PRD0413,1,420.29,420.29
HITM0006542,HORD002089,PRD0289,2,1441.37,2882.74
HITM0002736,HORD000881,PRD0051,2,2305.52,4611.04
HITM0002737,HORD000881,PRD0137,1,1155.19,1155.19
HITM0002738,HORD000881,PRD0460,1,19.84,19.84
HITM0003846,HORD001241,PRD0472,1,1677.61,1677.61
HITM0003847,HORD001241,PRD0720,1,216.18,216.18
HITM0003848,HORD001241,PRD0456,1,690.03,690.03
HITM0003849,HORD001241,PRD0125,1,1104.8,1104.8
HITM0003850,HORD001241,PRD0277,1,1153.48,1153.48
HITM0006782,HORD002165,PRD0209,1,164.63,164.63
HITM0006783,HORD002165,PRD0653,1,1139.17,1139.17
HITM0015325,HORD004878,PRD0144,1,2170.55,2170.55
HITM0015326,HORD004878,PRD0321,1,1131.25,1131.25
HITM0015327,HORD004878,PRD0871,2,1164.43,2328.86
HITM0014834,HORD004719,PRD0178,1,131.81,131.81
HITM0014835,HORD004719,PRD0148,1,1047.53,1047.53
HITM0014836,HORD004719,PRD0607,1,113.06,113.06
HITM0013442,HORD004275,PRD0423,2,684.99,1369.98
HITM0013443,HORD004275,PRD0616,2,311.42,622.84
HITM0013444,HORD004275,PRD0085,1,238.64,238.64
HITM0012083,HORD003854,PRD0938,2,327.05,654.1
HITM0012084,HORD003854,PRD0966,1,819.73,819.73
HITM0008434,HORD002680,PRD0533,2,789.09,1578.18
HITM0008435,HORD002680,PRD0170,1,90.68,90.68
HITM0008436,HORD002680,PRD0828,1,745.61,745.61
HITM0000448,HORD000152,PRD0670,2,387.96,775.92
HITM0000449,HORD000152,PRD0036,2,355.76,711.52
HITM0000450,HORD000152,PRD0855,1,552.31,552.31
HITM0000451,HORD000152,PRD0793,1,454.0,454.0
HITM0013813,HORD004393,PRD0772,1,306.42,306.42
HITM0013814,HORD004393,PRD0851,3,2462.55,7387.65
HITM0013815,HORD004393,PRD0236,1,135.01,135.01
HITM0013816,HORD004393,PRD0144,1,2170.55,2170.55
HITM0004861,HORD001557,PRD0100,1,400.25,400.25
HITM0004862,HORD001557,PRD0134,1,3514.77,3514.77
HITM0004863,HORD001557,PRD0771,1,1761.53,1761.53
HITM0004280,HORD001375,PRD0266,2,189.02,378.04
HITM0004281,HORD001375,PRD0995,2,69.16,138.32
HITM0013435,HORD004273,PRD0381,1,2181.63,2181.63
HITM0013436,HORD004273,PRD0626,1,521.1,521.1
HITM0013437,HORD004273,PRD0735,2,952.04,1904.08
HITM0013438,HORD004273,PRD0913,1,1306.73,1306.73
HITM0013439,HORD004273,PRD0110,3,113.31,339.93
HITM0011959,HORD003811,PRD0119,1,1161.39,1161.39
HITM0014028,HORD004462,PRD0215,1,580.92,580.92
HITM0011637,HORD003707,PRD0049,1,740.34,740.34
HITM0011638,HORD003707,PRD0486,1,706.44,706.44
HITM0011639,HORD003707,PRD0263,1,1205.78,1205.78
HITM0011640,HORD003707,PRD0047,1,64.28,64.28
HITM0013997,HORD004451,PRD0643,2,1502.77,3005.54
HITM0013998,HORD004451,PRD0477,1,1380.73,1380.73
HITM0013999,HORD004451,PRD0331,1,1570.55,1570.55
HITM0009117,HORD002894,PRD0584,1,2508.46,2508.46
HITM0009118,HORD002894,PRD0307,2,2209.06,4418.12
HITM0009119,HORD002894,PRD0272,1,1161.16,1161.16
HITM0000130,HORD000046,PRD0298,1,275.37,275.37
HITM0000131,HORD000046,PRD0759,1,1399.01,1399.01
HITM0000214,HORD000074,PRD0805,1,1196.95,1196.95
HITM0000215,HORD000074,PRD0274,1,1538.07,1538.07
HITM0000216,HORD000074,PRD0169,1,1130.0,1130.0
HITM0010167,HORD003235,PRD0836,1,70.78,70.78
HITM0010168,HORD003235,PRD0021,1,1347.38,1347.38
HITM0010169,HORD003235,PRD0490,2,289.49,578.98
HITM0014591,HORD004642,PRD0410,1,401.28,401.28
HITM0014592,HORD004642,PRD0415,1,111.92,111.92
HITM0014593,HORD004642,PRD0375,1,495.35,495.35
HITM0014594,HORD004642,PRD0955,1,891.93,891.93
HITM0011488,HORD003659,PRD0010,1,23.5,23.5
HITM0011489,HORD003659,PRD0094,2,3733.59,7467.18
HITM0010973,HORD003494,PRD0688,1,409.87,409.87
HITM0010974,HORD003494,PRD0886,1,59.21,59.21
HITM0006776,HORD002163,PRD0240,1,371.29,371.29
HITM0006777,HORD002163,PRD0850,1,101.36,101.36
HITM0003218,HORD001033,PRD0047,1,64.28,64.28
HITM0003219,HORD001033,PRD0870,1,297.44,297.44
HITM0012728,HORD004059,PRD0823,1,1291.29,1291.29
HITM0012729,HORD004059,PRD0490,1,289.49,289.49
HITM0012730,HORD004059,PRD0140,1,224.98,224.98
HITM0001026,HORD000333,PRD0512,1,853.36,853.36
HITM0006153,HORD001968,PRD0656,1,848.87,848.87
HITM0006154,HORD001968,PRD0965,1,536.69,536.69
HITM0006155,HORD001968,PRD0451,1,2985.26,2985.26
HITM0010517,HORD003345,PRD0341,3,1098.33,3294.99
HITM0010518,HORD003345,PRD0535,2,536.13,1072.26
HITM0010519,HORD003345,PRD0211,1,901.64,901.64
HITM0010520,HORD003345,PRD0377,1,726.19,726.19
HITM0006441,HORD002060,PRD0597,1,2470.13,2470.13
HITM0006442,HORD002060,PRD0919,1,1308.07,1308.07
HITM0006443,HORD002060,PRD0246,2,362.52,725.04
HITM0006444,HORD002060,PRD0923,1,1251.17,1251.17
HITM0005592,HORD001791,PRD0885,1,1136.58,1136.58
HITM0005593,HORD001791,PRD0505,1,350.13,350.13
HITM0005594,HORD001791,PRD0537,2,1904.34,3808.68
HITM0005595,HORD001791,PRD0678,2,566.98,1133.96
HITM0005596,HORD001791,PRD0286,2,725.81,1451.62
HITM0007132,HORD002274,PRD0117,1,1297.02,1297.02
HITM0007133,HORD002274,PRD0757,2,1540.4,3080.8
HITM0007134,HORD002274,PRD0091,2,2264.24,4528.48
HITM0000561,HORD000184,PRD0840,1,164.29,164.29
HITM0000562,HORD000184,PRD0980,1,310.02,310.02
HITM0000563,HORD000184,PRD0918,2,781.2,1562.4
HITM0000564,HORD000184,PRD0899,2,180.25,360.5
HITM0005022,HORD001608,PRD0195,1,715.6,715.6
HITM0005023,HORD001608,PRD0556,2,365.44,730.88
HITM0005024,HORD001608,PRD0492,2,1105.9,2211.8
HITM0004482,HORD001438,PRD0864,1,3828.18,3828.18
HITM0004483,HORD001438,PRD0026,1,760.37,760.37
HITM0004484,HORD001438,PRD0127,1,599.05,599.05
HITM0004485,HORD001438,PRD0569,1,870.85,870.85
HITM0003269,HORD001051,PRD0242,2,600.25,1200.5
HITM0003270,HORD001051,PRD0363,3,924.17,2772.51
HITM0003271,HORD001051,PRD0935,2,1070.56,2141.12
HITM0015150,HORD004819,PRD0567,1,179.96,179.96
HITM0015151,HORD004819,PRD0228,1,419.86,419.86
HITM0015152,HORD004819,PRD0653,1,1139.17,1139.17
HITM0015153,HORD004819,PRD0746,1,804.31,804.31
HITM0001573,HORD000509,PRD0753,1,377.42,377.42
HITM0001574,HORD000509,PRD0439,1,74.96,74.96
HITM0001575,HORD000509,PRD0475,1,559.21,559.21
HITM0001576,HORD000509,PRD0012,1,426.8,426.8
HITM0015122,HORD004810,PRD0047,3,64.28,192.84
HITM0015123,HORD004810,PRD0962,2,482.88,965.76
HITM0015124,HORD004810,PRD0639,1,1085.06,1085.06
HITM0015125,HORD004810,PRD0614,1,2957.76,2957.76
HITM0009547,HORD003034,PRD0140,1,224.98,224.98
HITM0009548,HORD003034,PRD0860,1,113.03,113.03
HITM0009549,HORD003034,PRD0712,2,331.7,663.4
HITM0006766,HORD002159,PRD0509,1,246.73,246.73
HITM0006767,HORD002159,PRD0469,1,552.84,552.84
HITM0006768,HORD002159,PRD0359,1,196.54,196.54
HITM0006769,HORD002159,PRD0548,1,952.05,952.05
HITM0004550,HORD001459,PRD0243,1,567.88,567.88
HITM0004551,HORD001459,PRD0680,1,228.54,228.54
HITM0004552,HORD001459,PRD0609,1,1032.51,1032.51
HITM0004553,HORD001459,PRD0592,1,301.86,301.86
HITM0009894,HORD003144,PRD0482,1,1837.18,1837.18
HITM0009895,HORD003144,PRD0309,1,332.31,332.31
HITM0009896,HORD003144,PRD0580,2,109.85,219.7
HITM0009897,HORD003144,PRD0090,2,99.88,199.76
HITM0013578,HORD004323,PRD0576,1,261.6,261.6
HITM0010893,HORD003468,PRD0458,1,242.85,242.85
HITM0010894,HORD003468,PRD0990,2,114.18,228.36
HITM0010895,HORD003468,PRD0876,1,228.97,228.97
HITM0010019,HORD003184,PRD0335,1,1165.89,1165.89
HITM0010020,HORD003184,PRD0875,2,243.6,487.2
HITM0010021,HORD003184,PRD0839,1,835.25,835.25
HITM0010022,HORD003184,PRD0254,3,2250.67,6752.01
HITM0015650,HORD004988,PRD0608,2,918.08,1836.16
HITM0015651,HORD004988,PRD0179,1,1481.8,1481.8
HITM0015652,HORD004988,PRD0632,2,372.28,744.56
HITM0015653,HORD004988,PRD0088,1,466.29,466.29
HITM0015654,HORD004988,PRD0992,1,1431.3,1431.3
HITM0014877,HORD004734,PRD0349,1,1342.94,1342.94
HITM0014878,HORD004734,PRD0567,2,179.96,359.92
HITM0014879,HORD004734,PRD0798,1,999.78,999.78
HITM0014880,HORD004734,PRD0377,1,726.19,726.19
HITM0012956,HORD004127,PRD0572,1,1338.04,1338.04
HITM0012957,HORD004127,PRD0432,1,390.19,390.19
HITM0012958,HORD004127,PRD0857,1,160.36,160.36
HITM0012959,HORD004127,PRD0189,1,1162.73,1162.73
HITM0000088,HORD000030,PRD0910,1,53.54,53.54
HITM0006062,HORD001937,PRD0641,1,2509.9,2509.9
HITM0006063,HORD001937,PRD0561,1,1381.26,1381.26
HITM0006064,HORD001937,PRD0603,1,557.9,557.9
HITM0010578,HORD003365,PRD0098,1,560.95,560.95
HITM0010579,HORD003365,PRD0576,1,261.6,261.6
HITM0010580,HORD003365,PRD0426,1,690.03,690.03
HITM0006370,HORD002036,PRD0235,1,158.61,158.61
HITM0006371,HORD002036,PRD0776,3,497.49,1492.47
HITM0006372,HORD002036,PRD0693,1,748.42,748.42
HITM0001121,HORD000363,PRD0017,1,1979.17,1979.17
HITM0001122,HORD000363,PRD0020,2,47.5,95.0
HITM0001123,HORD000363,PRD0660,1,137.13,137.13
HITM0006271,HORD002004,PRD0607,1,113.06,113.06
HITM0006272,HORD002004,PRD0064,1,3541.77,3541.77
HITM0006273,HORD002004,PRD0661,1,1196.27,1196.27
HITM0006274,HORD002004,PRD0140,1,224.98,224.98
HITM0006275,HORD002004,PRD0377,1,726.19,726.19
HITM0009574,HORD003041,PRD0115,1,855.33,855.33
HITM0009575,HORD003041,PRD0121,1,3142.89,3142.89
HITM0009576,HORD003041,PRD0991,1,1841.41,1841.41
HITM0009577,HORD003041,PRD0168,1,341.32,341.32
HITM0009578,HORD003041,PRD0020,1,47.5,47.5
HITM0015221,HORD004843,PRD0260,2,100.02,200.04
HITM0015222,HORD004843,PRD0916,1,256.29,256.29
HITM0015223,HORD004843,PRD0367,2,1143.76,2287.52
HITM0003749,HORD001209,PRD0832,1,1103.3,1103.3
HITM0003750,HORD001209,PRD0246,1,362.52,362.52
HITM0003751,HORD001209,PRD0385,1,812.79,812.79
HITM0003752,HORD001209,PRD0020,1,47.5,47.5
HITM0013387,HORD004257,PRD0149,1,119.35,119.35
HITM0013388,HORD004257,PRD0259,1,409.08,409.08
HITM0013389,HORD004257,PRD0120,2,348.09,696.18
HITM0013390,HORD004257,PRD0270,1,154.55,154.55
HITM0013391,HORD004257,PRD0375,1,495.35,495.35
HITM0002975,HORD000955,PRD0636,3,421.78,1265.34
HITM0012395,HORD003958,PRD0312,2,523.23,1046.46
HITM0010846,HORD003454,PRD0352,1,1553.05,1553.05
HITM0010847,HORD003454,PRD0367,2,1143.76,2287.52
HITM0010848,HORD003454,PRD0934,2,789.27,1578.54
HITM0015065,HORD004793,PRD0570,1,277.01,277.01
HITM0015066,HORD004793,PRD0200,1,148.27,148.27
HITM0015067,HORD004793,PRD0366,1,547.49,547.49
HITM0004915,HORD001574,PRD0665,1,304.74,304.74
HITM0004916,HORD001574,PRD0985,1,1164.32,1164.32
HITM0004917,HORD001574,PRD0186,1,480.83,480.83
HITM0009488,HORD003012,PRD0268,1,1094.58,1094.58
HITM0009489,HORD003012,PRD0641,1,2509.9,2509.9
HITM0010774,HORD003431,PRD0942,1,1694.84,1694.84
HITM0010775,HORD003431,PRD0838,2,858.89,1717.78
HITM0010776,HORD003431,PRD0125,1,1104.8,1104.8
HITM0012213,HORD003898,PRD0836,1,70.78,70.78
HITM0012214,HORD003898,PRD0499,1,1328.97,1328.97
HITM0001038,HORD000337,PRD0975,1,87.41,87.41
HITM0001039,HORD000337,PRD0309,1,332.31,332.31
HITM0001040,HORD000337,PRD0713,1,768.21,768.21
HITM0001041,HORD000337,PRD0190,2,248.59,497.18
HITM0000970,HORD000313,PRD0858,1,179.07,179.07
HITM0000971,HORD000313,PRD0635,1,809.45,809.45
HITM0000972,HORD000313,PRD0206,2,433.31,866.62
HITM0000973,HORD000313,PRD0660,1,137.13,137.13
HITM0007483,HORD002385,PRD0238,1,866.49,866.49
HITM0007484,HORD002385,PRD0709,3,320.78,962.34
HITM0007485,HORD002385,PRD0237,1,1587.04,1587.04
HITM0007486,HORD002385,PRD0218,1,490.11,490.11
HITM0007487,HORD002385,PRD0785,1,86.54,86.54
HITM0007468,HORD002380,PRD0142,1,1724.25,1724.25
HITM0007469,HORD002380,PRD0632,1,372.28,372.28
HITM0007470,HORD002380,PRD0681,1,1086.83,1086.83
HITM0000593,HORD000194,PRD0144,1,2170.55,2170.55
HITM0000594,HORD000194,PRD0760,2,36.27,72.54
HITM0000595,HORD000194,PRD0811,2,2857.81,5715.62
HITM0000596,HORD000194,PRD0716,1,300.2,300.2
HITM0000299,HORD000100,PRD0900,1,259.46,259.46
HITM0000300,HORD000100,PRD0983,2,1360.95,2721.9
HITM0000301,HORD000100,PRD0415,1,111.92,111.92
HITM0012065,HORD003849,PRD0095,1,699.82,699.82
HITM0012066,HORD003849,PRD0755,1,802.94,802.94
HITM0012067,HORD003849,PRD0706,1,493.43,493.43
HITM0012068,HORD003849,PRD0423,1,684.99,684.99
HITM0012069,HORD003849,PRD0569,1,870.85,870.85
HITM0003184,HORD001022,PRD0333,1,454.01,454.01
HITM0003185,HORD001022,PRD0806,1,210.08,210.08
HITM0003186,HORD001022,PRD0427,1,241.58,241.58
HITM0006633,HORD002119,PRD0112,1,387.62,387.62
HITM0006634,HORD002119,PRD0752,1,1670.56,1670.56
HITM0006635,HORD002119,PRD0623,1,442.62,442.62
HITM0010084,HORD003205,PRD0816,1,125.37,125.37
HITM0001545,HORD000500,PRD0821,3,1163.73,3491.19
HITM0001546,HORD000500,PRD0576,1,261.6,261.6
HITM0001547,HORD000500,PRD0059,2,602.47,1204.94
HITM0005554,HORD001778,PRD0851,1,2462.55,2462.55
HITM0005555,HORD001778,PRD0047,2,64.28,128.56
HITM0005556,HORD001778,PRD0160,1,361.95,361.95
HITM0003077,HORD000986,PRD0047,2,64.28,128.56
HITM0003078,HORD000986,PRD0076,1,705.93,705.93
HITM0001787,HORD000581,PRD0042,2,1480.28,2960.56
HITM0001788,HORD000581,PRD0286,1,725.81,725.81
HITM0008917,HORD002833,PRD0439,1,74.96,74.96
HITM0011954,HORD003808,PRD0950,1,108.8,108.8
HITM0011955,HORD003808,PRD0612,2,385.34,770.68
HITM0010931,HORD003480,PRD0538,2,1028.4,2056.8
HITM0010932,HORD003480,PRD0649,1,1282.36,1282.36
HITM0010933,HORD003480,PRD0732,1,729.81,729.81
HITM0010934,HORD003480,PRD0303,3,1407.52,4222.56
HITM0011462,HORD003650,PRD0216,2,823.62,1647.24
HITM0011463,HORD003650,PRD0720,1,216.18,216.18
HITM0011464,HORD003650,PRD0657,2,1084.44,2168.88
HITM0011465,HORD003650,PRD0724,2,2202.99,4405.98
HITM0007645,HORD002435,PRD0121,1,3142.89,3142.89
HITM0007646,HORD002435,PRD0389,1,562.64,562.64
HITM0007647,HORD002435,PRD0719,2,192.41,384.82
HITM0007648,HORD002435,PRD0569,1,870.85,870.85
HITM0000951,HORD000308,PRD0455,1,191.31,191.31
HITM0000952,HORD000308,PRD0918,1,781.2,781.2
HITM0000953,HORD000308,PRD0731,2,1738.31,3476.62
HITM0010403,HORD003307,PRD0305,2,387.39,774.78
HITM0010404,HORD003307,PRD0615,1,159.68,159.68
HITM0010405,HORD003307,PRD0133,1,1145.34,1145.34
HITM0004253,HORD001366,PRD0021,1,1347.38,1347.38
HITM0004254,HORD001366,PRD0897,1,1058.2,1058.2
HITM0004255,HORD001366,PRD0365,1,489.23,489.23
HITM0008029,HORD002554,PRD0132,1,691.37,691.37
HITM0008030,HORD002554,PRD0954,1,1508.35,1508.35
HITM0015160,HORD004822,PRD0307,1,2209.06,2209.06
HITM0015161,HORD004822,PRD0559,2,531.55,1063.1
HITM0015162,HORD004822,PRD0223,1,1020.19,1020.19
HITM0015537,HORD004949,PRD0145,1,672.85,672.85
HITM0015538,HORD004949,PRD0636,1,421.78,421.78
HITM0009628,HORD003056,PRD0083,1,558.55,558.55
HITM0009629,HORD003056,PRD0562,1,670.44,670.44
HITM0009630,HORD003056,PRD0499,2,1328.97,2657.94
HITM0009631,HORD003056,PRD0360,1,387.48,387.48
HITM0000385,HORD000131,PRD0550,1,112.99,112.99
HITM0000386,HORD000131,PRD0325,2,161.7,323.4
HITM0000387,HORD000131,PRD0988,2,1072.9,2145.8
HITM0000388,HORD000131,PRD0813,1,326.38,326.38
HITM0013579,HORD004324,PRD0737,2,420.63,841.26
HITM0013580,HORD004324,PRD0896,1,452.47,452.47
HITM0013581,HORD004324,PRD0119,1,1161.39,1161.39
HITM0010104,HORD003212,PRD0298,1,275.37,275.37
HITM0010105,HORD003212,PRD0666,2,115.16,230.32
HITM0010106,HORD003212,PRD0640,1,215.9,215.9
HITM0000901,HORD000291,PRD0127,1,599.05,599.05
HITM0008671,HORD002754,PRD0417,1,876.48,876.48
HITM0008672,HORD002754,PRD0588,1,277.14,277.14
HITM0008673,HORD002754,PRD0651,1,1043.5,1043.5
HITM0008674,HORD002754,PRD0159,2,1281.12,2562.24
HITM0010119,HORD003217,PRD0235,1,158.61,158.61
HITM0002619,HORD000847,PRD0959,2,1028.98,2057.96
HITM0002620,HORD000847,PRD0116,1,295.88,295.88
HITM0002621,HORD000847,PRD0760,1,36.27,36.27
HITM0002622,HORD000847,PRD0490,1,289.49,289.49
HITM0002623,HORD000847,PRD0463,1,1250.22,1250.22
HITM0006655,HORD002126,PRD0553,1,941.32,941.32
HITM0006656,HORD002126,PRD0574,1,2952.04,2952.04
HITM0006657,HORD002126,PRD0312,1,523.23,523.23
HITM0006658,HORD002126,PRD0130,1,348.52,348.52
HITM0007762,HORD002468,PRD0284,1,600.42,600.42
HITM0007763,HORD002468,PRD0339,1,536.34,536.34
HITM0007764,HORD002468,PRD0027,1,431.75,431.75
HITM0004656,HORD001494,PRD0522,2,1754.68,3509.36
HITM0004657,HORD001494,PRD0019,1,1401.86,1401.86
HITM0004658,HORD001494,PRD0642,1,1517.82,1517.82
HITM0012122,HORD003868,PRD0274,2,1538.07,3076.14
HITM0012123,HORD003868,PRD0500,1,408.62,408.62
HITM0009007,HORD002861,PRD0061,1,1754.84,1754.84
HITM0009008,HORD002861,PRD0408,2,402.17,804.34
HITM0009009,HORD002861,PRD0252,1,1820.97,1820.97
HITM0005625,HORD001800,PRD0963,2,997.83,1995.66
HITM0005626,HORD001800,PRD0975,1,87.41,87.41
HITM0005627,HORD001800,PRD0103,1,421.42,421.42
HITM0005628,HORD001800,PRD0128,1,155.79,155.79
HITM0005629,HORD001800,PRD0781,1,1039.29,1039.29
HITM0007605,HORD002422,PRD0613,1,774.1,774.1
HITM0007606,HORD002422,PRD0163,3,1426.46,4279.38
HITM0007607,HORD002422,PRD0430,1,397.28,397.28
HITM0007608,HORD002422,PRD0348,2,643.07,1286.14
HITM0007609,HORD002422,PRD0765,1,915.52,915.52
HITM0013829,HORD004397,PRD0139,2,877.46,1754.92
HITM0013830,HORD004397,PRD0266,1,189.02,189.02
HITM0005301,HORD001693,PRD0379,1,989.35,989.35
HITM0005302,HORD001693,PRD0413,1,420.29,420.29
HITM0005303,HORD001693,PRD0387,1,2583.21,2583.21
HITM0005304,HORD001693,PRD0761,1,2263.02,2263.02
HITM0005510,HORD001763,PRD0803,1,1082.24,1082.24
HITM0005511,HORD001763,PRD0087,2,2316.68,4633.36
HITM0005512,HORD001763,PRD0624,1,4122.57,4122.57
HITM0004746,HORD001522,PRD0879,1,287.13,287.13
HITM0004747,HORD001522,PRD0522,2,1754.68,3509.36
HITM0014168,HORD004508,PRD0284,1,600.42,600.42
HITM0014169,HORD004508,PRD0662,1,483.82,483.82
HITM0014170,HORD004508,PRD0853,2,1117.98,2235.96
HITM0014171,HORD004508,PRD0867,1,111.69,111.69
HITM0006445,HORD002061,PRD0061,2,1754.84,3509.68
HITM0006446,HORD002061,PRD0237,2,1587.04,3174.08
HITM0006447,HORD002061,PRD0025,1,644.26,644.26
HITM0003209,HORD001029,PRD0429,1,251.33,251.33
HITM0003210,HORD001029,PRD0946,1,618.18,618.18
HITM0008828,HORD002804,PRD0184,2,607.47,1214.94
HITM0008829,HORD002804,PRD0489,1,1103.05,1103.05
HITM0003175,HORD001019,PRD0306,2,677.68,1355.36
HITM0003176,HORD001019,PRD0211,2,901.64,1803.28
HITM0003177,HORD001019,PRD0048,1,165.15,165.15
HITM0004376,HORD001404,PRD0254,2,2250.67,4501.34
HITM0004377,HORD001404,PRD0880,1,291.86,291.86
HITM0004378,HORD001404,PRD0078,1,280.55,280.55
HITM0007207,HORD002298,PRD0777,1,2576.34,2576.34
HITM0007208,HORD002298,PRD0553,1,941.32,941.32
HITM0010326,HORD003283,PRD0008,2,442.13,884.26
HITM0010327,HORD003283,PRD0890,1,309.69,309.69
HITM0009120,HORD002895,PRD0066,2,291.03,582.06
HITM0009121,HORD002895,PRD0481,1,3068.96,3068.96
HITM0003136,HORD001006,PRD0298,1,275.37,275.37
HITM0003137,HORD001006,PRD0594,3,2821.84,8465.52
HITM0011123,HORD003546,PRD0448,1,1025.21,1025.21
HITM0011124,HORD003546,PRD0909,2,1266.71,2533.42
HITM0011125,HORD003546,PRD0280,2,105.66,211.32
HITM0008082,HORD002570,PRD0366,1,547.49,547.49
HITM0008083,HORD002570,PRD0063,2,1165.11,2330.22
HITM0008084,HORD002570,PRD0003,1,472.24,472.24
HITM0010527,HORD003348,PRD0660,2,137.13,274.26
HITM0010528,HORD003348,PRD0959,1,1028.98,1028.98
HITM0010529,HORD003348,PRD0270,1,154.55,154.55
HITM0010673,HORD003398,PRD0160,2,361.95,723.9
HITM0010674,HORD003398,PRD0265,1,1188.22,1188.22
HITM0010675,HORD003398,PRD0435,1,306.84,306.84
HITM0005025,HORD001609,PRD0626,2,521.1,1042.2
HITM0005026,HORD001609,PRD0739,1,1069.28,1069.28
HITM0005027,HORD001609,PRD0135,1,1040.75,1040.75
HITM0005028,HORD001609,PRD0191,2,1103.43,2206.86
HITM0008003,HORD002544,PRD0375,1,495.35,495.35
HITM0003120,HORD001000,PRD0698,3,68.9,206.7
HITM0003121,HORD001000,PRD0824,1,3668.34,3668.34
HITM0003122,HORD001000,PRD0425,1,932.26,932.26
HITM0012118,HORD003867,PRD0645,1,262.13,262.13
HITM0012119,HORD003867,PRD0546,1,227.79,227.79
HITM0012120,HORD003867,PRD0902,1,307.82,307.82
HITM0012121,HORD003867,PRD0622,1,780.23,780.23
HITM0003472,HORD001121,PRD0391,1,1640.32,1640.32
HITM0003473,HORD001121,PRD0440,1,413.05,413.05
HITM0007929,HORD002520,PRD0020,1,47.5,47.5
HITM0007930,HORD002520,PRD0439,1,74.96,74.96
HITM0007931,HORD002520,PRD0651,1,1043.5,1043.5
HITM0008863,HORD002816,PRD0560,1,176.65,176.65
HITM0008864,HORD002816,PRD0333,1,454.01,454.01
HITM0008865,HORD002816,PRD0776,1,497.49,497.49
HITM0013911,HORD004421,PRD0140,2,224.98,449.96
HITM0013912,HORD004421,PRD0351,1,1461.95,1461.95
HITM0013913,HORD004421,PRD0553,1,941.32,941.32
HITM0013914,HORD004421,PRD0768,1,435.51,435.51
HITM0013915,HORD004421,PRD0247,1,1770.54,1770.54
HITM0015331,HORD004880,PRD0186,1,480.83,480.83
HITM0015332,HORD004880,PRD0663,1,599.38,599.38
HITM0015333,HORD004880,PRD0596,1,596.4,596.4
HITM0007035,HORD002247,PRD0359,2,196.54,393.08
HITM0007323,HORD002335,PRD0093,1,1330.98,1330.98
HITM0007324,HORD002335,PRD0250,3,376.98,1130.94
HITM0007325,HORD002335,PRD0385,2,812.79,1625.58
HITM0007326,HORD002335,PRD0356,2,365.08,730.16
HITM0007327,HORD002335,PRD0010,1,23.5,23.5
HITM0007458,HORD002377,PRD0322,1,1844.93,1844.93
HITM0007459,HORD002377,PRD0128,1,155.79,155.79
HITM0007460,HORD002377,PRD0745,3,222.81,668.43
HITM0012544,HORD004003,PRD0871,1,1164.43,1164.43
HITM0012545,HORD004003,PRD0168,1,341.32,341.32
HITM0012546,HORD004003,PRD0970,1,203.54,203.54
HITM0005385,HORD001719,PRD0377,1,726.19,726.19
HITM0006977,HORD002228,PRD0146,2,510.27,1020.54
HITM0008815,HORD002800,PRD0047,1,64.28,64.28
HITM0000540,HORD000178,PRD0108,1,323.48,323.48
HITM0000541,HORD000178,PRD0016,1,594.47,594.47
HITM0000542,HORD000178,PRD0668,1,1025.81,1025.81
HITM0001336,HORD000431,PRD0439,1,74.96,74.96
HITM0001337,HORD000431,PRD0009,2,301.36,602.72
HITM0001338,HORD000431,PRD0563,1,1356.35,1356.35
HITM0001339,HORD000431,PRD0351,3,1461.95,4385.85
HITM0010328,HORD003284,PRD0015,2,238.76,477.52
HITM0010329,HORD003284,PRD0529,1,952.92,952.92
HITM0010330,HORD003284,PRD0036,1,355.76,355.76
HITM0010331,HORD003284,PRD0389,2,562.64,1125.28
HITM0002254,HORD000728,PRD0542,1,1879.25,1879.25
HITM0002255,HORD000728,PRD0047,1,64.28,64.28
HITM0002256,HORD000728,PRD0274,1,1538.07,1538.07
HITM0002257,HORD000728,PRD0663,1,599.38,599.38
HITM0011605,HORD003695,PRD0816,1,125.37,125.37
HITM0011606,HORD003695,PRD0420,1,399.59,399.59
HITM0004695,HORD001505,PRD0220,1,201.85,201.85
HITM0004696,HORD001505,PRD0152,1,528.88,528.88
HITM0011466,HORD003651,PRD0244,1,2495.06,2495.06
HITM0011467,HORD003651,PRD0419,1,100.25,100.25
HITM0001192,HORD000385,PRD0856,1,508.46,508.46
HITM0001193,HORD000385,PRD0530,1,14.38,14.38
HITM0001194,HORD000385,PRD0517,1,1601.01,1601.01
HITM0001195,HORD000385,PRD0581,1,1767.18,1767.18
HITM0001196,HORD000385,PRD0423,2,684.99,1369.98
HITM0007192,HORD002293,PRD0612,3,385.34,1156.02
HITM0007193,HORD002293,PRD0819,1,191.18,191.18
HITM0007194,HORD002293,PRD0587,2,2586.72,5173.44
HITM0007195,HORD002293,PRD0650,1,129.9,129.9
HITM0007196,HORD002293,PRD0865,1,851.18,851.18
HITM0014195,HORD004516,PRD0712,1,331.7,331.7
HITM0003745,HORD001208,PRD0460,2,19.84,39.68
HITM0003746,HORD001208,PRD0285,1,1110.14,1110.14
HITM0003747,HORD001208,PRD0558,2,383.39,766.78
HITM0003748,HORD001208,PRD0887,1,1400.8,1400.8
HITM0011221,HORD003576,PRD0576,1,261.6,261.6
HITM0011222,HORD003576,PRD0626,1,521.1,521.1
HITM0011223,HORD003576,PRD0243,1,567.88,567.88
HITM0011224,HORD003576,PRD0020,1,47.5,47.5
HITM0008848,HORD002811,PRD0980,1,310.02,310.02
HITM0008849,HORD002811,PRD0647,1,2133.15,2133.15
HITM0008850,HORD002811,PRD0047,1,64.28,64.28
HITM0008316,HORD002640,PRD0820,1,109.62,109.62
HITM0008317,HORD002640,PRD0760,1,36.27,36.27
HITM0008318,HORD002640,PRD0588,2,277.14,554.28
HITM0008319,HORD002640,PRD0198,1,492.76,492.76
HITM0015674,HORD004996,PRD0258,1,133.79,133.79
HITM0015675,HORD004996,PRD0226,2,202.49,404.98
HITM0013532,HORD004307,PRD0009,1,301.36,301.36
HITM0013533,HORD004307,PRD0016,1,594.47,594.47
HITM0013534,HORD004307,PRD0725,1,1037.01,1037.01
HITM0015230,HORD004846,PRD0326,1,828.92,828.92
HITM0015231,HORD004846,PRD0658,1,353.59,353.59
HITM0015232,HORD004846,PRD0456,1,690.03,690.03
HITM0011067,HORD003527,PRD0601,1,1162.83,1162.83
HITM0011068,HORD003527,PRD0279,1,1450.59,1450.59
HITM0011069,HORD003527,PRD0856,1,508.46,508.46
HITM0011070,HORD003527,PRD0315,3,74.41,223.23
HITM0011692,HORD003725,PRD0208,1,569.31,569.31
HITM0011693,HORD003725,PRD0858,1,179.07,179.07
HITM0011694,HORD003725,PRD0967,2,2500.44,5000.88
HITM0010281,HORD003269,PRD0101,2,1151.85,2303.7
HITM0010282,HORD003269,PRD0814,1,404.73,404.73
HITM0012153,HORD003879,PRD0708,1,1076.81,1076.81
HITM0012154,HORD003879,PRD0409,1,200.48,200.48
HITM0012155,HORD003879,PRD0400,2,249.11,498.22
HITM0012156,HORD003879,PRD0686,3,529.65,1588.95
HITM0015052,HORD004788,PRD0471,1,2188.61,2188.61
HITM0007004,HORD002237,PRD0800,1,334.97,334.97
HITM0007005,HORD002237,PRD0687,1,200.01,200.01
HITM0007006,HORD002237,PRD0070,2,257.34,514.68
HITM0007716,HORD002455,PRD0184,1,607.47,607.47
HITM0007717,HORD002455,PRD0630,1,227.99,227.99
HITM0007718,HORD002455,PRD0110,1,113.31,113.31
HITM0007384,HORD002354,PRD0365,2,489.23,978.46
HITM0007385,HORD002354,PRD0216,1,823.62,823.62
HITM0007386,HORD002354,PRD0062,2,685.19,1370.38
HITM0002491,HORD000808,PRD0265,1,1188.22,1188.22
HITM0009320,HORD002959,PRD0314,1,1247.26,1247.26
HITM0009321,HORD002959,PRD0034,1,780.7,780.7
HITM0009322,HORD002959,PRD0680,1,228.54,228.54
HITM0011618,HORD003699,PRD0048,1,165.15,165.15
HITM0012248,HORD003908,PRD0230,2,72.62,145.24
HITM0012249,HORD003908,PRD0101,2,1151.85,2303.7
HITM0011984,HORD003820,PRD0978,1,452.17,452.17
HITM0011985,HORD003820,PRD0656,3,848.87,2546.61
HITM0011986,HORD003820,PRD0491,2,2132.04,4264.08
HITM0010122,HORD003219,PRD0201,1,3066.38,3066.38
HITM0010123,HORD003219,PRD0648,2,1089.86,2179.72
HITM0010124,HORD003219,PRD0539,1,1463.75,1463.75
HITM0005433,HORD001736,PRD0391,2,1640.32,3280.64
HITM0005434,HORD001736,PRD0178,1,131.81,131.81
HITM0005435,HORD001736,PRD0398,1,809.04,809.04
HITM0004598,HORD001474,PRD0188,1,370.0,370.0
HITM0001627,HORD000526,PRD0402,1,400.07,400.07
HITM0001628,HORD000526,PRD0715,1,401.49,401.49
HITM0001629,HORD000526,PRD0376,1,810.62,810.62
HITM0001630,HORD000526,PRD0101,2,1151.85,2303.7
HITM0003851,HORD001242,PRD0010,1,23.5,23.5
HITM0003852,HORD001242,PRD0413,1,420.29,420.29
HITM0003853,HORD001242,PRD0456,1,690.03,690.03
HITM0003854,HORD001242,PRD0948,1,581.24,581.24
HITM0003855,HORD001242,PRD0397,3,719.35,2158.05
HITM0000919,HORD000298,PRD0290,1,154.65,154.65
HITM0000920,HORD000298,PRD0850,1,101.36,101.36
HITM0000921,HORD000298,PRD0718,3,287.05,861.15
HITM0000922,HORD000298,PRD0786,1,142.49,142.49
HITM0000923,HORD000298,PRD0480,1,303.23,303.23
HITM0014730,HORD004686,PRD0985,1,1164.32,1164.32
HITM0006054,HORD001933,PRD0016,1,594.47,594.47
HITM0006043,HORD001930,PRD0507,1,954.32,954.32
HITM0006044,HORD001930,PRD0622,1,780.23,780.23
HITM0006045,HORD001930,PRD0633,2,804.04,1608.08
HITM0010987,HORD003499,PRD0922,1,1800.32,1800.32
HITM0010988,HORD003499,PRD0765,1,915.52,915.52
HITM0001905,HORD000618,PRD0789,2,416.43,832.86
HITM0001906,HORD000618,PRD0499,1,1328.97,1328.97
HITM0001907,HORD000618,PRD0608,1,918.08,918.08
HITM0001908,HORD000618,PRD0660,1,137.13,137.13
HITM0015159,HORD004821,PRD0468,1,254.35,254.35
HITM0013660,HORD004348,PRD0080,1,60.33,60.33
HITM0013661,HORD004348,PRD0522,1,1754.68,1754.68
HITM0013662,HORD004348,PRD0066,1,291.03,291.03
HITM0002272,HORD000735,PRD0224,1,460.12,460.12
HITM0002273,HORD000735,PRD0820,1,109.62,109.62
HITM0002274,HORD000735,PRD0920,2,53.18,106.36
HITM0002275,HORD000735,PRD0383,1,584.39,584.39
HITM0007036,HORD002248,PRD0306,1,677.68,677.68
HITM0007037,HORD002248,PRD0645,1,262.13,262.13
HITM0007038,HORD002248,PRD0215,3,580.92,1742.76
HITM0007039,HORD002248,PRD0399,2,545.36,1090.72
HITM0007040,HORD002248,PRD0251,1,1852.67,1852.67
HITM0000389,HORD000132,PRD0724,1,2202.99,2202.99
HITM0000390,HORD000132,PRD0808,1,601.58,601.58
HITM0000391,HORD000132,PRD0879,1,287.13,287.13
HITM0000108,HORD000037,PRD0957,2,2550.17,5100.34
HITM0000109,HORD000037,PRD0769,1,982.55,982.55
HITM0000110,HORD000037,PRD0403,1,1021.92,1021.92
HITM0001441,HORD000463,PRD0950,2,108.8,217.6
HITM0010614,HORD003378,PRD0131,1,1311.04,1311.04
HITM0010615,HORD003378,PRD0580,1,109.85,109.85
HITM0010616,HORD003378,PRD0690,1,115.07,115.07
HITM0000261,HORD000087,PRD0557,3,114.56,343.68
HITM0000262,HORD000087,PRD0693,1,748.42,748.42
HITM0000263,HORD000087,PRD0044,1,2873.6,2873.6
HITM0000264,HORD000087,PRD0608,1,918.08,918.08
HITM0006513,HORD002082,PRD0701,1,1790.97,1790.97
HITM0006514,HORD002082,PRD0496,1,619.97,619.97
HITM0006515,HORD002082,PRD0705,1,1096.7,1096.7
HITM0015236,HORD004848,PRD0530,2,14.38,28.76
HITM0015237,HORD004848,PRD0707,1,2487.37,2487.37
HITM0014416,HORD004588,PRD0318,1,115.57,115.57
HITM0014417,HORD004588,PRD0673,1,373.06,373.06
HITM0014418,HORD004588,PRD0285,1,1110.14,1110.14
HITM0014419,HORD004588,PRD0350,1,142.11,142.11
HITM0014420,HORD004588,PRD0188,1,370.0,370.0
HITM0004713,HORD001512,PRD0154,2,1129.84,2259.68
HITM0004714,HORD001512,PRD0928,1,426.54,426.54
HITM0004715,HORD001512,PRD0770,2,116.43,232.86
HITM0003613,HORD001164,PRD0666,1,115.16,115.16
HITM0003614,HORD001164,PRD0588,2,277.14,554.28
HITM0009230,HORD002933,PRD0204,2,3651.04,7302.08
HITM0009231,HORD002933,PRD0535,1,536.13,536.13
HITM0013693,HORD004357,PRD0013,1,1325.85,1325.85
HITM0013694,HORD004357,PRD0221,1,2253.19,2253.19
HITM0013695,HORD004357,PRD0395,1,700.42,700.42
HITM0013696,HORD004357,PRD0344,1,1481.0,1481.0
HITM0004978,HORD001594,PRD0193,1,1208.58,1208.58
HITM0004979,HORD001594,PRD0162,2,318.31,636.62
HITM0004980,HORD001594,PRD0479,1,1360.38,1360.38
HITM0009655,HORD003067,PRD0807,1,1660.47,1660.47
HITM0009656,HORD003067,PRD0960,1,322.58,322.58
HITM0011749,HORD003740,PRD0358,2,761.53,1523.06
HITM0011750,HORD003740,PRD0443,1,681.97,681.97
HITM0011751,HORD003740,PRD0895,1,830.36,830.36
HITM0011752,HORD003740,PRD0615,1,159.68,159.68
HITM0014046,HORD004468,PRD0606,1,74.13,74.13
HITM0014047,HORD004468,PRD0078,1,280.55,280.55
HITM0003714,HORD001198,PRD0034,1,780.7,780.7
HITM0003715,HORD001198,PRD0601,1,1162.83,1162.83
HITM0003716,HORD001198,PRD0482,1,1837.18,1837.18
HITM0010746,HORD003420,PRD0989,1,359.81,359.81
HITM0009410,HORD002988,PRD0473,1,1300.2,1300.2
HITM0009411,HORD002988,PRD0590,1,54.96,54.96
HITM0009412,HORD002988,PRD0097,1,2083.5,2083.5
HITM0002039,HORD000659,PRD0007,1,1605.29,1605.29
HITM0002040,HORD000659,PRD0678,1,566.98,566.98
HITM0002041,HORD000659,PRD0416,2,749.76,1499.52
HITM0002042,HORD000659,PRD0976,3,196.82,590.46
HITM0000268,HORD000089,PRD0527,1,1407.36,1407.36
HITM0000269,HORD000089,PRD0419,1,100.25,100.25
HITM0000270,HORD000089,PRD0115,2,855.33,1710.66
HITM0012645,HORD004036,PRD0751,1,2924.83,2924.83
HITM0012646,HORD004036,PRD0138,1,727.03,727.03
HITM0012647,HORD004036,PRD0702,1,1184.94,1184.94
HITM0012648,HORD004036,PRD0075,1,155.15,155.15
HITM0011319,HORD003606,PRD0388,1,652.95,652.95
HITM0011320,HORD003606,PRD0732,1,729.81,729.81
HITM0011321,HORD003606,PRD0198,2,492.76,985.52
HITM0011322,HORD003606,PRD0651,2,1043.5,2087.0
HITM0001571,HORD000508,PRD0175,1,1014.37,1014.37
HITM0001572,HORD000508,PRD0134,2,3514.77,7029.54
HITM0003736,HORD001206,PRD0560,1,176.65,176.65
HITM0003737,HORD001206,PRD0853,2,1117.98,2235.96
HITM0003738,HORD001206,PRD0217,1,441.18,441.18
HITM0003739,HORD001206,PRD0428,1,1044.38,1044.38
HITM0010356,HORD003293,PRD0071,2,2671.31,5342.62
HITM0010357,HORD003293,PRD0280,1,105.66,105.66
HITM0010358,HORD003293,PRD0331,1,1570.55,1570.55
HITM0007448,HORD002374,PRD0965,3,536.69,1610.07
HITM0007449,HORD002374,PRD0788,2,699.94,1399.88
HITM0007450,HORD002374,PRD0654,1,864.76,864.76
HITM0007451,HORD002374,PRD0506,1,551.69,551.69
HITM0006250,HORD001998,PRD0596,1,596.4,596.4
HITM0006251,HORD001998,PRD0754,3,2206.66,6619.98
HITM0006252,HORD001998,PRD0868,1,1088.06,1088.06
HITM0006253,HORD001998,PRD0216,1,823.62,823.62
HITM0006254,HORD001998,PRD0188,1,370.0,370.0
HITM0008806,HORD002797,PRD0936,3,477.26,1431.78
HITM0001149,HORD000372,PRD0425,2,932.26,1864.52
HITM0001150,HORD000372,PRD0976,1,196.82,196.82
HITM0001151,HORD000372,PRD0659,1,725.61,725.61
HITM0001152,HORD000372,PRD0989,1,359.81,359.81
HITM0009203,HORD002924,PRD0349,1,1342.94,1342.94
HITM0009204,HORD002924,PRD0730,1,418.77,418.77
HITM0009205,HORD002924,PRD0786,2,142.49,284.98
HITM0007893,HORD002509,PRD0966,1,819.73,819.73
HITM0007894,HORD002509,PRD0779,1,835.92,835.92
HITM0007895,HORD002509,PRD0375,1,495.35,495.35
HITM0015409,HORD004908,PRD0958,1,453.1,453.1
HITM0015410,HORD004908,PRD0290,1,154.65,154.65
HITM0014581,HORD004639,PRD0895,1,830.36,830.36
HITM0014582,HORD004639,PRD0675,1,927.62,927.62
HITM0014583,HORD004639,PRD0919,1,1308.07,1308.07
HITM0007758,HORD002467,PRD0166,1,822.52,822.52
HITM0007759,HORD002467,PRD0900,1,259.46,259.46
HITM0007760,HORD002467,PRD0767,3,2219.87,6659.61
HITM0007761,HORD002467,PRD0997,1,602.38,602.38
HITM0004650,HORD001492,PRD0988,1,1072.9,1072.9
HITM0004651,HORD001492,PRD0899,1,180.25,180.25
HITM0004652,HORD001492,PRD0521,1,1257.03,1257.03
HITM0004653,HORD001492,PRD0716,1,300.2,300.2
HITM0004654,HORD001492,PRD0409,1,200.48,200.48
HITM0011175,HORD003563,PRD0099,2,1406.39,2812.78
HITM0011176,HORD003563,PRD0835,1,705.82,705.82
HITM0011177,HORD003563,PRD0519,1,154.53,154.53
HITM0011178,HORD003563,PRD0446,1,168.08,168.08
HITM0011179,HORD003563,PRD0365,1,489.23,489.23
HITM0003669,HORD001183,PRD0773,1,1495.61,1495.61
HITM0003670,HORD001183,PRD0735,2,952.04,1904.08
HITM0003671,HORD001183,PRD0693,1,748.42,748.42
HITM0004635,HORD001487,PRD0812,2,1025.12,2050.24
HITM0004636,HORD001487,PRD0530,1,14.38,14.38
HITM0004637,HORD001487,PRD0761,1,2263.02,2263.02
HITM0011683,HORD003723,PRD0377,1,726.19,726.19
HITM0011684,HORD003723,PRD0496,1,619.97,619.97
HITM0011685,HORD003723,PRD0656,2,848.87,1697.74
HITM0011686,HORD003723,PRD0633,3,804.04,2412.12
HITM0004704,HORD001509,PRD0945,1,730.35,730.35
HITM0004705,HORD001509,PRD0668,1,1025.81,1025.81
HITM0004706,HORD001509,PRD0625,1,840.9,840.9
HITM0013155,HORD004185,PRD0042,1,1480.28,1480.28
HITM0013156,HORD004185,PRD0210,2,408.84,817.68
HITM0011680,HORD003722,PRD0472,1,1677.61,1677.61
HITM0011681,HORD003722,PRD0626,1,521.1,521.1
HITM0011682,HORD003722,PRD0628,2,219.29,438.58
HITM0014599,HORD004645,PRD0789,1,416.43,416.43
HITM0014600,HORD004645,PRD0713,1,768.21,768.21
HITM0014601,HORD004645,PRD0251,1,1852.67,1852.67
HITM0014602,HORD004645,PRD0667,1,2144.83,2144.83
HITM0008788,HORD002790,PRD0505,1,350.13,350.13
HITM0002669,HORD000860,PRD0742,1,338.72,338.72
HITM0002670,HORD000860,PRD0688,1,409.87,409.87
HITM0002671,HORD000860,PRD0047,1,64.28,64.28
HITM0008466,HORD002692,PRD0858,1,179.07,179.07
HITM0008467,HORD002692,PRD0002,1,455.28,455.28
HITM0008468,HORD002692,PRD0526,1,208.36,208.36
HITM0008469,HORD002692,PRD0832,2,1103.3,2206.6
HITM0013336,HORD004243,PRD0256,1,694.57,694.57
HITM0013337,HORD004243,PRD0976,1,196.82,196.82
HITM0011283,HORD003595,PRD0440,1,413.05,413.05
HITM0011284,HORD003595,PRD0300,1,158.44,158.44
HITM0011285,HORD003595,PRD0364,2,4084.62,8169.24
HITM0011286,HORD003595,PRD0726,2,357.63,715.26
HITM0007202,HORD002296,PRD0042,2,1480.28,2960.56
HITM0007203,HORD002296,PRD0194,1,2883.61,2883.61
HITM0013319,HORD004237,PRD0287,1,1095.91,1095.91
HITM0013320,HORD004237,PRD0258,1,133.79,133.79
HITM0009194,HORD002920,PRD0027,1,431.75,431.75
HITM0009195,HORD002920,PRD0039,1,150.51,150.51
HITM0008767,HORD002784,PRD0367,1,1143.76,1143.76
HITM0008768,HORD002784,PRD0682,1,1711.59,1711.59
HITM0008769,HORD002784,PRD0178,1,131.81,131.81
HITM0008770,HORD002784,PRD0390,2,254.28,508.56
HITM0008771,HORD002784,PRD0948,2,581.24,1162.48
HITM0003826,HORD001234,PRD0092,2,370.43,740.86
HITM0003827,HORD001234,PRD0191,1,1103.43,1103.43
HITM0014564,HORD004634,PRD0481,1,3068.96,3068.96
HITM0014565,HORD004634,PRD0179,1,1481.8,1481.8
HITM0014932,HORD004750,PRD0910,1,53.54,53.54
HITM0014933,HORD004750,PRD0825,1,363.11,363.11
HITM0014934,HORD004750,PRD0783,1,478.3,478.3
HITM0014935,HORD004750,PRD0684,2,1730.11,3460.22
HITM0006029,HORD001926,PRD0732,2,729.81,1459.62
HITM0006030,HORD001926,PRD0858,1,179.07,179.07
HITM0006031,HORD001926,PRD0485,1,283.51,283.51
HITM0004362,HORD001400,PRD0943,1,1025.75,1025.75
HITM0004363,HORD001400,PRD0584,1,2508.46,2508.46
HITM0004364,HORD001400,PRD0089,1,739.15,739.15
HITM0004365,HORD001400,PRD0039,1,150.51,150.51
HITM0004366,HORD001400,PRD0070,3,257.34,772.02
HITM0006327,HORD002022,PRD0166,1,822.52,822.52
HITM0006328,HORD002022,PRD0160,2,361.95,723.9
HITM0006329,HORD002022,PRD0226,1,202.49,202.49
HITM0006330,HORD002022,PRD0811,1,2857.81,2857.81
HITM0008380,HORD002660,PRD0665,1,304.74,304.74
HITM0008381,HORD002660,PRD0720,1,216.18,216.18
HITM0008382,HORD002660,PRD0194,1,2883.61,2883.61
HITM0008383,HORD002660,PRD0815,1,261.87,261.87
HITM0008384,HORD002660,PRD0894,1,2406.75,2406.75
HITM0006598,HORD002108,PRD0505,1,350.13,350.13
HITM0006599,HORD002108,PRD0459,1,1343.7,1343.7
HITM0006600,HORD002108,PRD0571,2,3063.56,6127.12
HITM0006601,HORD002108,PRD0125,1,1104.8,1104.8
HITM0003391,HORD001093,PRD0526,1,208.36,208.36
HITM0003392,HORD001093,PRD0700,1,241.67,241.67
HITM0003393,HORD001093,PRD0835,1,705.82,705.82
HITM0001897,HORD000616,PRD0301,2,1938.69,3877.38
HITM0001898,HORD000616,PRD0091,1,2264.24,2264.24
HITM0001899,HORD000616,PRD0024,1,2921.86,2921.86
HITM0001900,HORD000616,PRD0780,1,297.57,297.57
HITM0001334,HORD000430,PRD0666,1,115.16,115.16
HITM0001335,HORD000430,PRD0407,1,2508.69,2508.69
HITM0001386,HORD000446,PRD0807,1,1660.47,1660.47
HITM0001387,HORD000446,PRD0639,1,1085.06,1085.06
HITM0015383,HORD004898,PRD0789,1,416.43,416.43
HITM0009543,HORD003032,PRD0600,1,62.84,62.84
HITM0002847,HORD000916,PRD0855,2,552.31,1104.62
HITM0002848,HORD000916,PRD0593,1,356.64,356.64
HITM0002849,HORD000916,PRD0495,1,752.39,752.39
HITM0011992,HORD003822,PRD0871,1,1164.43,1164.43
HITM0011993,HORD003822,PRD0555,1,159.32,159.32
HITM0011994,HORD003822,PRD0562,1,670.44,670.44
HITM0001017,HORD000330,PRD0293,1,1383.27,1383.27
HITM0001018,HORD000330,PRD0594,1,2821.84,2821.84
HITM0010874,HORD003462,PRD0015,2,238.76,477.52
HITM0010875,HORD003462,PRD0675,2,927.62,1855.24
HITM0010876,HORD003462,PRD0350,2,142.11,284.22
HITM0008747,HORD002777,PRD0510,1,267.14,267.14
HITM0008748,HORD002777,PRD0378,1,857.8,857.8
HITM0013205,HORD004201,PRD0973,1,703.36,703.36
HITM0013206,HORD004201,PRD0734,2,1722.21,3444.42
HITM0013207,HORD004201,PRD0073,2,900.89,1801.78
HITM0006115,HORD001955,PRD0750,1,400.34,400.34
HITM0006116,HORD001955,PRD0336,1,761.65,761.65
HITM0006117,HORD001955,PRD0746,1,804.31,804.31
HITM0006118,HORD001955,PRD0521,1,1257.03,1257.03
HITM0006119,HORD001955,PRD0509,1,246.73,246.73
HITM0006073,HORD001941,PRD0221,1,2253.19,2253.19
HITM0006074,HORD001941,PRD0950,1,108.8,108.8
HITM0006075,HORD001941,PRD0265,2,1188.22,2376.44
HITM0001580,HORD000511,PRD0290,1,154.65,154.65
HITM0001581,HORD000511,PRD0678,1,566.98,566.98
HITM0001582,HORD000511,PRD0786,1,142.49,142.49
HITM0001583,HORD000511,PRD0487,2,322.51,645.02
HITM0013287,HORD004227,PRD0466,1,362.96,362.96
HITM0013288,HORD004227,PRD0110,2,113.31,226.62
HITM0013289,HORD004227,PRD0327,1,122.19,122.19
HITM0013290,HORD004227,PRD0504,1,3243.43,3243.43
HITM0013291,HORD004227,PRD0568,1,670.01,670.01
HITM0006435,HORD002058,PRD0015,1,238.76,238.76
HITM0006436,HORD002058,PRD0727,1,842.09,842.09
HITM0006437,HORD002058,PRD0901,1,2926.07,2926.07
HITM0013743,HORD004372,PRD0538,1,1028.4,1028.4
HITM0013744,HORD004372,PRD0775,1,1055.72,1055.72
HITM0013745,HORD004372,PRD0598,1,723.86,723.86
HITM0013335,HORD004242,PRD0060,1,170.83,170.83
HITM0001517,HORD000490,PRD0747,2,1353.66,2707.32
HITM0001518,HORD000490,PRD0135,1,1040.75,1040.75
HITM0001519,HORD000490,PRD0188,3,370.0,1110.0
HITM0010161,HORD003233,PRD0904,1,3664.33,3664.33
HITM0010162,HORD003233,PRD0979,1,1127.85,1127.85
HITM0008322,HORD002642,PRD0606,1,74.13,74.13
HITM0008323,HORD002642,PRD0506,2,551.69,1103.38
HITM0008613,HORD002738,PRD0676,1,45.2,45.2
HITM0008614,HORD002738,PRD0859,1,1242.69,1242.69
HITM0008615,HORD002738,PRD0824,1,3668.34,3668.34
HITM0005916,HORD001892,PRD0280,1,105.66,105.66
HITM0005917,HORD001892,PRD0238,1,866.49,866.49
HITM0009468,HORD003006,PRD0305,1,387.39,387.39
HITM0009469,HORD003006,PRD0509,1,246.73,246.73
HITM0009470,HORD003006,PRD0503,2,1009.94,2019.88
HITM0009471,HORD003006,PRD0453,1,481.9,481.9
HITM0009472,HORD003006,PRD0693,2,748.42,1496.84
HITM0005189,HORD001659,PRD0858,1,179.07,179.07
HITM0005190,HORD001659,PRD0658,1,353.59,353.59
HITM0000805,HORD000261,PRD0958,1,453.1,453.1
HITM0000806,HORD000261,PRD0956,2,584.64,1169.28
HITM0014770,HORD004698,PRD0403,1,1021.92,1021.92
HITM0014771,HORD004698,PRD0381,1,2181.63,2181.63
HITM0014772,HORD004698,PRD0352,1,1553.05,1553.05
HITM0001171,HORD000379,PRD0679,1,864.47,864.47
HITM0001172,HORD000379,PRD0083,1,558.55,558.55
HITM0001173,HORD000379,PRD0020,1,47.5,47.5
HITM0001174,HORD000379,PRD0190,1,248.59,248.59
HITM0004816,HORD001544,PRD0652,1,1300.01,1300.01
HITM0004817,HORD001544,PRD0369,1,429.26,429.26
HITM0002713,HORD000873,PRD0693,2,748.42,1496.84
HITM0005835,HORD001867,PRD0419,1,100.25,100.25
HITM0005836,HORD001867,PRD0182,1,331.32,331.32
HITM0005837,HORD001867,PRD0326,1,828.92,828.92
HITM0007789,HORD002475,PRD0381,1,2181.63,2181.63
HITM0007790,HORD002475,PRD0363,1,924.17,924.17
HITM0012277,HORD003921,PRD0600,2,62.84,125.68
HITM0012278,HORD003921,PRD0580,2,109.85,219.7
HITM0012279,HORD003921,PRD0898,1,642.43,642.43
HITM0006083,HORD001944,PRD0894,1,2406.75,2406.75
HITM0006084,HORD001944,PRD0313,2,1471.48,2942.96
HITM0014972,HORD004762,PRD0480,1,303.23,303.23
HITM0014973,HORD004762,PRD0343,1,634.07,634.07
HITM0014974,HORD004762,PRD0310,2,351.06,702.12
HITM0009890,HORD003143,PRD0378,1,857.8,857.8
HITM0009891,HORD003143,PRD0500,1,408.62,408.62
HITM0009892,HORD003143,PRD0204,1,3651.04,3651.04
HITM0009893,HORD003143,PRD0497,1,1019.05,1019.05
HITM0013180,HORD004192,PRD0874,1,2293.13,2293.13
HITM0013181,HORD004192,PRD0048,1,165.15,165.15
HITM0008878,HORD002821,PRD0768,1,435.51,435.51
HITM0008879,HORD002821,PRD0305,2,387.39,774.78
HITM0008880,HORD002821,PRD0749,1,1278.37,1278.37
HITM0006543,HORD002090,PRD0110,1,113.31,113.31
HITM0006544,HORD002090,PRD0058,1,243.69,243.69
HITM0006545,HORD002090,PRD0576,1,261.6,261.6
HITM0005754,HORD001842,PRD0277,1,1153.48,1153.48
HITM0005755,HORD001842,PRD0969,2,1212.01,2424.02
HITM0005756,HORD001842,PRD0882,1,1555.62,1555.62
HITM0010131,HORD003222,PRD0244,1,2495.06,2495.06
HITM0010132,HORD003222,PRD0825,1,363.11,363.11
HITM0010133,HORD003222,PRD0708,1,1076.81,1076.81
HITM0010492,HORD003337,PRD0228,1,419.86,419.86
HITM0010493,HORD003337,PRD0760,2,36.27,72.54
HITM0010494,HORD003337,PRD0467,1,2512.22,2512.22
HITM0010495,HORD003337,PRD0045,1,180.47,180.47
HITM0010496,HORD003337,PRD0407,1,2508.69,2508.69
HITM0001750,HORD000569,PRD0976,1,196.82,196.82
HITM0001751,HORD000569,PRD0758,2,165.39,330.78
HITM0001752,HORD000569,PRD0391,1,1640.32,1640.32
HITM0001753,HORD000569,PRD0075,1,155.15,155.15
HITM0012173,HORD003885,PRD0277,2,1153.48,2306.96
HITM0012174,HORD003885,PRD0658,1,353.59,353.59
HITM0006098,HORD001950,PRD0775,1,1055.72,1055.72
HITM0006099,HORD001950,PRD0538,1,1028.4,1028.4
HITM0006100,HORD001950,PRD0462,3,1832.75,5498.25
HITM0015384,HORD004899,PRD0259,1,409.08,409.08
HITM0015385,HORD004899,PRD0113,1,795.05,795.05
HITM0015386,HORD004899,PRD0819,1,191.18,191.18
HITM0009365,HORD002972,PRD0318,1,115.57,115.57
HITM0007310,HORD002329,PRD0550,2,112.99,225.98
HITM0010275,HORD003266,PRD0155,1,171.72,171.72
HITM0010276,HORD003266,PRD0995,1,69.16,69.16
HITM0009375,HORD002976,PRD0155,1,171.72,171.72
HITM0009376,HORD002976,PRD0572,1,1338.04,1338.04
HITM0009377,HORD002976,PRD0494,1,2097.54,2097.54
HITM0011002,HORD003505,PRD0649,1,1282.36,1282.36
HITM0011003,HORD003505,PRD0656,1,848.87,848.87
HITM0011004,HORD003505,PRD0161,1,3173.56,3173.56
HITM0013781,HORD004383,PRD0322,1,1844.93,1844.93
HITM0013782,HORD004383,PRD0915,1,1134.28,1134.28
HITM0013783,HORD004383,PRD0880,1,291.86,291.86
HITM0001073,HORD000348,PRD0637,1,1350.41,1350.41
HITM0001074,HORD000348,PRD0920,1,53.18,53.18
HITM0001075,HORD000348,PRD0460,1,19.84,19.84
HITM0001076,HORD000348,PRD0290,1,154.65,154.65
HITM0001077,HORD000348,PRD0271,1,1523.72,1523.72
HITM0004752,HORD001525,PRD0571,2,3063.56,6127.12
HITM0004753,HORD001525,PRD0080,2,60.33,120.66
HITM0004754,HORD001525,PRD0732,1,729.81,729.81
HITM0004755,HORD001525,PRD0530,1,14.38,14.38
HITM0004677,HORD001500,PRD0874,1,2293.13,2293.13
HITM0004678,HORD001500,PRD0856,1,508.46,508.46
HITM0004679,HORD001500,PRD0825,1,363.11,363.11
HITM0001457,HORD000470,PRD0685,1,1109.03,1109.03
HITM0001458,HORD000470,PRD0728,1,504.43,504.43
HITM0001459,HORD000470,PRD0798,1,999.78,999.78
HITM0001460,HORD000470,PRD0815,1,261.87,261.87
HITM0007780,HORD002473,PRD0880,1,291.86,291.86
HITM0007781,HORD002473,PRD0303,1,1407.52,1407.52
HITM0007782,HORD002473,PRD0108,1,323.48,323.48
HITM0007783,HORD002473,PRD0181,1,2668.69,2668.69
HITM0014916,HORD004745,PRD0506,2,551.69,1103.38
HITM0014917,HORD004745,PRD0274,1,1538.07,1538.07
HITM0005425,HORD001733,PRD0278,1,509.34,509.34
HITM0005426,HORD001733,PRD0089,1,739.15,739.15
HITM0006963,HORD002223,PRD0488,1,281.31,281.31
HITM0006964,HORD002223,PRD0787,1,189.07,189.07
HITM0005284,HORD001688,PRD0606,1,74.13,74.13
HITM0005285,HORD001688,PRD0121,2,3142.89,6285.78
HITM0005286,HORD001688,PRD0160,1,361.95,361.95
HITM0004227,HORD001358,PRD0737,1,420.63,420.63
HITM0004228,HORD001358,PRD0973,1,703.36,703.36
HITM0004229,HORD001358,PRD0511,1,1327.08,1327.08
HITM0010605,HORD003375,PRD0097,2,2083.5,4167.0
HITM0010606,HORD003375,PRD0448,1,1025.21,1025.21
HITM0010607,HORD003375,PRD0069,1,402.1,402.1
HITM0010608,HORD003375,PRD0800,2,334.97,669.94
HITM0001677,HORD000544,PRD0499,1,1328.97,1328.97
HITM0001678,HORD000544,PRD0545,1,1080.38,1080.38
HITM0001679,HORD000544,PRD0226,1,202.49,202.49
HITM0011334,HORD003610,PRD0645,2,262.13,524.26
HITM0011335,HORD003610,PRD0052,1,1015.78,1015.78
HITM0011336,HORD003610,PRD0879,1,287.13,287.13
HITM0011337,HORD003610,PRD0168,2,341.32,682.64
HITM0000703,HORD000229,PRD0124,1,1400.78,1400.78
HITM0000704,HORD000229,PRD0062,1,685.19,685.19
HITM0000705,HORD000229,PRD0164,1,649.27,649.27
HITM0000706,HORD000229,PRD0375,1,495.35,495.35
HITM0011201,HORD003570,PRD0105,1,325.21,325.21
HITM0011202,HORD003570,PRD0218,1,490.11,490.11
HITM0011203,HORD003570,PRD0200,2,148.27,296.54
HITM0011204,HORD003570,PRD0158,1,751.25,751.25
HITM0010758,HORD003426,PRD0290,2,154.65,309.3
HITM0010759,HORD003426,PRD0186,1,480.83,480.83
HITM0010760,HORD003426,PRD0425,1,932.26,932.26
HITM0011441,HORD003644,PRD0388,2,652.95,1305.9
HITM0011442,HORD003644,PRD0330,1,265.81,265.81
HITM0011443,HORD003644,PRD0067,2,374.02,748.04
HITM0011444,HORD003644,PRD0706,1,493.43,493.43
HITM0000825,HORD000268,PRD0913,2,1306.73,2613.46
HITM0008845,HORD002810,PRD0456,1,690.03,690.03
HITM0008846,HORD002810,PRD0221,1,2253.19,2253.19
HITM0008847,HORD002810,PRD0273,1,469.96,469.96
HITM0006848,HORD002185,PRD0806,1,210.08,210.08
HITM0006849,HORD002185,PRD0747,1,1353.66,1353.66
HITM0006850,HORD002185,PRD0015,1,238.76,238.76
HITM0006851,HORD002185,PRD0080,1,60.33,60.33
HITM0006882,HORD002196,PRD0156,1,400.24,400.24
HITM0006883,HORD002196,PRD0541,1,1257.3,1257.3
HITM0006884,HORD002196,PRD0073,2,900.89,1801.78
HITM0006885,HORD002196,PRD0659,1,725.61,725.61
HITM0011712,HORD003731,PRD0110,1,113.31,113.31
HITM0011713,HORD003731,PRD0557,1,114.56,114.56
HITM0011714,HORD003731,PRD0864,1,3828.18,3828.18
HITM0011715,HORD003731,PRD0962,2,482.88,965.76
HITM0013263,HORD004218,PRD0920,1,53.18,53.18
HITM0013264,HORD004218,PRD0259,1,409.08,409.08
HITM0013265,HORD004218,PRD0442,2,1758.97,3517.94
HITM0013266,HORD004218,PRD0341,1,1098.33,1098.33
HITM0005085,HORD001628,PRD0969,1,1212.01,1212.01
HITM0012949,HORD004124,PRD0996,2,455.11,910.22
HITM0000863,HORD000279,PRD0577,1,1656.23,1656.23
HITM0000864,HORD000279,PRD0113,1,795.05,795.05
HITM0000865,HORD000279,PRD0740,1,366.0,366.0
HITM0011523,HORD003671,PRD0851,2,2462.55,4925.1
HITM0011524,HORD003671,PRD0468,1,254.35,254.35
HITM0011525,HORD003671,PRD0703,1,529.32,529.32
HITM0002799,HORD000902,PRD0630,2,227.99,455.98
HITM0002800,HORD000902,PRD0607,2,113.06,226.12
HITM0002801,HORD000902,PRD0965,1,536.69,536.69
HITM0005012,HORD001605,PRD0242,1,600.25,600.25
HITM0005013,HORD001605,PRD0805,1,1196.95,1196.95
HITM0005014,HORD001605,PRD0978,1,452.17,452.17
HITM0005015,HORD001605,PRD0049,1,740.34,740.34
HITM0005016,HORD001605,PRD0330,2,265.81,531.62
HITM0006178,HORD001976,PRD0685,1,1109.03,1109.03
HITM0006179,HORD001976,PRD0821,1,1163.73,1163.73
HITM0006180,HORD001976,PRD0660,2,137.13,274.26
HITM0004477,HORD001436,PRD0667,1,2144.83,2144.83
HITM0004478,HORD001436,PRD0688,1,409.87,409.87
HITM0010431,HORD003315,PRD0673,1,373.06,373.06
HITM0010432,HORD003315,PRD0235,1,158.61,158.61
HITM0006294,HORD002012,PRD0453,1,481.9,481.9
HITM0006295,HORD002012,PRD0047,1,64.28,64.28
HITM0006296,HORD002012,PRD0479,2,1360.38,2720.76
HITM0010370,HORD003297,PRD0546,1,227.79,227.79
HITM0010371,HORD003297,PRD0338,2,472.36,944.72
HITM0010372,HORD003297,PRD0254,1,2250.67,2250.67
HITM0010373,HORD003297,PRD0595,1,108.82,108.82
HITM0005715,HORD001828,PRD0793,1,454.0,454.0
HITM0005716,HORD001828,PRD0283,2,1338.12,2676.24
HITM0005717,HORD001828,PRD0844,1,3468.14,3468.14
HITM0000212,HORD000073,PRD0919,1,1308.07,1308.07
HITM0000213,HORD000073,PRD0763,1,1579.7,1579.7
HITM0005458,HORD001744,PRD0128,1,155.79,155.79
HITM0005459,HORD001744,PRD0150,2,189.45,378.9
HITM0005460,HORD001744,PRD0672,1,1690.15,1690.15
HITM0006806,HORD002172,PRD0301,1,1938.69,1938.69
HITM0006807,HORD002172,PRD0709,3,320.78,962.34
HITM0006808,HORD002172,PRD0392,1,827.61,827.61
HITM0006809,HORD002172,PRD0060,1,170.83,170.83
HITM0003405,HORD001097,PRD0736,2,508.97,1017.94
HITM0003406,HORD001097,PRD0617,1,629.04,629.04
HITM0003407,HORD001097,PRD0555,1,159.32,159.32
HITM0000496,HORD000166,PRD0971,1,1257.81,1257.81
HITM0000497,HORD000166,PRD0685,1,1109.03,1109.03
HITM0000498,HORD000166,PRD0877,1,507.09,507.09
HITM0000499,HORD000166,PRD0552,3,643.85,1931.55
HITM0015086,HORD004800,PRD0449,1,168.36,168.36
HITM0015087,HORD004800,PRD0197,1,1972.76,1972.76
HITM0015088,HORD004800,PRD0956,3,584.64,1753.92
HITM0004618,HORD001481,PRD0950,1,108.8,108.8
HITM0004619,HORD001481,PRD0845,1,323.81,323.81
HITM0004620,HORD001481,PRD0857,1,160.36,160.36
HITM0009642,HORD003061,PRD0100,1,400.25,400.25
HITM0015111,HORD004807,PRD0755,1,802.94,802.94
HITM0015112,HORD004807,PRD0156,1,400.24,400.24
HITM0015113,HORD004807,PRD0812,1,1025.12,1025.12
HITM0015114,HORD004807,PRD0523,1,911.73,911.73
HITM0015115,HORD004807,PRD0743,2,651.04,1302.08
HITM0009404,HORD002985,PRD0030,1,405.09,405.09
HITM0009405,HORD002985,PRD0550,1,112.99,112.99
HITM0009406,HORD002985,PRD0557,1,114.56,114.56
HITM0012380,HORD003954,PRD0555,2,159.32,318.64
HITM0012381,HORD003954,PRD0519,1,154.53,154.53
HITM0012382,HORD003954,PRD0858,1,179.07,179.07
HITM0012383,HORD003954,PRD0133,1,1145.34,1145.34
HITM0012384,HORD003954,PRD0181,1,2668.69,2668.69
HITM0013688,HORD004356,PRD0320,1,154.64,154.64
HITM0013689,HORD004356,PRD0290,2,154.65,309.3
HITM0013690,HORD004356,PRD0908,1,81.42,81.42
HITM0013691,HORD004356,PRD0453,2,481.9,963.8
HITM0013692,HORD004356,PRD0860,1,113.03,113.03
HITM0009243,HORD002937,PRD0512,1,853.36,853.36
HITM0009244,HORD002937,PRD0280,1,105.66,105.66
HITM0009245,HORD002937,PRD0002,2,455.28,910.56
HITM0003933,HORD001266,PRD0023,1,688.53,688.53
HITM0003934,HORD001266,PRD0409,1,200.48,200.48
HITM0003935,HORD001266,PRD0410,2,401.28,802.56
HITM0003936,HORD001266,PRD0466,2,362.96,725.92
HITM0013241,HORD004211,PRD0959,1,1028.98,1028.98
HITM0013242,HORD004211,PRD0228,2,419.86,839.72
HITM0004948,HORD001585,PRD0311,1,3180.87,3180.87
HITM0004949,HORD001585,PRD0109,1,429.51,429.51
HITM0004950,HORD001585,PRD0120,1,348.09,348.09
HITM0004965,HORD001590,PRD0708,3,1076.81,3230.43
HITM0004966,HORD001590,PRD0211,1,901.64,901.64
HITM0003615,HORD001165,PRD0730,2,418.77,837.54
HITM0003616,HORD001165,PRD0506,2,551.69,1103.38
HITM0003617,HORD001165,PRD0180,1,386.36,386.36
HITM0013632,HORD004339,PRD0408,3,402.17,1206.51
HITM0013633,HORD004339,PRD0760,1,36.27,36.27
HITM0013634,HORD004339,PRD0439,1,74.96,74.96
HITM0011643,HORD003709,PRD0606,1,74.13,74.13
HITM0011644,HORD003709,PRD0953,1,536.06,536.06
HITM0011645,HORD003709,PRD0010,1,23.5,23.5
HITM0011646,HORD003709,PRD0803,1,1082.24,1082.24
HITM0012725,HORD004058,PRD0938,1,327.05,327.05
HITM0012726,HORD004058,PRD0249,2,871.19,1742.38
HITM0012727,HORD004058,PRD0222,1,1721.64,1721.64
HITM0000105,HORD000036,PRD0965,2,536.69,1073.38
HITM0000106,HORD000036,PRD0291,2,2310.69,4621.38
HITM0000107,HORD000036,PRD0406,1,482.25,482.25
HITM0012765,HORD004070,PRD0734,3,1722.21,5166.63
HITM0012766,HORD004070,PRD0305,1,387.39,387.39
HITM0005367,HORD001713,PRD0150,1,189.45,189.45
HITM0005368,HORD001713,PRD0298,2,275.37,550.74
HITM0005369,HORD001713,PRD0527,1,1407.36,1407.36
HITM0005370,HORD001713,PRD0565,2,1021.79,2043.58
HITM0001447,HORD000466,PRD0588,1,277.14,277.14
HITM0001448,HORD000466,PRD0839,2,835.25,1670.5
HITM0000816,HORD000265,PRD0923,3,1251.17,3753.51
HITM0000817,HORD000265,PRD0094,1,3733.59,3733.59
HITM0000818,HORD000265,PRD0590,1,54.96,54.96
HITM0001246,HORD000401,PRD0626,1,521.1,521.1
HITM0001247,HORD000401,PRD0202,2,1891.9,3783.8
HITM0003223,HORD001035,PRD0780,1,297.57,297.57
HITM0003224,HORD001035,PRD0175,1,1014.37,1014.37
HITM0003225,HORD001035,PRD0887,1,1400.8,1400.8
HITM0012731,HORD004060,PRD0741,1,2701.76,2701.76
HITM0012732,HORD004060,PRD0126,1,464.05,464.05
HITM0012733,HORD004060,PRD0361,1,2730.19,2730.19
HITM0012734,HORD004060,PRD0507,2,954.32,1908.64
HITM0012735,HORD004060,PRD0176,2,653.3,1306.6
HITM0014996,HORD004769,PRD0076,2,705.93,1411.86
HITM0014997,HORD004769,PRD0257,1,637.63,637.63
HITM0014998,HORD004769,PRD0580,1,109.85,109.85
HITM0014999,HORD004769,PRD0527,1,1407.36,1407.36
HITM0012901,HORD004109,PRD0817,1,2026.78,2026.78
HITM0012902,HORD004109,PRD0331,1,1570.55,1570.55
HITM0012903,HORD004109,PRD0617,1,629.04,629.04
HITM0012881,HORD004102,PRD0578,1,625.32,625.32
HITM0012882,HORD004102,PRD0108,2,323.48,646.96
HITM0012883,HORD004102,PRD0763,1,1579.7,1579.7
HITM0011641,HORD003708,PRD0091,1,2264.24,2264.24
HITM0011642,HORD003708,PRD0015,2,238.76,477.52
HITM0003226,HORD001036,PRD0861,1,3043.65,3043.65
HITM0003227,HORD001036,PRD0209,1,164.63,164.63
HITM0003228,HORD001036,PRD0350,1,142.11,142.11
HITM0003229,HORD001036,PRD0588,1,277.14,277.14
HITM0003230,HORD001036,PRD0268,1,1094.58,1094.58
HITM0008177,HORD002601,PRD0488,1,281.31,281.31
HITM0008178,HORD002601,PRD0795,1,841.05,841.05
HITM0008179,HORD002601,PRD0544,1,1611.97,1611.97
HITM0010149,HORD003227,PRD0028,3,855.88,2567.64
HITM0006392,HORD002042,PRD0400,1,249.11,249.11
HITM0008290,HORD002633,PRD0171,1,1970.35,1970.35
HITM0008291,HORD002633,PRD0237,1,1587.04,1587.04
HITM0008292,HORD002633,PRD0704,1,2975.95,2975.95
HITM0008293,HORD002633,PRD0658,3,353.59,1060.77
HITM0009196,HORD002921,PRD0350,1,142.11,142.11
HITM0009197,HORD002921,PRD0020,1,47.5,47.5
HITM0012664,HORD004041,PRD0635,1,809.45,809.45
HITM0012665,HORD004041,PRD0530,1,14.38,14.38
HITM0012666,HORD004041,PRD0175,1,1014.37,1014.37
HITM0003197,HORD001026,PRD0159,1,1281.12,1281.12
HITM0003198,HORD001026,PRD0746,1,804.31,804.31
HITM0003199,HORD001026,PRD0300,2,158.44,316.88
HITM0003200,HORD001026,PRD0314,1,1247.26,1247.26
HITM0003201,HORD001026,PRD0225,1,255.65,255.65
HITM0000308,HORD000103,PRD0196,1,206.29,206.29
HITM0000309,HORD000103,PRD0090,2,99.88,199.76
HITM0000310,HORD000103,PRD0559,1,531.55,531.55
HITM0003031,HORD000973,PRD0248,2,1065.71,2131.42
HITM0003032,HORD000973,PRD0785,1,86.54,86.54
HITM0003033,HORD000973,PRD0691,2,2417.17,4834.34
HITM0003034,HORD000973,PRD0365,1,489.23,489.23
HITM0004930,HORD001579,PRD0588,1,277.14,277.14
HITM0004931,HORD001579,PRD0017,1,1979.17,1979.17
HITM0013614,HORD004335,PRD0965,1,536.69,536.69
HITM0013615,HORD004335,PRD0486,1,706.44,706.44
HITM0013616,HORD004335,PRD0186,1,480.83,480.83
HITM0013617,HORD004335,PRD0223,1,1020.19,1020.19
HITM0009476,HORD003008,PRD0628,1,219.29,219.29
HITM0009477,HORD003008,PRD0354,1,1130.05,1130.05
HITM0009478,HORD003008,PRD0657,2,1084.44,2168.88
HITM0009479,HORD003008,PRD0447,1,1044.91,1044.91
HITM0002580,HORD000835,PRD0076,1,705.93,705.93
HITM0002581,HORD000835,PRD0848,2,289.88,579.76
HITM0013956,HORD004435,PRD0953,1,536.06,536.06
HITM0013957,HORD004435,PRD0189,1,1162.73,1162.73
HITM0003886,HORD001253,PRD0359,2,196.54,393.08
HITM0003887,HORD001253,PRD0030,1,405.09,405.09
HITM0005483,HORD001754,PRD0221,1,2253.19,2253.19
HITM0005484,HORD001754,PRD0325,3,161.7,485.1
HITM0001164,HORD000376,PRD0858,1,179.07,179.07
HITM0001165,HORD000376,PRD0615,1,159.68,159.68
HITM0001166,HORD000376,PRD0109,1,429.51,429.51
HITM0011491,HORD003661,PRD0617,1,629.04,629.04
HITM0011492,HORD003661,PRD0663,1,599.38,599.38
HITM0000202,HORD000069,PRD0455,1,191.31,191.31
HITM0000203,HORD000069,PRD0180,1,386.36,386.36
HITM0007922,HORD002518,PRD0226,1,202.49,202.49
HITM0007923,HORD002518,PRD0533,1,789.09,789.09
HITM0001442,HORD000464,PRD0780,3,297.57,892.71
HITM0001443,HORD000464,PRD0492,1,1105.9,1105.9
HITM0000607,HORD000199,PRD0590,2,54.96,109.92
HITM0000608,HORD000199,PRD0460,1,19.84,19.84
HITM0000609,HORD000199,PRD0038,1,769.34,769.34
HITM0000929,HORD000301,PRD0265,2,1188.22,2376.44
HITM0000930,HORD000301,PRD0794,2,1445.08,2890.16
HITM0000931,HORD000301,PRD0438,1,767.87,767.87
HITM0008609,HORD002736,PRD0402,1,400.07,400.07
HITM0003556,HORD001148,PRD0030,1,405.09,405.09
HITM0003557,HORD001148,PRD0849,1,216.96,216.96
HITM0015506,HORD004937,PRD0266,1,189.02,189.02
HITM0015507,HORD004937,PRD0102,2,581.67,1163.34
HITM0015508,HORD004937,PRD0531,1,2895.4,2895.4
HITM0013511,HORD004301,PRD0782,1,483.91,483.91
HITM0013512,HORD004301,PRD0362,1,1208.57,1208.57
HITM0013513,HORD004301,PRD0375,1,495.35,495.35
HITM0010367,HORD003296,PRD0926,1,546.12,546.12
HITM0010368,HORD003296,PRD0470,1,91.58,91.58
HITM0010369,HORD003296,PRD0346,1,470.11,470.11
HITM0005081,HORD001627,PRD0103,1,421.42,421.42
HITM0005082,HORD001627,PRD0362,1,1208.57,1208.57
HITM0005083,HORD001627,PRD0466,1,362.96,362.96
HITM0005084,HORD001627,PRD0160,1,361.95,361.95
HITM0012762,HORD004069,PRD0544,2,1611.97,3223.94
HITM0012763,HORD004069,PRD0528,3,478.44,1435.32
HITM0012764,HORD004069,PRD0785,1,86.54,86.54
HITM0008508,HORD002705,PRD0794,1,1445.08,1445.08
HITM0008509,HORD002705,PRD0455,1,191.31,191.31
HITM0008510,HORD002705,PRD0674,1,3768.2,3768.2
HITM0008511,HORD002705,PRD0002,1,455.28,455.28
HITM0008303,HORD002637,PRD0839,1,835.25,835.25
HITM0008304,HORD002637,PRD0310,1,351.06,351.06
HITM0008305,HORD002637,PRD0875,2,243.6,487.2
HITM0008306,HORD002637,PRD0929,1,1112.27,1112.27
HITM0008268,HORD002627,PRD0068,1,316.68,316.68
HITM0008269,HORD002627,PRD0960,1,322.58,322.58
HITM0008270,HORD002627,PRD0187,2,2390.01,4780.02
HITM0008271,HORD002627,PRD0481,1,3068.96,3068.96
HITM0008272,HORD002627,PRD0511,1,1327.08,1327.08
HITM0012614,HORD004023,PRD0483,1,436.08,436.08
HITM0012615,HORD004023,PRD0293,1,1383.27,1383.27
HITM0012616,HORD004023,PRD0132,2,691.37,1382.74
HITM0000027,HORD000011,PRD0232,1,358.39,358.39
HITM0000028,HORD000011,PRD0753,1,377.42,377.42
HITM0002307,HORD000746,PRD0027,1,431.75,431.75
HITM0002308,HORD000746,PRD0839,1,835.25,835.25
HITM0002309,HORD000746,PRD0645,1,262.13,262.13
HITM0002310,HORD000746,PRD0260,1,100.02,100.02
HITM0015016,HORD004775,PRD0787,1,189.07,189.07
HITM0015017,HORD004775,PRD0568,1,670.01,670.01
HITM0015018,HORD004775,PRD0094,1,3733.59,3733.59
HITM0015019,HORD004775,PRD0939,1,966.3,966.3
HITM0003753,HORD001210,PRD0970,2,203.54,407.08
HITM0003754,HORD001210,PRD0214,2,753.54,1507.08
HITM0003755,HORD001210,PRD0093,2,1330.98,2661.96
HITM0014829,HORD004718,PRD0139,1,877.46,877.46
HITM0014830,HORD004718,PRD0072,1,1642.51,1642.51
HITM0014831,HORD004718,PRD0232,1,358.39,358.39
HITM0014832,HORD004718,PRD0956,1,584.64,584.64
HITM0014833,HORD004718,PRD0925,2,557.83,1115.66
HITM0009437,HORD002997,PRD0236,1,135.01,135.01
HITM0009438,HORD002997,PRD0456,2,690.03,1380.06
HITM0009439,HORD002997,PRD0261,1,2576.1,2576.1
HITM0011881,HORD003785,PRD0272,3,1161.16,3483.48
HITM0011882,HORD003785,PRD0607,2,113.06,226.12
HITM0011883,HORD003785,PRD0717,2,1445.8,2891.6
HITM0004155,HORD001337,PRD0485,1,283.51,283.51
HITM0004156,HORD001337,PRD0158,2,751.25,1502.5
HITM0004157,HORD001337,PRD0687,1,200.01,200.01
HITM0014335,HORD004560,PRD0507,1,954.32,954.32
HITM0014336,HORD004560,PRD0479,1,1360.38,1360.38
HITM0014337,HORD004560,PRD0970,1,203.54,203.54
HITM0002459,HORD000797,PRD0403,1,1021.92,1021.92
HITM0002460,HORD000797,PRD0992,1,1431.3,1431.3
HITM0004132,HORD001328,PRD0413,2,420.29,840.58
HITM0004133,HORD001328,PRD0930,1,62.22,62.22
HITM0002293,HORD000741,PRD0082,2,1101.3,2202.6
HITM0002294,HORD000741,PRD0037,1,2028.72,2028.72
HITM0002295,HORD000741,PRD0540,1,16.38,16.38
HITM0002296,HORD000741,PRD0550,1,112.99,112.99
HITM0002297,HORD000741,PRD0922,1,1800.32,1800.32
HITM0009854,HORD003132,PRD0720,1,216.18,216.18
HITM0009855,HORD003132,PRD0756,1,177.47,177.47
HITM0009856,HORD003132,PRD0464,1,4106.6,4106.6
HITM0009857,HORD003132,PRD0366,1,547.49,547.49
HITM0003106,HORD000995,PRD0995,1,69.16,69.16
HITM0003107,HORD000995,PRD0212,1,1821.52,1821.52
HITM0003108,HORD000995,PRD0782,1,483.91,483.91
HITM0003109,HORD000995,PRD0478,1,966.98,966.98
HITM0012516,HORD003993,PRD0862,1,717.42,717.42
HITM0012517,HORD003993,PRD0212,3,1821.52,5464.56
HITM0011305,HORD003601,PRD0524,2,2636.76,5273.52
HITM0011306,HORD003601,PRD0756,1,177.47,177.47
HITM0011307,HORD003601,PRD0003,1,472.24,472.24
HITM0015661,HORD004991,PRD0789,1,416.43,416.43
HITM0015662,HORD004991,PRD0531,1,2895.4,2895.4
HITM0015663,HORD004991,PRD0284,1,600.42,600.42
HITM0007963,HORD002530,PRD0676,1,45.2,45.2
HITM0007964,HORD002530,PRD0195,1,715.6,715.6
HITM0007965,HORD002530,PRD0747,1,1353.66,1353.66
HITM0007966,HORD002530,PRD0107,1,1601.0,1601.0
HITM0006493,HORD002076,PRD0960,1,322.58,322.58
HITM0006494,HORD002076,PRD0890,1,309.69,309.69
HITM0006495,HORD002076,PRD0163,2,1426.46,2852.92
HITM0015068,HORD004794,PRD0220,1,201.85,201.85
HITM0015069,HORD004794,PRD0237,2,1587.04,3174.08
HITM0006011,HORD001921,PRD0815,1,261.87,261.87
HITM0006012,HORD001921,PRD0760,2,36.27,72.54
HITM0006013,HORD001921,PRD0533,1,789.09,789.09
HITM0006014,HORD001921,PRD0110,2,113.31,226.62
HITM0006576,HORD002100,PRD0242,1,600.25,600.25
HITM0006577,HORD002100,PRD0598,1,723.86,723.86
HITM0013157,HORD004186,PRD0910,1,53.54,53.54
HITM0013158,HORD004186,PRD0699,1,373.99,373.99
HITM0013159,HORD004186,PRD0521,2,1257.03,2514.06
HITM0013160,HORD004186,PRD0056,1,258.5,258.5
HITM0005991,HORD001915,PRD0628,2,219.29,438.58
HITM0005992,HORD001915,PRD0437,2,2045.28,4090.56
HITM0005993,HORD001915,PRD0116,1,295.88,295.88
HITM0010843,HORD003453,PRD0934,1,789.27,789.27
HITM0010844,HORD003453,PRD0784,2,3893.33,7786.66
HITM0010845,HORD003453,PRD0023,1,688.53,688.53
HITM0011772,HORD003746,PRD0067,1,374.02,374.02
HITM0011773,HORD003746,PRD0162,1,318.31,318.31
HITM0011774,HORD003746,PRD0440,1,413.05,413.05
HITM0011775,HORD003746,PRD0612,1,385.34,385.34
HITM0003394,HORD001094,PRD0780,1,297.57,297.57
HITM0003395,HORD001094,PRD0180,1,386.36,386.36
HITM0003396,HORD001094,PRD0995,1,69.16,69.16
HITM0003397,HORD001094,PRD0439,1,74.96,74.96
HITM0004387,HORD001408,PRD0520,1,331.38,331.38
HITM0004388,HORD001408,PRD0908,1,81.42,81.42
HITM0008949,HORD002843,PRD0168,1,341.32,341.32
HITM0008950,HORD002843,PRD0642,1,1517.82,1517.82
HITM0008951,HORD002843,PRD0672,1,1690.15,1690.15
HITM0008952,HORD002843,PRD0096,1,569.77,569.77
HITM0001640,HORD000530,PRD0996,1,455.11,455.11
HITM0001641,HORD000530,PRD0960,2,322.58,645.16
HITM0001642,HORD000530,PRD0533,1,789.09,789.09
HITM0001643,HORD000530,PRD0994,1,1481.14,1481.14
HITM0002516,HORD000817,PRD0562,2,670.44,1340.88
HITM0002517,HORD000817,PRD0626,1,521.1,521.1
HITM0002518,HORD000817,PRD0073,2,900.89,1801.78
HITM0002519,HORD000817,PRD0526,1,208.36,208.36
HITM0009866,HORD003135,PRD0553,2,941.32,1882.64
HITM0009867,HORD003135,PRD0972,1,1389.65,1389.65
HITM0001382,HORD000445,PRD0374,2,772.23,1544.46
HITM0001383,HORD000445,PRD0695,1,663.83,663.83
HITM0001384,HORD000445,PRD0419,1,100.25,100.25
HITM0001385,HORD000445,PRD0945,1,730.35,730.35
HITM0008283,HORD002631,PRD0594,1,2821.84,2821.84
HITM0008284,HORD002631,PRD0199,1,1349.0,1349.0
HITM0008285,HORD002631,PRD0393,1,310.3,310.3
HITM0011075,HORD003529,PRD0632,1,372.28,372.28
HITM0011626,HORD003703,PRD0512,1,853.36,853.36
HITM0011627,HORD003703,PRD0246,1,362.52,362.52
HITM0011628,HORD003703,PRD0454,1,1083.26,1083.26
HITM0011629,HORD003703,PRD0141,3,995.53,2986.59
HITM0006210,HORD001986,PRD0843,1,1192.62,1192.62
HITM0006211,HORD001986,PRD0375,2,495.35,990.7
HITM0006212,HORD001986,PRD0534,1,781.55,781.55
HITM0006213,HORD001986,PRD0158,1,751.25,751.25
HITM0006214,HORD001986,PRD0398,1,809.04,809.04
HITM0003971,HORD001277,PRD0250,1,376.98,376.98
HITM0003972,HORD001277,PRD0859,2,1242.69,2485.38
HITM0003973,HORD001277,PRD0440,1,413.05,413.05
HITM0002839,HORD000914,PRD0621,1,3087.07,3087.07
HITM0002840,HORD000914,PRD0739,1,1069.28,1069.28
HITM0002841,HORD000914,PRD0019,1,1401.86,1401.86
HITM0000447,HORD000151,PRD0572,2,1338.04,2676.08
HITM0006364,HORD002034,PRD0655,1,1032.43,1032.43
HITM0006365,HORD002034,PRD0527,1,1407.36,1407.36
HITM0006366,HORD002034,PRD0343,3,634.07,1902.21
HITM0006367,HORD002034,PRD0325,1,161.7,161.7
HITM0014269,HORD004541,PRD0284,1,600.42,600.42
HITM0014270,HORD004541,PRD0158,1,751.25,751.25
HITM0014271,HORD004541,PRD0930,1,62.22,62.22
HITM0008363,HORD002655,PRD0930,1,62.22,62.22
HITM0008364,HORD002655,PRD0929,1,1112.27,1112.27
HITM0008365,HORD002655,PRD0031,2,1902.42,3804.84
HITM0008366,HORD002655,PRD0868,2,1088.06,2176.12
HITM0008367,HORD002655,PRD0877,1,507.09,507.09
HITM0013341,HORD004245,PRD0845,1,323.81,323.81
HITM0013342,HORD004245,PRD0439,2,74.96,149.92
HITM0013343,HORD004245,PRD0710,1,193.26,193.26
HITM0013344,HORD004245,PRD0328,1,634.48,634.48
HITM0009143,HORD002902,PRD0760,1,36.27,36.27
HITM0009144,HORD002902,PRD0787,2,189.07,378.14
HITM0014449,HORD004599,PRD0047,1,64.28,64.28
HITM0014450,HORD004599,PRD0238,1,866.49,866.49
HITM0014451,HORD004599,PRD0087,1,2316.68,2316.68
HITM0014452,HORD004599,PRD0981,1,2201.61,2201.61
HITM0001494,HORD000482,PRD0396,1,385.11,385.11
HITM0001495,HORD000482,PRD0525,1,1134.69,1134.69
HITM0001496,HORD000482,PRD0965,2,536.69,1073.38
HITM0010537,HORD003352,PRD0059,1,602.47,602.47
HITM0010538,HORD003352,PRD0413,1,420.29,420.29
HITM0010539,HORD003352,PRD0010,1,23.5,23.5
HITM0010540,HORD003352,PRD0559,2,531.55,1063.1
HITM0013217,HORD004204,PRD0785,2,86.54,173.08
HITM0013218,HORD004204,PRD0798,2,999.78,1999.56
HITM0002325,HORD000751,PRD0920,1,53.18,53.18
HITM0002326,HORD000751,PRD0336,1,761.65,761.65
HITM0002327,HORD000751,PRD0227,1,853.87,853.87
HITM0005294,HORD001691,PRD0858,1,179.07,179.07
HITM0005295,HORD001691,PRD0893,3,1076.78,3230.34
HITM0005296,HORD001691,PRD0520,1,331.38,331.38
HITM0005297,HORD001691,PRD0411,3,1693.96,5081.88
HITM0005298,HORD001691,PRD0465,1,61.33,61.33
HITM0014120,HORD004490,PRD0858,1,179.07,179.07
HITM0014121,HORD004490,PRD0078,2,280.55,561.1
HITM0014122,HORD004490,PRD0120,2,348.09,696.18
HITM0008491,HORD002699,PRD0195,1,715.6,715.6
HITM0008492,HORD002699,PRD0588,1,277.14,277.14
HITM0008493,HORD002699,PRD0013,2,1325.85,2651.7
HITM0000754,HORD000243,PRD0312,1,523.23,523.23
HITM0000755,HORD000243,PRD0455,1,191.31,191.31
HITM0004318,HORD001387,PRD0766,2,655.3,1310.6
HITM0004319,HORD001387,PRD0245,1,645.34,645.34
HITM0004320,HORD001387,PRD0186,1,480.83,480.83
HITM0007479,HORD002383,PRD0672,1,1690.15,1690.15
HITM0007480,HORD002383,PRD0070,1,257.34,257.34
HITM0010860,HORD003458,PRD0550,1,112.99,112.99
HITM0010861,HORD003458,PRD0697,2,590.16,1180.32
HITM0010862,HORD003458,PRD0563,1,1356.35,1356.35
HITM0010777,HORD003432,PRD0737,1,420.63,420.63
HITM0010778,HORD003432,PRD0206,1,433.31,433.31
HITM0010779,HORD003432,PRD0080,1,60.33,60.33
HITM0010780,HORD003432,PRD0239,3,271.25,813.75
HITM0010074,HORD003201,PRD0839,1,835.25,835.25
HITM0010075,HORD003201,PRD0633,2,804.04,1608.08
HITM0003698,HORD001193,PRD0536,1,825.29,825.29
HITM0003699,HORD001193,PRD0831,2,1542.33,3084.66
HITM0003700,HORD001193,PRD0738,1,357.89,357.89
HITM0004389,HORD001409,PRD0772,1,306.42,306.42
HITM0004390,HORD001409,PRD0596,1,596.4,596.4
HITM0004391,HORD001409,PRD0799,1,1443.92,1443.92
HITM0003385,HORD001090,PRD0970,1,203.54,203.54
HITM0003386,HORD001090,PRD0895,2,830.36,1660.72
HITM0006975,HORD002227,PRD0118,1,148.01,148.01
HITM0006976,HORD002227,PRD0650,2,129.9,259.8
HITM0000932,HORD000302,PRD0034,1,780.7,780.7
HITM0000933,HORD000302,PRD0971,1,1257.81,1257.81
HITM0002489,HORD000807,PRD0015,1,238.76,238.76
HITM0002490,HORD000807,PRD0223,2,1020.19,2040.38
HITM0001237,HORD000399,PRD0711,1,2598.42,2598.42
HITM0001238,HORD000399,PRD0191,1,1103.43,1103.43
HITM0001239,HORD000399,PRD0167,1,2512.16,2512.16
HITM0001240,HORD000399,PRD0264,2,3567.97,7135.94
HITM0001241,HORD000399,PRD0706,1,493.43,493.43
HITM0014114,HORD004488,PRD0225,1,255.65,255.65
HITM0014115,HORD004488,PRD0328,1,634.48,634.48
HITM0014116,HORD004488,PRD0649,1,1282.36,1282.36
HITM0014117,HORD004488,PRD0700,1,241.67,241.67
HITM0014118,HORD004488,PRD0155,2,171.72,343.44
HITM0005597,HORD001792,PRD0017,1,1979.17,1979.17
HITM0005598,HORD001792,PRD0132,2,691.37,1382.74
HITM0005599,HORD001792,PRD1000,1,192.28,192.28
HITM0005600,HORD001792,PRD0997,2,602.38,1204.76
HITM0002593,HORD000839,PRD0057,2,1785.63,3571.26
HITM0002594,HORD000839,PRD0039,1,150.51,150.51
HITM0002595,HORD000839,PRD0150,2,189.45,378.9
HITM0010625,HORD003382,PRD0289,1,1441.37,1441.37
HITM0010626,HORD003382,PRD0650,3,129.9,389.7
HITM0010627,HORD003382,PRD0848,1,289.88,289.88
HITM0007028,HORD002245,PRD0122,1,674.12,674.12
HITM0007029,HORD002245,PRD0276,1,337.93,337.93
HITM0007030,HORD002245,PRD0336,1,761.65,761.65
HITM0007031,HORD002245,PRD0624,1,4122.57,4122.57
HITM0007032,HORD002245,PRD0819,3,191.18,573.54
HITM0006202,HORD001984,PRD0888,2,828.95,1657.9
HITM0006203,HORD001984,PRD0175,1,1014.37,1014.37
HITM0006204,HORD001984,PRD0568,1,670.01,670.01
HITM0006205,HORD001984,PRD0283,1,1338.12,1338.12
HITM0002897,HORD000932,PRD0345,1,1050.02,1050.02
HITM0004479,HORD001437,PRD0755,1,802.94,802.94
HITM0004480,HORD001437,PRD0296,1,440.13,440.13
HITM0004481,HORD001437,PRD0321,1,1131.25,1131.25
HITM0012299,HORD003929,PRD0080,1,60.33,60.33
HITM0012300,HORD003929,PRD0196,1,206.29,206.29
HITM0012301,HORD003929,PRD0224,1,460.12,460.12
HITM0012302,HORD003929,PRD0008,1,442.13,442.13
HITM0012303,HORD003929,PRD0396,1,385.11,385.11
HITM0009223,HORD002930,PRD0887,1,1400.8,1400.8
HITM0009224,HORD002930,PRD0110,1,113.31,113.31
HITM0007461,HORD002378,PRD0058,1,243.69,243.69
HITM0007462,HORD002378,PRD0542,1,1879.25,1879.25
HITM0007463,HORD002378,PRD0859,2,1242.69,2485.38
HITM0007464,HORD002378,PRD0105,1,325.21,325.21
HITM0010199,HORD003244,PRD0110,1,113.31,113.31
HITM0010200,HORD003244,PRD0175,1,1014.37,1014.37
HITM0010201,HORD003244,PRD0519,1,154.53,154.53
HITM0010202,HORD003244,PRD0846,1,671.93,671.93
HITM0007753,HORD002465,PRD0338,1,472.36,472.36
HITM0007754,HORD002465,PRD0054,1,4096.4,4096.4
HITM0007755,HORD002465,PRD0336,2,761.65,1523.3
HITM0002152,HORD000694,PRD0456,1,690.03,690.03
HITM0002153,HORD000694,PRD0276,1,337.93,337.93
HITM0002154,HORD000694,PRD0604,1,1031.83,1031.83
HITM0002155,HORD000694,PRD0888,1,828.95,828.95
HITM0012215,HORD003899,PRD0485,2,283.51,567.02
HITM0012216,HORD003899,PRD0473,1,1300.2,1300.2
HITM0012217,HORD003899,PRD0177,1,1216.85,1216.85
HITM0012218,HORD003899,PRD0899,1,180.25,180.25
HITM0014918,HORD004746,PRD0879,1,287.13,287.13
HITM0014919,HORD004746,PRD0235,1,158.61,158.61
HITM0014920,HORD004746,PRD0827,1,1819.32,1819.32
HITM0005772,HORD001848,PRD0766,2,655.3,1310.6
HITM0005773,HORD001848,PRD0697,1,590.16,590.16
HITM0004467,HORD001433,PRD0712,1,331.7,331.7
HITM0004468,HORD001433,PRD0690,1,115.07,115.07
HITM0004469,HORD001433,PRD0816,2,125.37,250.74
HITM0004470,HORD001433,PRD0106,1,385.13,385.13
HITM0004471,HORD001433,PRD0945,1,730.35,730.35
HITM0008207,HORD002609,PRD0291,1,2310.69,2310.69
HITM0008208,HORD002609,PRD0141,1,995.53,995.53
HITM0008209,HORD002609,PRD0460,1,19.84,19.84
HITM0012403,HORD003961,PRD0959,3,1028.98,3086.94
HITM0012404,HORD003961,PRD0060,1,170.83,170.83
HITM0012405,HORD003961,PRD0794,1,1445.08,1445.08
HITM0003359,HORD001081,PRD0042,1,1480.28,1480.28
HITM0003360,HORD001081,PRD0080,1,60.33,60.33
HITM0003361,HORD001081,PRD0542,1,1879.25,1879.25
HITM0003302,HORD001065,PRD0918,2,781.2,1562.4
HITM0003303,HORD001065,PRD0817,2,2026.78,4053.56
HITM0003304,HORD001065,PRD0107,2,1601.0,3202.0
HITM0003569,HORD001152,PRD0092,1,370.43,370.43
HITM0003570,HORD001152,PRD0569,1,870.85,870.85
HITM0003571,HORD001152,PRD0135,1,1040.75,1040.75
HITM0001724,HORD000561,PRD0866,1,487.97,487.97
HITM0001725,HORD000561,PRD0549,1,660.48,660.48
HITM0001726,HORD000561,PRD0976,1,196.82,196.82
HITM0010532,HORD003350,PRD0999,2,626.07,1252.14
HITM0010533,HORD003350,PRD0560,1,176.65,176.65
HITM0013553,HORD004314,PRD0521,1,1257.03,1257.03
HITM0013554,HORD004314,PRD0970,1,203.54,203.54
HITM0000678,HORD000220,PRD0896,1,452.47,452.47
HITM0000679,HORD000220,PRD0600,1,62.84,62.84
HITM0000680,HORD000220,PRD0643,2,1502.77,3005.54
HITM0006055,HORD001934,PRD0060,3,170.83,512.49
HITM0008906,HORD002830,PRD0628,1,219.29,219.29
HITM0008907,HORD002830,PRD0574,1,2952.04,2952.04
HITM0008908,HORD002830,PRD0386,1,167.3,167.3
HITM0004379,HORD001405,PRD0813,2,326.38,652.76
HITM0004380,HORD001405,PRD0145,1,672.85,672.85
HITM0004381,HORD001405,PRD0369,1,429.26,429.26
HITM0007286,HORD002321,PRD0681,1,1086.83,1086.83
HITM0007287,HORD002321,PRD0907,1,130.49,130.49
HITM0007288,HORD002321,PRD0286,3,725.81,2177.43
HITM0007289,HORD002321,PRD0792,2,1375.74,2751.48
HITM0007290,HORD002321,PRD0559,1,531.55,531.55
HITM0009702,HORD003084,PRD0660,1,137.13,137.13
HITM0009703,HORD003084,PRD0239,1,271.25,271.25
HITM0009704,HORD003084,PRD0860,1,113.03,113.03
HITM0012869,HORD004099,PRD0099,1,1406.39,1406.39
HITM0012870,HORD004099,PRD0730,1,418.77,418.77
HITM0012871,HORD004099,PRD0684,1,1730.11,1730.11
HITM0012872,HORD004099,PRD0969,1,1212.01,1212.01
HITM0010963,HORD003490,PRD0209,1,164.63,164.63
HITM0010964,HORD003490,PRD0106,1,385.13,385.13
HITM0010965,HORD003490,PRD0135,1,1040.75,1040.75
HITM0011836,HORD003768,PRD0425,1,932.26,932.26
HITM0011837,HORD003768,PRD0953,1,536.06,536.06
HITM0011490,HORD003660,PRD0165,1,567.68,567.68
HITM0011366,HORD003619,PRD0588,1,277.14,277.14
HITM0011367,HORD003619,PRD0830,1,121.26,121.26
HITM0007847,HORD002494,PRD0485,1,283.51,283.51
HITM0007848,HORD002494,PRD0176,1,653.3,653.3
HITM0007849,HORD002494,PRD0786,2,142.49,284.98
HITM0004117,HORD001324,PRD0487,1,322.51,322.51
HITM0004118,HORD001324,PRD0704,1,2975.95,2975.95
HITM0004119,HORD001324,PRD0064,1,3541.77,3541.77
HITM0004120,HORD001324,PRD0256,1,694.57,694.57
HITM0004121,HORD001324,PRD0320,1,154.64,154.64
HITM0002248,HORD000726,PRD0538,1,1028.4,1028.4
HITM0002249,HORD000726,PRD0306,1,677.68,677.68
HITM0002250,HORD000726,PRD0717,1,1445.8,1445.8
HITM0014577,HORD004638,PRD0464,1,4106.6,4106.6
HITM0014578,HORD004638,PRD0607,1,113.06,113.06
HITM0014579,HORD004638,PRD0688,1,409.87,409.87
HITM0014580,HORD004638,PRD0697,1,590.16,590.16
HITM0002788,HORD000899,PRD0423,1,684.99,684.99
HITM0002789,HORD000899,PRD0146,1,510.27,510.27
HITM0002790,HORD000899,PRD0013,1,1325.85,1325.85
HITM0005496,HORD001759,PRD0621,1,3087.07,3087.07
HITM0005497,HORD001759,PRD0678,1,566.98,566.98
HITM0005498,HORD001759,PRD0907,1,130.49,130.49
HITM0005499,HORD001759,PRD0991,1,1841.41,1841.41
HITM0000392,HORD000133,PRD0047,2,64.28,128.56
HITM0000393,HORD000133,PRD0637,1,1350.41,1350.41
HITM0000394,HORD000133,PRD0112,1,387.62,387.62
HITM0000395,HORD000133,PRD0313,2,1471.48,2942.96
HITM0000396,HORD000133,PRD0456,2,690.03,1380.06
HITM0010766,HORD003429,PRD0325,1,161.7,161.7
HITM0010767,HORD003429,PRD0079,1,211.65,211.65
HITM0010768,HORD003429,PRD0949,1,727.16,727.16
HITM0012225,HORD003902,PRD0837,1,2447.06,2447.06
HITM0012226,HORD003902,PRD0517,2,1601.01,3202.02
HITM0012227,HORD003902,PRD0932,1,447.1,447.1
HITM0010798,HORD003438,PRD0066,1,291.03,291.03
HITM0010799,HORD003438,PRD0445,1,830.34,830.34
HITM0010800,HORD003438,PRD0270,1,154.55,154.55
HITM0015163,HORD004823,PRD0991,2,1841.41,3682.82
HITM0015164,HORD004823,PRD0903,1,980.26,980.26
HITM0015165,HORD004823,PRD0010,1,23.5,23.5
HITM0015166,HORD004823,PRD0016,2,594.47,1188.94
HITM0014355,HORD004567,PRD0209,1,164.63,164.63
HITM0014356,HORD004567,PRD0813,2,326.38,652.76
HITM0014357,HORD004567,PRD0383,1,584.39,584.39
HITM0003344,HORD001077,PRD0334,1,1182.39,1182.39
HITM0003345,HORD001077,PRD0578,1,625.32,625.32
HITM0003346,HORD001077,PRD0652,1,1300.01,1300.01
HITM0014866,HORD004730,PRD0630,2,227.99,455.98
HITM0014867,HORD004730,PRD0417,1,876.48,876.48
HITM0014868,HORD004730,PRD0051,1,2305.52,2305.52
HITM0014869,HORD004730,PRD0508,1,513.6,513.6
HITM0007777,HORD002472,PRD0071,1,2671.31,2671.31
HITM0007778,HORD002472,PRD0974,1,3468.15,3468.15
HITM0007779,HORD002472,PRD0298,1,275.37,275.37
HITM0008819,HORD002802,PRD0610,1,347.23,347.23
HITM0008820,HORD002802,PRD0603,1,557.9,557.9
HITM0008821,HORD002802,PRD0560,1,176.65,176.65
HITM0008822,HORD002802,PRD0242,2,600.25,1200.5
HITM0008823,HORD002802,PRD0676,1,45.2,45.2
HITM0006183,HORD001978,PRD0417,1,876.48,876.48
HITM0006184,HORD001978,PRD0825,1,363.11,363.11
HITM0015014,HORD004774,PRD0625,1,840.9,840.9
HITM0015015,HORD004774,PRD0881,1,2880.61,2880.61
HITM0007523,HORD002398,PRD0124,1,1400.78,1400.78
HITM0007524,HORD002398,PRD0156,1,400.24,400.24
HITM0007525,HORD002398,PRD0877,2,507.09,1014.18
HITM0007526,HORD002398,PRD0757,1,1540.4,1540.4
HITM0007527,HORD002398,PRD0403,1,1021.92,1021.92
HITM0004629,HORD001485,PRD0535,1,536.13,536.13
HITM0014936,HORD004751,PRD0901,3,2926.07,8778.21
HITM0014937,HORD004751,PRD0934,1,789.27,789.27
HITM0011160,HORD003558,PRD0460,1,19.84,19.84
HITM0011161,HORD003558,PRD0157,1,591.59,591.59
HITM0010975,HORD003495,PRD0479,1,1360.38,1360.38
HITM0006520,HORD002084,PRD0132,1,691.37,691.37
HITM0006521,HORD002084,PRD0891,1,2117.27,2117.27
HITM0006522,HORD002084,PRD0065,2,1196.5,2393.0
HITM0006523,HORD002084,PRD0080,1,60.33,60.33
HITM0006524,HORD002084,PRD0290,2,154.65,309.3
HITM0012495,HORD003988,PRD0625,1,840.9,840.9
HITM0012496,HORD003988,PRD0208,2,569.31,1138.62
HITM0012497,HORD003988,PRD0657,1,1084.44,1084.44
HITM0012498,HORD003988,PRD0172,1,594.18,594.18
HITM0012499,HORD003988,PRD0456,3,690.03,2070.09
HITM0005354,HORD001709,PRD0843,3,1192.62,3577.86
HITM0005355,HORD001709,PRD0132,1,691.37,691.37
HITM0005356,HORD001709,PRD0873,1,665.62,665.62
HITM0000807,HORD000262,PRD0737,1,420.63,420.63
HITM0000808,HORD000262,PRD0346,1,470.11,470.11
HITM0003266,HORD001050,PRD0236,1,135.01,135.01
HITM0003267,HORD001050,PRD0439,1,74.96,74.96
HITM0003268,HORD001050,PRD0536,1,825.29,825.29
HITM0007567,HORD002410,PRD0789,1,416.43,416.43
HITM0007568,HORD002410,PRD0819,1,191.18,191.18
HITM0007569,HORD002410,PRD0002,1,455.28,455.28
HITM0007570,HORD002410,PRD0348,1,643.07,643.07
HITM0014391,HORD004580,PRD0332,1,858.21,858.21
HITM0014392,HORD004580,PRD0683,1,704.09,704.09
HITM0014393,HORD004580,PRD0903,1,980.26,980.26
HITM0010246,HORD003258,PRD0762,1,1016.52,1016.52
HITM0010247,HORD003258,PRD0342,2,1179.87,2359.74
HITM0010248,HORD003258,PRD0935,1,1070.56,1070.56
HITM0010249,HORD003258,PRD0703,2,529.32,1058.64
HITM0010250,HORD003258,PRD0435,2,306.84,613.68
HITM0013672,HORD004352,PRD0241,1,2817.68,2817.68
HITM0013673,HORD004352,PRD0961,1,2282.29,2282.29
HITM0013674,HORD004352,PRD0816,1,125.37,125.37
HITM0013675,HORD004352,PRD0479,1,1360.38,1360.38
HITM0009555,HORD003036,PRD0351,1,1461.95,1461.95
HITM0009556,HORD003036,PRD0899,1,180.25,180.25
HITM0009557,HORD003036,PRD0491,1,2132.04,2132.04
HITM0009532,HORD003028,PRD0198,1,492.76,492.76
HITM0009533,HORD003028,PRD0015,1,238.76,238.76
HITM0003974,HORD001278,PRD0233,2,1369.87,2739.74
HITM0003975,HORD001278,PRD0541,3,1257.3,3771.9
HITM0001323,HORD000427,PRD0551,1,2204.48,2204.48
HITM0001324,HORD000427,PRD0047,1,64.28,64.28
HITM0001325,HORD000427,PRD0370,1,206.12,206.12
HITM0001326,HORD000427,PRD0658,1,353.59,353.59
HITM0014743,HORD004690,PRD0746,1,804.31,804.31
HITM0014744,HORD004690,PRD0612,2,385.34,770.68
HITM0014745,HORD004690,PRD0056,3,258.5,775.5
HITM0014746,HORD004690,PRD0433,1,456.5,456.5
HITM0008496,HORD002701,PRD0814,1,404.73,404.73
HITM0009753,HORD003100,PRD0175,1,1014.37,1014.37
HITM0009754,HORD003100,PRD0065,1,1196.5,1196.5
HITM0009755,HORD003100,PRD0314,2,1247.26,2494.52
HITM0005672,HORD001814,PRD0819,1,191.18,191.18
HITM0005673,HORD001814,PRD0020,2,47.5,95.0
HITM0005674,HORD001814,PRD0349,2,1342.94,2685.88
HITM0005675,HORD001814,PRD0286,1,725.81,725.81
HITM0010163,HORD003234,PRD0555,2,159.32,318.64
HITM0010164,HORD003234,PRD0465,1,61.33,61.33
HITM0010165,HORD003234,PRD0262,1,1028.17,1028.17
HITM0010166,HORD003234,PRD0792,1,1375.74,1375.74
HITM0005762,HORD001845,PRD0143,1,1276.25,1276.25
HITM0005763,HORD001845,PRD0916,1,256.29,256.29
HITM0010556,HORD003359,PRD0055,1,706.09,706.09
HITM0010557,HORD003359,PRD0243,1,567.88,567.88
HITM0010558,HORD003359,PRD0266,1,189.02,189.02
HITM0010559,HORD003359,PRD0773,1,1495.61,1495.61
HITM0010560,HORD003359,PRD0456,1,690.03,690.03
HITM0011556,HORD003680,PRD0107,1,1601.0,1601.0
HITM0011557,HORD003680,PRD1000,2,192.28,384.56
HITM0011558,HORD003680,PRD0651,1,1043.5,1043.5
HITM0006206,HORD001985,PRD0282,1,1632.77,1632.77
HITM0006207,HORD001985,PRD0861,1,3043.65,3043.65
HITM0006208,HORD001985,PRD0049,2,740.34,1480.68
HITM0006209,HORD001985,PRD0696,1,223.84,223.84
HITM0011596,HORD003692,PRD0066,1,291.03,291.03
HITM0011597,HORD003692,PRD0454,2,1083.26,2166.52
HITM0011598,HORD003692,PRD0966,1,819.73,819.73
HITM0011599,HORD003692,PRD0587,2,2586.72,5173.44
HITM0013394,HORD004259,PRD0952,1,1618.02,1618.02
HITM0013395,HORD004259,PRD0080,2,60.33,120.66
HITM0003806,HORD001228,PRD0131,1,1311.04,1311.04
HITM0003807,HORD001228,PRD0470,1,91.58,91.58
HITM0003808,HORD001228,PRD0745,2,222.81,445.62
HITM0003809,HORD001228,PRD0750,1,400.34,400.34
HITM0003810,HORD001228,PRD0760,1,36.27,36.27
HITM0006402,HORD002046,PRD0696,1,223.84,223.84
HITM0006403,HORD002046,PRD0896,2,452.47,904.94
HITM0006404,HORD002046,PRD0940,1,51.08,51.08
HITM0005163,HORD001652,PRD0215,2,580.92,1161.84
HITM0005164,HORD001652,PRD0602,1,1186.95,1186.95
HITM0005165,HORD001652,PRD0115,1,855.33,855.33
HITM0005166,HORD001652,PRD0075,1,155.15,155.15
HITM0005167,HORD001652,PRD0502,1,1590.33,1590.33
HITM0011372,HORD003621,PRD0576,2,261.6,523.2
HITM0011373,HORD003621,PRD0918,1,781.2,781.2
HITM0011374,HORD003621,PRD0916,2,256.29,512.58
HITM0010906,HORD003472,PRD0581,1,1767.18,1767.18
HITM0005981,HORD001912,PRD0363,1,924.17,924.17
HITM0005982,HORD001912,PRD0889,1,478.58,478.58
HITM0005983,HORD001912,PRD0207,1,2341.74,2341.74
HITM0013161,HORD004187,PRD0409,1,200.48,200.48
HITM0013162,HORD004187,PRD0962,1,482.88,482.88
HITM0013163,HORD004187,PRD0090,1,99.88,99.88
HITM0013164,HORD004187,PRD0600,1,62.84,62.84
HITM0013165,HORD004187,PRD0842,2,1758.47,3516.94
HITM0003330,HORD001073,PRD0908,1,81.42,81.42
HITM0003331,HORD001073,PRD0642,1,1517.82,1517.82
HITM0011651,HORD003712,PRD0569,1,870.85,870.85
HITM0011652,HORD003712,PRD0795,1,841.05,841.05
HITM0011653,HORD003712,PRD0935,1,1070.56,1070.56
HITM0011654,HORD003712,PRD0473,1,1300.2,1300.2
HITM0010288,HORD003272,PRD0148,1,1047.53,1047.53
HITM0010289,HORD003272,PRD0427,1,241.58,241.58
HITM0010290,HORD003272,PRD0258,3,133.79,401.37
HITM0007642,HORD002434,PRD0511,2,1327.08,2654.16
HITM0007643,HORD002434,PRD0147,2,2453.24,4906.48
HITM0007644,HORD002434,PRD0233,2,1369.87,2739.74
HITM0013005,HORD004142,PRD0053,1,1237.48,1237.48
HITM0013006,HORD004142,PRD0146,1,510.27,510.27
HITM0013007,HORD004142,PRD0759,3,1399.01,4197.03
HITM0000489,HORD000164,PRD0149,1,119.35,119.35
HITM0000490,HORD000164,PRD0217,3,441.18,1323.54
HITM0000491,HORD000164,PRD0457,1,514.55,514.55
HITM0013191,HORD004196,PRD0798,1,999.78,999.78
HITM0013192,HORD004196,PRD0274,1,1538.07,1538.07
HITM0006778,HORD002164,PRD0695,1,663.83,663.83
HITM0006779,HORD002164,PRD0794,1,1445.08,1445.08
HITM0006780,HORD002164,PRD0258,1,133.79,133.79
HITM0006781,HORD002164,PRD0048,1,165.15,165.15
HITM0004166,HORD001340,PRD0945,1,730.35,730.35
HITM0004167,HORD001340,PRD0768,1,435.51,435.51
HITM0004168,HORD001340,PRD0548,1,952.05,952.05
HITM0015144,HORD004817,PRD0136,1,249.62,249.62
HITM0015145,HORD004817,PRD0343,1,634.07,634.07
HITM0010922,HORD003477,PRD0311,2,3180.87,6361.74
HITM0010923,HORD003477,PRD0143,1,1276.25,1276.25
HITM0010924,HORD003477,PRD0153,1,638.8,638.8
HITM0013734,HORD004369,PRD0806,1,210.08,210.08
HITM0013735,HORD004369,PRD0907,1,130.49,130.49
HITM0013736,HORD004369,PRD0738,1,357.89,357.89
HITM0010215,HORD003248,PRD0815,2,261.87,523.74
HITM0010216,HORD003248,PRD0116,1,295.88,295.88
HITM0011972,HORD003815,PRD0925,3,557.83,1673.49
HITM0014813,HORD004712,PRD0977,2,1354.63,2709.26
HITM0014814,HORD004712,PRD0816,1,125.37,125.37
HITM0014815,HORD004712,PRD0080,2,60.33,120.66
HITM0015047,HORD004786,PRD0169,1,1130.0,1130.0
HITM0015048,HORD004786,PRD0011,1,1900.95,1900.95
HITM0015049,HORD004786,PRD0449,2,168.36,336.72
HITM0000795,HORD000257,PRD0286,1,725.81,725.81
HITM0000796,HORD000257,PRD0744,1,4074.4,4074.4
HITM0002092,HORD000678,PRD0751,1,2924.83,2924.83
HITM0002093,HORD000678,PRD0973,2,703.36,1406.72
HITM0002094,HORD000678,PRD0798,1,999.78,999.78
HITM0002095,HORD000678,PRD0908,1,81.42,81.42
HITM0015669,HORD004994,PRD0594,1,2821.84,2821.84
HITM0015670,HORD004994,PRD0456,2,690.03,1380.06
HITM0015671,HORD004994,PRD0836,1,70.78,70.78
HITM0015672,HORD004994,PRD0676,1,45.2,45.2
HITM0011889,HORD003787,PRD0256,2,694.57,1389.14
HITM0011890,HORD003787,PRD0894,1,2406.75,2406.75
HITM0012532,HORD003999,PRD0038,1,769.34,769.34
HITM0012533,HORD003999,PRD0540,1,16.38,16.38
HITM0012534,HORD003999,PRD0455,1,191.31,191.31
HITM0009430,HORD002994,PRD0020,1,47.5,47.5
HITM0001801,HORD000586,PRD0222,1,1721.64,1721.64
HITM0001802,HORD000586,PRD0546,1,227.79,227.79
HITM0001803,HORD000586,PRD0726,1,357.63,357.63
HITM0014827,HORD004717,PRD0424,1,937.77,937.77
HITM0014828,HORD004717,PRD0207,1,2341.74,2341.74
HITM0005718,HORD001829,PRD0036,2,355.76,711.52
HITM0005719,HORD001829,PRD0948,2,581.24,1162.48
HITM0002898,HORD000933,PRD0906,1,303.87,303.87
HITM0002899,HORD000933,PRD0424,1,937.77,937.77
HITM0002900,HORD000933,PRD0719,1,192.41,192.41
HITM0002901,HORD000933,PRD0738,2,357.89,715.78
HITM0003114,HORD000997,PRD0228,2,419.86,839.72
HITM0003547,HORD001145,PRD0047,1,64.28,64.28
HITM0003548,HORD001145,PRD0964,1,1776.26,1776.26
HITM0004450,HORD001426,PRD0111,1,2798.27,2798.27
HITM0004451,HORD001426,PRD0311,1,3180.87,3180.87
HITM0004452,HORD001426,PRD0293,1,1383.27,1383.27
HITM0001826,HORD000594,PRD0627,1,1687.51,1687.51
HITM0001827,HORD000594,PRD0535,3,536.13,1608.39
HITM0001828,HORD000594,PRD0436,1,180.16,180.16
HITM0002497,HORD000811,PRD0862,2,717.42,1434.84
HITM0002498,HORD000811,PRD0720,1,216.18,216.18
HITM0002499,HORD000811,PRD0594,1,2821.84,2821.84
HITM0000668,HORD000217,PRD0479,2,1360.38,2720.76
HITM0000669,HORD000217,PRD0877,2,507.09,1014.18
HITM0000670,HORD000217,PRD0113,1,795.05,795.05
HITM0000671,HORD000217,PRD0425,3,932.26,2796.78
HITM0002083,HORD000675,PRD0545,2,1080.38,2160.76
HITM0002084,HORD000675,PRD0666,3,115.16,345.48
HITM0002085,HORD000675,PRD0730,1,418.77,418.77
HITM0006981,HORD002230,PRD0557,1,114.56,114.56
HITM0006982,HORD002230,PRD0108,1,323.48,323.48
HITM0006983,HORD002230,PRD0831,1,1542.33,1542.33
HITM0006984,HORD002230,PRD0188,1,370.0,370.0
HITM0004732,HORD001519,PRD0100,1,400.25,400.25
HITM0004733,HORD001519,PRD0024,1,2921.86,2921.86
HITM0004734,HORD001519,PRD0582,1,622.36,622.36
HITM0004735,HORD001519,PRD0118,1,148.01,148.01
HITM0007518,HORD002396,PRD0204,1,3651.04,3651.04
HITM0007519,HORD002396,PRD0832,1,1103.3,1103.3
HITM0007520,HORD002396,PRD0282,1,1632.77,1632.77
HITM0007521,HORD002396,PRD0653,1,1139.17,1139.17
HITM0000568,HORD000186,PRD0388,1,652.95,652.95
HITM0000569,HORD000186,PRD0389,1,562.64,562.64
HITM0010596,HORD003370,PRD0326,1,828.92,828.92
HITM0010597,HORD003370,PRD0521,1,1257.03,1257.03
HITM0010996,HORD003503,PRD0566,1,150.7,150.7
HITM0010997,HORD003503,PRD0405,1,842.76,842.76
HITM0010998,HORD003503,PRD0633,1,804.04,804.04
HITM0010999,HORD003503,PRD0015,1,238.76,238.76
HITM0006245,HORD001996,PRD0191,1,1103.43,1103.43
HITM0006246,HORD001996,PRD0840,2,164.29,328.58
HITM0011833,HORD003767,PRD0990,1,114.18,114.18
HITM0011834,HORD003767,PRD0847,1,1533.33,1533.33
HITM0011835,HORD003767,PRD0427,1,241.58,241.58
HITM0006303,HORD002015,PRD0911,1,1497.3,1497.3
HITM0006304,HORD002015,PRD0385,1,812.79,812.79
HITM0006305,HORD002015,PRD0269,1,1258.42,1258.42
HITM0006306,HORD002015,PRD0540,1,16.38,16.38
HITM0005860,HORD001876,PRD0280,2,105.66,211.32
HITM0005861,HORD001876,PRD0109,1,429.51,429.51
HITM0005862,HORD001876,PRD0654,1,864.76,864.76
HITM0005863,HORD001876,PRD0929,1,1112.27,1112.27
HITM0004591,HORD001471,PRD0969,1,1212.01,1212.01
HITM0004592,HORD001471,PRD0341,3,1098.33,3294.99
HITM0005955,HORD001904,PRD0532,1,1457.77,1457.77
HITM0005956,HORD001904,PRD0139,1,877.46,877.46
HITM0005957,HORD001904,PRD0003,1,472.24,472.24
HITM0005958,HORD001904,PRD0456,1,690.03,690.03
HITM0013622,HORD004337,PRD0027,1,431.75,431.75
HITM0013623,HORD004337,PRD0639,1,1085.06,1085.06
HITM0013624,HORD004337,PRD0797,1,1449.58,1449.58
HITM0013625,HORD004337,PRD0968,3,1098.76,3296.28
HITM0013626,HORD004337,PRD0463,1,1250.22,1250.22
HITM0009786,HORD003111,PRD0270,1,154.55,154.55
HITM0009787,HORD003111,PRD0592,2,301.86,603.72
HITM0009788,HORD003111,PRD0454,2,1083.26,2166.52
HITM0009789,HORD003111,PRD0670,1,387.96,387.96
HITM0009790,HORD003111,PRD0155,1,171.72,171.72
HITM0001297,HORD000417,PRD0004,1,1300.01,1300.01
HITM0001298,HORD000417,PRD0685,1,1109.03,1109.03
HITM0001265,HORD000407,PRD0110,1,113.31,113.31
HITM0001266,HORD000407,PRD0430,1,397.28,397.28
HITM0001267,HORD000407,PRD0735,2,952.04,1904.08
HITM0001268,HORD000407,PRD0918,1,781.2,781.2
HITM0001269,HORD000407,PRD0619,1,1486.76,1486.76
HITM0015633,HORD004982,PRD0680,2,228.54,457.08
HITM0015634,HORD004982,PRD0166,1,822.52,822.52
HITM0015635,HORD004982,PRD0485,2,283.51,567.02
HITM0004998,HORD001599,PRD0642,1,1517.82,1517.82
HITM0004999,HORD001599,PRD0816,1,125.37,125.37
HITM0001045,HORD000339,PRD0750,1,400.34,400.34
HITM0001046,HORD000339,PRD0043,1,1338.85,1338.85
HITM0001047,HORD000339,PRD0737,1,420.63,420.63
HITM0001048,HORD000339,PRD0227,1,853.87,853.87
HITM0001049,HORD000339,PRD0543,1,336.97,336.97
HITM0011090,HORD003535,PRD0256,3,694.57,2083.71
HITM0011091,HORD003535,PRD0133,1,1145.34,1145.34
HITM0011092,HORD003535,PRD0588,1,277.14,277.14
HITM0008894,HORD002826,PRD0838,1,858.89,858.89
HITM0008895,HORD002826,PRD0559,1,531.55,531.55
HITM0008896,HORD002826,PRD0607,1,113.06,113.06
HITM0008897,HORD002826,PRD0655,2,1032.43,2064.86
HITM0008898,HORD002826,PRD0430,1,397.28,397.28
HITM0012274,HORD003919,PRD0416,1,749.76,749.76
HITM0012275,HORD003919,PRD0235,1,158.61,158.61
HITM0004472,HORD001434,PRD0606,1,74.13,74.13
HITM0004473,HORD001434,PRD0878,1,1044.76,1044.76
HITM0004474,HORD001434,PRD0350,2,142.11,284.22
HITM0015306,HORD004871,PRD0124,1,1400.78,1400.78
HITM0015307,HORD004871,PRD0121,2,3142.89,6285.78
HITM0015308,HORD004871,PRD0177,1,1216.85,1216.85
HITM0015085,HORD004799,PRD0338,2,472.36,944.72
HITM0010463,HORD003328,PRD0468,1,254.35,254.35
HITM0010464,HORD003328,PRD0806,1,210.08,210.08
HITM0010465,HORD003328,PRD0995,1,69.16,69.16
HITM0010466,HORD003328,PRD0942,2,1694.84,3389.68
HITM0000850,HORD000275,PRD0360,1,387.48,387.48
HITM0000851,HORD000275,PRD0849,2,216.96,433.92
HITM0002129,HORD000688,PRD0666,1,115.16,115.16
HITM0002130,HORD000688,PRD0704,1,2975.95,2975.95
HITM0009288,HORD002950,PRD0680,1,228.54,228.54
HITM0009289,HORD002950,PRD0349,1,1342.94,1342.94
HITM0009290,HORD002950,PRD0378,1,857.8,857.8
HITM0009291,HORD002950,PRD0080,1,60.33,60.33
HITM0009292,HORD002950,PRD0314,2,1247.26,2494.52
HITM0000504,HORD000168,PRD0693,1,748.42,748.42
HITM0000505,HORD000168,PRD0204,1,3651.04,3651.04
HITM0000506,HORD000168,PRD0917,1,624.31,624.31
HITM0004583,HORD001469,PRD0513,1,1335.99,1335.99
HITM0004584,HORD001469,PRD0460,1,19.84,19.84
HITM0004585,HORD001469,PRD0549,1,660.48,660.48
HITM0004586,HORD001469,PRD0645,1,262.13,262.13
HITM0004587,HORD001469,PRD0225,1,255.65,255.65
HITM0001220,HORD000394,PRD0510,1,267.14,267.14
HITM0001221,HORD000394,PRD0790,2,356.37,712.74
HITM0001222,HORD000394,PRD0003,1,472.24,472.24
HITM0001223,HORD000394,PRD0443,1,681.97,681.97
HITM0004113,HORD001323,PRD0257,1,637.63,637.63
HITM0004114,HORD001323,PRD0719,2,192.41,384.82
HITM0004115,HORD001323,PRD0426,1,690.03,690.03
HITM0004116,HORD001323,PRD0592,1,301.86,301.86
HITM0015475,HORD004928,PRD0973,1,703.36,703.36
HITM0015476,HORD004928,PRD0248,1,1065.71,1065.71
HITM0015477,HORD004928,PRD0519,1,154.53,154.53
HITM0012134,HORD003872,PRD0792,1,1375.74,1375.74
HITM0012135,HORD003872,PRD0994,1,1481.14,1481.14
HITM0012136,HORD003872,PRD0359,1,196.54,196.54
HITM0009679,HORD003075,PRD0971,1,1257.81,1257.81
HITM0000253,HORD000085,PRD0232,1,358.39,358.39
HITM0000254,HORD000085,PRD0684,1,1730.11,1730.11
HITM0000255,HORD000085,PRD0668,1,1025.81,1025.81
HITM0000256,HORD000085,PRD0375,1,495.35,495.35
HITM0000257,HORD000085,PRD0519,1,154.53,154.53
HITM0011035,HORD003516,PRD0509,1,246.73,246.73
HITM0011036,HORD003516,PRD0698,3,68.9,206.7
HITM0011037,HORD003516,PRD0858,1,179.07,179.07
HITM0008302,HORD002636,PRD0600,1,62.84,62.84
HITM0004204,HORD001352,PRD0547,1,1638.11,1638.11
HITM0004205,HORD001352,PRD0070,2,257.34,514.68
HITM0004206,HORD001352,PRD0630,2,227.99,455.98
HITM0004207,HORD001352,PRD0150,2,189.45,378.9
HITM0004208,HORD001352,PRD0728,1,504.43,504.43
HITM0011926,HORD003800,PRD0239,1,271.25,271.25
HITM0011927,HORD003800,PRD0364,1,4084.62,4084.62
HITM0011928,HORD003800,PRD0753,1,377.42,377.42
HITM0011929,HORD003800,PRD0064,2,3541.77,7083.54
HITM0001078,HORD000349,PRD0189,2,1162.73,2325.46
HITM0001079,HORD000349,PRD0060,1,170.83,170.83
HITM0001080,HORD000349,PRD0819,1,191.18,191.18
HITM0003509,HORD001134,PRD0010,1,23.5,23.5
HITM0003510,HORD001134,PRD0496,1,619.97,619.97
HITM0003511,HORD001134,PRD0250,2,376.98,753.96
HITM0006930,HORD002211,PRD0751,1,2924.83,2924.83
HITM0006931,HORD002211,PRD0743,1,651.04,651.04
HITM0006932,HORD002211,PRD0850,1,101.36,101.36
HITM0010781,HORD003433,PRD0320,1,154.64,154.64
HITM0010782,HORD003433,PRD0768,3,435.51,1306.53
HITM0010783,HORD003433,PRD0985,1,1164.32,1164.32
HITM0010784,HORD003433,PRD0943,2,1025.75,2051.5
HITM0001804,HORD000587,PRD0436,1,180.16,180.16
HITM0001805,HORD000587,PRD0105,1,325.21,325.21
HITM0001806,HORD000587,PRD0466,1,362.96,362.96
HITM0001807,HORD000587,PRD0698,1,68.9,68.9
HITM0001808,HORD000587,PRD0667,1,2144.83,2144.83
HITM0005465,HORD001747,PRD0876,1,228.97,228.97
HITM0012607,HORD004021,PRD0278,1,509.34,509.34
HITM0012608,HORD004021,PRD0520,3,331.38,994.14
HITM0012609,HORD004021,PRD0429,1,251.33,251.33
HITM0012610,HORD004021,PRD0056,2,258.5,517.0
HITM0004209,HORD001353,PRD0624,1,4122.57,4122.57
HITM0004210,HORD001353,PRD0625,1,840.9,840.9
HITM0009765,HORD003104,PRD0275,1,687.49,687.49
HITM0009766,HORD003104,PRD0580,1,109.85,109.85
HITM0009767,HORD003104,PRD0113,1,795.05,795.05
HITM0009768,HORD003104,PRD0383,1,584.39,584.39
HITM0008448,HORD002684,PRD0737,1,420.63,420.63
HITM0008449,HORD002684,PRD0994,1,1481.14,1481.14
HITM0008450,HORD002684,PRD0357,1,902.95,902.95
HITM0008451,HORD002684,PRD0785,2,86.54,173.08
HITM0009982,HORD003173,PRD0578,1,625.32,625.32
HITM0009983,HORD003173,PRD0314,2,1247.26,2494.52
HITM0010170,HORD003236,PRD0290,1,154.65,154.65
HITM0010171,HORD003236,PRD0419,1,100.25,100.25
HITM0010172,HORD003236,PRD0579,1,1322.97,1322.97
HITM0010173,HORD003236,PRD0075,1,155.15,155.15
HITM0008444,HORD002683,PRD0954,1,1508.35,1508.35
HITM0008445,HORD002683,PRD0479,1,1360.38,1360.38
HITM0008446,HORD002683,PRD0360,1,387.48,387.48
HITM0008447,HORD002683,PRD0511,1,1327.08,1327.08
HITM0009747,HORD003098,PRD0015,1,238.76,238.76
HITM0009748,HORD003098,PRD0017,2,1979.17,3958.34
HITM0009749,HORD003098,PRD0815,1,261.87,261.87
HITM0009750,HORD003098,PRD0647,1,2133.15,2133.15
HITM0009751,HORD003098,PRD0383,1,584.39,584.39
HITM0013876,HORD004411,PRD0067,1,374.02,374.02
HITM0013877,HORD004411,PRD0717,1,1445.8,1445.8
HITM0013878,HORD004411,PRD0132,1,691.37,691.37
HITM0013879,HORD004411,PRD0061,1,1754.84,1754.84
HITM0013880,HORD004411,PRD0542,1,1879.25,1879.25
HITM0002768,HORD000892,PRD0988,2,1072.9,2145.8
HITM0002769,HORD000892,PRD0536,1,825.29,825.29
HITM0002770,HORD000892,PRD0796,1,187.69,187.69
HITM0002771,HORD000892,PRD0062,1,685.19,685.19
HITM0009334,HORD002964,PRD0018,2,1099.45,2198.9
HITM0009335,HORD002964,PRD0164,1,649.27,649.27
HITM0009336,HORD002964,PRD0986,2,605.03,1210.06
HITM0006484,HORD002073,PRD0461,1,3147.14,3147.14
HITM0006485,HORD002073,PRD0478,1,966.98,966.98
HITM0006486,HORD002073,PRD0079,1,211.65,211.65
HITM0003132,HORD001005,PRD0117,1,1297.02,1297.02
HITM0003133,HORD001005,PRD0435,1,306.84,306.84
HITM0003134,HORD001005,PRD0672,1,1690.15,1690.15
HITM0003135,HORD001005,PRD0076,1,705.93,705.93
HITM0014205,HORD004520,PRD0712,1,331.7,331.7
HITM0014206,HORD004520,PRD0533,2,789.09,1578.18
HITM0014207,HORD004520,PRD0954,1,1508.35,1508.35
HITM0014208,HORD004520,PRD0650,1,129.9,129.9
HITM0014716,HORD004679,PRD0796,2,187.69,375.38
HITM0014717,HORD004679,PRD0466,1,362.96,362.96
HITM0007071,HORD002257,PRD0858,1,179.07,179.07
HITM0004096,HORD001318,PRD0987,1,751.73,751.73
HITM0004097,HORD001318,PRD0227,1,853.87,853.87
HITM0012908,HORD004111,PRD0530,1,14.38,14.38
HITM0012909,HORD004111,PRD0642,1,1517.82,1517.82
HITM0012910,HORD004111,PRD0999,1,626.07,626.07
HITM0012911,HORD004111,PRD0550,2,112.99,225.98
HITM0012912,HORD004111,PRD0401,1,1079.31,1079.31
HITM0009692,HORD003081,PRD0210,1,408.84,408.84
HITM0009693,HORD003081,PRD0122,1,674.12,674.12
HITM0009694,HORD003081,PRD0584,2,2508.46,5016.92
HITM0011021,HORD003511,PRD0355,2,714.36,1428.72
HITM0011022,HORD003511,PRD0333,1,454.01,454.01
HITM0011023,HORD003511,PRD0654,1,864.76,864.76
HITM0006916,HORD002207,PRD0439,1,74.96,74.96
HITM0006917,HORD002207,PRD0528,1,478.44,478.44
HITM0006918,HORD002207,PRD0607,2,113.06,226.12
HITM0006919,HORD002207,PRD0068,1,316.68,316.68
HITM0004748,HORD001523,PRD0897,2,1058.2,2116.4
HITM0002725,HORD000877,PRD0225,1,255.65,255.65
HITM0002726,HORD000877,PRD0080,1,60.33,60.33
HITM0002727,HORD000877,PRD0058,1,243.69,243.69
HITM0012451,HORD003976,PRD0544,1,1611.97,1611.97
HITM0012452,HORD003976,PRD0976,1,196.82,196.82
HITM0012453,HORD003976,PRD0938,2,327.05,654.1
HITM0012454,HORD003976,PRD0738,3,357.89,1073.67
HITM0012455,HORD003976,PRD0131,1,1311.04,1311.04
HITM0012781,HORD004075,PRD0920,1,53.18,53.18
HITM0012782,HORD004075,PRD0636,2,421.78,843.56
HITM0012783,HORD004075,PRD0682,1,1711.59,1711.59
HITM0012784,HORD004075,PRD0294,1,4059.32,4059.32
HITM0000381,HORD000129,PRD0456,1,690.03,690.03
HITM0000720,HORD000234,PRD0090,1,99.88,99.88
HITM0000721,HORD000234,PRD0209,1,164.63,164.63
HITM0000722,HORD000234,PRD0388,3,652.95,1958.85
HITM0000723,HORD000234,PRD0206,2,433.31,866.62
HITM0004108,HORD001322,PRD0603,1,557.9,557.9
HITM0004109,HORD001322,PRD0479,1,1360.38,1360.38
HITM0004110,HORD001322,PRD0116,1,295.88,295.88
HITM0004111,HORD001322,PRD0270,1,154.55,154.55
HITM0004112,HORD001322,PRD0546,1,227.79,227.79
HITM0008331,HORD002645,PRD0170,1,90.68,90.68
HITM0008332,HORD002645,PRD0019,2,1401.86,2803.72
HITM0012579,HORD004013,PRD0213,1,351.6,351.6
HITM0012580,HORD004013,PRD0586,1,754.59,754.59
HITM0012581,HORD004013,PRD0720,1,216.18,216.18
HITM0012582,HORD004013,PRD0498,1,201.0,201.0
HITM0012583,HORD004013,PRD0840,1,164.29,164.29
HITM0010525,HORD003347,PRD0308,2,779.32,1558.64
HITM0010526,HORD003347,PRD0475,1,559.21,559.21
HITM0002551,HORD000827,PRD0058,1,243.69,243.69
HITM0002552,HORD000827,PRD0786,1,142.49,142.49
HITM0002553,HORD000827,PRD0543,1,336.97,336.97
HITM0002554,HORD000827,PRD0072,2,1642.51,3285.02
HITM0002555,HORD000827,PRD0360,2,387.48,774.96
HITM0008625,HORD002741,PRD0534,1,781.55,781.55
HITM0008626,HORD002741,PRD0085,1,238.64,238.64
HITM0008627,HORD002741,PRD0283,1,1338.12,1338.12
HITM0011898,HORD003790,PRD0530,3,14.38,43.14
HITM0011205,HORD003571,PRD0942,1,1694.84,1694.84
HITM0011206,HORD003571,PRD0500,1,408.62,408.62
HITM0011207,HORD003571,PRD0599,2,1497.17,2994.34
HITM0011208,HORD003571,PRD0575,1,222.44,222.44
HITM0011753,HORD003741,PRD0445,1,830.34,830.34
HITM0011754,HORD003741,PRD0916,1,256.29,256.29
HITM0011755,HORD003741,PRD0662,1,483.82,483.82
HITM0014467,HORD004604,PRD0162,1,318.31,318.31
HITM0014468,HORD004604,PRD0478,1,966.98,966.98
HITM0014469,HORD004604,PRD0710,1,193.26,193.26
HITM0014470,HORD004604,PRD0752,1,1670.56,1670.56
HITM0003042,HORD000976,PRD0560,1,176.65,176.65
HITM0003043,HORD000976,PRD0363,1,924.17,924.17
HITM0003044,HORD000976,PRD0167,2,2512.16,5024.32
HITM0003045,HORD000976,PRD0355,1,714.36,714.36
HITM0003046,HORD000976,PRD0555,1,159.32,159.32
HITM0008122,HORD002583,PRD0800,1,334.97,334.97
HITM0007052,HORD002252,PRD0780,1,297.57,297.57
HITM0007053,HORD002252,PRD0280,1,105.66,105.66
HITM0007054,HORD002252,PRD0516,1,339.27,339.27
HITM0000356,HORD000121,PRD0433,2,456.5,913.0
HITM0003007,HORD000965,PRD0361,1,2730.19,2730.19
HITM0003008,HORD000965,PRD0229,1,813.08,813.08
HITM0009337,HORD002965,PRD0507,1,954.32,954.32
HITM0009338,HORD002965,PRD0109,1,429.51,429.51
HITM0009339,HORD002965,PRD0540,1,16.38,16.38
HITM0009340,HORD002965,PRD0720,1,216.18,216.18
HITM0000482,HORD000162,PRD0153,1,638.8,638.8
HITM0000483,HORD000162,PRD0594,3,2821.84,8465.52
HITM0007638,HORD002433,PRD0761,1,2263.02,2263.02
HITM0007639,HORD002433,PRD0011,1,1900.95,1900.95
HITM0007640,HORD002433,PRD0938,3,327.05,981.15
HITM0007641,HORD002433,PRD0403,1,1021.92,1021.92
HITM0010435,HORD003317,PRD0990,1,114.18,114.18
HITM0010436,HORD003317,PRD0067,1,374.02,374.02
HITM0004549,HORD001458,PRD0322,3,1844.93,5534.79
HITM0009037,HORD002868,PRD0769,1,982.55,982.55
HITM0009038,HORD002868,PRD0050,2,191.67,383.34
HITM0009263,HORD002943,PRD0566,1,150.7,150.7
HITM0009264,HORD002943,PRD0460,2,19.84,39.68
HITM0009265,HORD002943,PRD0994,1,1481.14,1481.14
HITM0009266,HORD002943,PRD0749,2,1278.37,2556.74
HITM0009920,HORD003151,PRD0343,1,634.07,634.07
HITM0009921,HORD003151,PRD0070,2,257.34,514.68
HITM0009922,HORD003151,PRD0510,1,267.14,267.14
HITM0009923,HORD003151,PRD0271,1,1523.72,1523.72
HITM0013166,HORD004188,PRD0717,1,1445.8,1445.8
HITM0013167,HORD004188,PRD0335,1,1165.89,1165.89
HITM0013168,HORD004188,PRD0422,2,359.3,718.6
HITM0013169,HORD004188,PRD0895,1,830.36,830.36
HITM0008265,HORD002626,PRD0130,1,348.52,348.52
HITM0008266,HORD002626,PRD0243,1,567.88,567.88
HITM0008267,HORD002626,PRD0576,2,261.6,523.2
HITM0011591,HORD003690,PRD0010,1,23.5,23.5
HITM0011592,HORD003690,PRD0481,1,3068.96,3068.96
HITM0011593,HORD003690,PRD0157,1,591.59,591.59
HITM0008376,HORD002659,PRD0754,1,2206.66,2206.66
HITM0008377,HORD002659,PRD0629,2,741.8,1483.6
HITM0008378,HORD002659,PRD0950,2,108.8,217.6
HITM0008379,HORD002659,PRD0565,2,1021.79,2043.58
HITM0015372,HORD004894,PRD0094,1,3733.59,3733.59
HITM0015373,HORD004894,PRD0200,2,148.27,296.54
HITM0010655,HORD003392,PRD0867,2,111.69,223.38
HITM0010656,HORD003392,PRD0246,1,362.52,362.52
HITM0011930,HORD003801,PRD0686,1,529.65,529.65
HITM0011931,HORD003801,PRD0103,1,421.42,421.42
HITM0011932,HORD003801,PRD0585,1,855.14,855.14
HITM0011933,HORD003801,PRD0422,1,359.3,359.3
HITM0011934,HORD003801,PRD0323,1,1220.6,1220.6
HITM0005840,HORD001869,PRD0359,1,196.54,196.54
HITM0005841,HORD001869,PRD0042,1,1480.28,1480.28
HITM0005842,HORD001869,PRD0965,2,536.69,1073.38
HITM0005843,HORD001869,PRD0505,3,350.13,1050.39
HITM0000852,HORD000276,PRD0692,1,1859.26,1859.26
HITM0000853,HORD000276,PRD0786,2,142.49,284.98
HITM0000854,HORD000276,PRD0551,1,2204.48,2204.48
HITM0008339,HORD002648,PRD0915,1,1134.28,1134.28
HITM0008340,HORD002648,PRD0530,1,14.38,14.38
HITM0008341,HORD002648,PRD0568,2,670.01,1340.02
HITM0012464,HORD003979,PRD0400,1,249.11,249.11
HITM0012465,HORD003979,PRD0800,1,334.97,334.97
HITM0012466,HORD003979,PRD0760,1,36.27,36.27
HITM0012467,HORD003979,PRD0278,2,509.34,1018.68
HITM0007234,HORD002306,PRD0396,1,385.11,385.11
HITM0007235,HORD002306,PRD0652,1,1300.01,1300.01
HITM0007236,HORD002306,PRD0104,1,2802.96,2802.96
HITM0007237,HORD002306,PRD0718,1,287.05,287.05
HITM0003688,HORD001188,PRD0836,2,70.78,141.56
HITM0003689,HORD001188,PRD0434,2,1483.17,2966.34
HITM0003690,HORD001188,PRD0204,1,3651.04,3651.04
HITM0007198,HORD002295,PRD0422,2,359.3,718.6
HITM0007199,HORD002295,PRD0720,2,216.18,432.36
HITM0007200,HORD002295,PRD0437,1,2045.28,2045.28
HITM0007201,HORD002295,PRD0451,1,2985.26,2985.26
HITM0002220,HORD000716,PRD0047,2,64.28,128.56
HITM0002221,HORD000716,PRD0615,1,159.68,159.68
HITM0015227,HORD004845,PRD0050,1,191.67,191.67
HITM0015228,HORD004845,PRD0850,1,101.36,101.36
HITM0015229,HORD004845,PRD0707,1,2487.37,2487.37
HITM0008866,HORD002817,PRD0023,1,688.53,688.53
HITM0008867,HORD002817,PRD0494,3,2097.54,6292.62
HITM0008868,HORD002817,PRD0367,1,1143.76,1143.76
HITM0007027,HORD002244,PRD0951,1,2323.13,2323.13
HITM0006860,HORD002189,PRD0557,1,114.56,114.56
HITM0006861,HORD002189,PRD0849,1,216.96,216.96
HITM0014984,HORD004765,PRD0008,1,442.13,442.13
HITM0014985,HORD004765,PRD0413,1,420.29,420.29
HITM0014986,HORD004765,PRD0950,2,108.8,217.6
HITM0014987,HORD004765,PRD0200,1,148.27,148.27
HITM0014158,HORD004505,PRD0990,1,114.18,114.18
HITM0014159,HORD004505,PRD0888,1,828.95,828.95
HITM0014160,HORD004505,PRD0920,2,53.18,106.36
HITM0010888,HORD003466,PRD0593,1,356.64,356.64
HITM0010889,HORD003466,PRD0029,3,1303.04,3909.12
HITM0015154,HORD004820,PRD0438,1,767.87,767.87
HITM0015155,HORD004820,PRD0327,2,122.19,244.38
HITM0015156,HORD004820,PRD0565,1,1021.79,1021.79
HITM0015157,HORD004820,PRD0011,1,1900.95,1900.95
HITM0015158,HORD004820,PRD0927,1,2435.38,2435.38
HITM0003280,HORD001057,PRD0867,2,111.69,223.38
HITM0003281,HORD001057,PRD0527,1,1407.36,1407.36
HITM0003282,HORD001057,PRD0107,2,1601.0,3202.0
HITM0007876,HORD002504,PRD0061,1,1754.84,1754.84
HITM0007877,HORD002504,PRD0366,1,547.49,547.49
HITM0007878,HORD002504,PRD0818,2,1004.26,2008.52
HITM0012636,HORD004032,PRD0478,1,966.98,966.98
HITM0012637,HORD004032,PRD0048,2,165.15,330.3
HITM0005041,HORD001615,PRD0597,1,2470.13,2470.13
HITM0005042,HORD001615,PRD0733,3,1448.13,4344.39
HITM0005043,HORD001615,PRD0750,1,400.34,400.34
HITM0012141,HORD003874,PRD0936,1,477.26,477.26
HITM0012142,HORD003874,PRD0716,1,300.2,300.2
HITM0012143,HORD003874,PRD0398,1,809.04,809.04
HITM0011551,HORD003679,PRD0132,2,691.37,1382.74
HITM0011552,HORD003679,PRD0623,1,442.62,442.62
HITM0011553,HORD003679,PRD0291,2,2310.69,4621.38
HITM0011554,HORD003679,PRD0004,1,1300.01,1300.01
HITM0011555,HORD003679,PRD0517,1,1601.01,1601.01
HITM0012487,HORD003986,PRD0336,1,761.65,761.65
HITM0012488,HORD003986,PRD0940,1,51.08,51.08
HITM0012489,HORD003986,PRD0212,1,1821.52,1821.52
HITM0012490,HORD003986,PRD0208,1,569.31,569.31
HITM0010433,HORD003316,PRD0561,1,1381.26,1381.26
HITM0010434,HORD003316,PRD0700,1,241.67,241.67
HITM0009153,HORD002905,PRD0668,2,1025.81,2051.62
HITM0009154,HORD002905,PRD0527,1,1407.36,1407.36
HITM0009155,HORD002905,PRD0997,1,602.38,602.38
HITM0002182,HORD000705,PRD0936,1,477.26,477.26
HITM0002183,HORD000705,PRD0034,1,780.7,780.7
HITM0015491,HORD004933,PRD0582,1,622.36,622.36
HITM0015492,HORD004933,PRD0276,1,337.93,337.93
HITM0015493,HORD004933,PRD0836,1,70.78,70.78
HITM0015494,HORD004933,PRD0933,1,1071.81,1071.81
HITM0001114,HORD000361,PRD0192,1,1657.76,1657.76
HITM0001115,HORD000361,PRD0370,2,206.12,412.24
HITM0001116,HORD000361,PRD0530,1,14.38,14.38
HITM0001117,HORD000361,PRD0771,1,1761.53,1761.53
HITM0013873,HORD004410,PRD0100,2,400.25,800.5
HITM0013874,HORD004410,PRD0583,1,1198.86,1198.86
HITM0013875,HORD004410,PRD0237,2,1587.04,3174.08
HITM0008969,HORD002849,PRD0713,1,768.21,768.21
HITM0008970,HORD002849,PRD0428,1,1044.38,1044.38
HITM0008971,HORD002849,PRD0048,1,165.15,165.15
HITM0008972,HORD002849,PRD0735,1,952.04,952.04
HITM0003637,HORD001173,PRD0369,1,429.26,429.26
HITM0004614,HORD001480,PRD0440,3,413.05,1239.15
HITM0004615,HORD001480,PRD0779,1,835.92,835.92
HITM0004616,HORD001480,PRD0733,1,1448.13,1448.13
HITM0004617,HORD001480,PRD0619,1,1486.76,1486.76
HITM0000715,HORD000233,PRD0038,1,769.34,769.34
HITM0000716,HORD000233,PRD0785,1,86.54,86.54
HITM0000717,HORD000233,PRD0963,1,997.83,997.83
HITM0000718,HORD000233,PRD0049,2,740.34,1480.68
HITM0000719,HORD000233,PRD0252,3,1820.97,5462.91
HITM0015578,HORD004963,PRD0308,1,779.32,779.32
HITM0015579,HORD004963,PRD0136,1,249.62,249.62
HITM0015580,HORD004963,PRD0292,1,1810.91,1810.91
HITM0015573,HORD004962,PRD0378,2,857.8,1715.6
HITM0015574,HORD004962,PRD0365,1,489.23,489.23
HITM0015575,HORD004962,PRD0145,1,672.85,672.85
HITM0015576,HORD004962,PRD0991,1,1841.41,1841.41
HITM0015577,HORD004962,PRD0639,1,1085.06,1085.06
HITM0003278,HORD001056,PRD0422,1,359.3,359.3
HITM0003279,HORD001056,PRD0503,1,1009.94,1009.94
HITM0015023,HORD004778,PRD0098,1,560.95,560.95
HITM0015024,HORD004778,PRD0995,1,69.16,69.16
HITM0015025,HORD004778,PRD0218,2,490.11,980.22
HITM0002805,HORD000904,PRD0613,2,774.1,1548.2
HITM0002806,HORD000904,PRD0261,1,2576.1,2576.1
HITM0002807,HORD000904,PRD0774,1,2233.58,2233.58
HITM0008015,HORD002548,PRD0607,2,113.06,226.12
HITM0010837,HORD003451,PRD0462,1,1832.75,1832.75
HITM0010838,HORD003451,PRD0102,1,581.67,581.67
HITM0010839,HORD003451,PRD0760,3,36.27,108.81
HITM0011172,HORD003562,PRD0491,1,2132.04,2132.04
HITM0011173,HORD003562,PRD0965,1,536.69,536.69
HITM0011174,HORD003562,PRD0746,1,804.31,804.31
HITM0011709,HORD003730,PRD0139,3,877.46,2632.38
HITM0011710,HORD003730,PRD0512,1,853.36,853.36
HITM0011711,HORD003730,PRD0929,1,1112.27,1112.27
HITM0015296,HORD004867,PRD0896,1,452.47,452.47
HITM0011857,HORD003776,PRD0338,1,472.36,472.36
HITM0005471,HORD001750,PRD0567,1,179.96,179.96
HITM0005472,HORD001750,PRD0683,1,704.09,704.09
HITM0005473,HORD001750,PRD0151,1,2367.77,2367.77
HITM0015256,HORD004854,PRD0168,2,341.32,682.64
HITM0015257,HORD004854,PRD0616,1,311.42,311.42
HITM0015258,HORD004854,PRD0809,1,699.91,699.91
HITM0012011,HORD003829,PRD0375,1,495.35,495.35
HITM0012012,HORD003829,PRD0557,1,114.56,114.56
HITM0012013,HORD003829,PRD0262,2,1028.17,2056.34
HITM0015211,HORD004839,PRD0568,3,670.01,2010.03
HITM0001363,HORD000439,PRD0186,1,480.83,480.83
HITM0001364,HORD000439,PRD0296,1,440.13,440.13
HITM0001365,HORD000439,PRD0519,1,154.53,154.53
HITM0001366,HORD000439,PRD0518,1,271.63,271.63
HITM0007307,HORD002328,PRD0376,1,810.62,810.62
HITM0007308,HORD002328,PRD0086,1,669.12,669.12
HITM0007309,HORD002328,PRD0840,1,164.29,164.29
HITM0008099,HORD002575,PRD0808,1,601.58,601.58
HITM0008100,HORD002575,PRD0766,3,655.3,1965.9
HITM0015180,HORD004828,PRD0666,1,115.16,115.16
HITM0015181,HORD004828,PRD0428,1,1044.38,1044.38
HITM0002709,HORD000872,PRD0415,1,111.92,111.92
HITM0002710,HORD000872,PRD0886,1,59.21,59.21
HITM0002711,HORD000872,PRD0868,1,1088.06,1088.06
HITM0002712,HORD000872,PRD0834,1,2475.8,2475.8
HITM0010541,HORD003353,PRD0578,1,625.32,625.32
HITM0010542,HORD003353,PRD0258,1,133.79,133.79
HITM0002865,HORD000921,PRD0598,1,723.86,723.86
HITM0008327,HORD002644,PRD0403,1,1021.92,1021.92
HITM0008328,HORD002644,PRD0381,1,2181.63,2181.63
HITM0008329,HORD002644,PRD0380,1,318.45,318.45
HITM0008330,HORD002644,PRD0105,1,325.21,325.21
HITM0013116,HORD004174,PRD0459,1,1343.7,1343.7
HITM0013117,HORD004174,PRD0559,2,531.55,1063.1
HITM0013118,HORD004174,PRD0408,1,402.17,402.17
HITM0013119,HORD004174,PRD0423,1,684.99,684.99
HITM0013120,HORD004174,PRD0143,2,1276.25,2552.5
HITM0005582,HORD001788,PRD0298,1,275.37,275.37
HITM0005583,HORD001788,PRD0407,1,2508.69,2508.69
HITM0005584,HORD001788,PRD0077,1,2379.38,2379.38
HITM0014283,HORD004545,PRD0860,1,113.03,113.03
HITM0014284,HORD004545,PRD0867,2,111.69,223.38
HITM0012180,HORD003887,PRD0028,2,855.88,1711.76
HITM0012181,HORD003887,PRD0139,1,877.46,877.46
HITM0012182,HORD003887,PRD0841,2,2479.75,4959.5
HITM0011024,HORD003512,PRD0118,1,148.01,148.01
HITM0011025,HORD003512,PRD0535,1,536.13,536.13
HITM0011026,HORD003512,PRD0738,1,357.89,357.89
HITM0011027,HORD003512,PRD0472,1,1677.61,1677.61
HITM0005485,HORD001755,PRD0484,1,1342.84,1342.84
HITM0005486,HORD001755,PRD0327,3,122.19,366.57
HITM0004486,HORD001439,PRD0576,1,261.6,261.6
HITM0004487,HORD001439,PRD0390,1,254.28,254.28
HITM0004488,HORD001439,PRD0779,1,835.92,835.92
HITM0004489,HORD001439,PRD0520,1,331.38,331.38
HITM0004490,HORD001439,PRD0479,1,1360.38,1360.38
HITM0005864,HORD001877,PRD1000,1,192.28,192.28
HITM0005865,HORD001877,PRD0887,1,1400.8,1400.8
HITM0005866,HORD001877,PRD0083,1,558.55,558.55
HITM0000645,HORD000211,PRD0976,2,196.82,393.64
HITM0000646,HORD000211,PRD1000,1,192.28,192.28
HITM0000647,HORD000211,PRD0196,1,206.29,206.29
HITM0006393,HORD002043,PRD0519,1,154.53,154.53
HITM0006394,HORD002043,PRD0312,1,523.23,523.23
HITM0006395,HORD002043,PRD0269,1,1258.42,1258.42
HITM0006396,HORD002043,PRD0582,2,622.36,1244.72
HITM0013794,HORD004388,PRD0431,3,1892.24,5676.72
HITM0013795,HORD004388,PRD0830,1,121.26,121.26
HITM0013796,HORD004388,PRD0360,1,387.48,387.48
HITM0013797,HORD004388,PRD0068,1,316.68,316.68
HITM0009285,HORD002949,PRD0803,1,1082.24,1082.24
HITM0009286,HORD002949,PRD0816,2,125.37,250.74
HITM0009287,HORD002949,PRD0472,1,1677.61,1677.61
HITM0012736,HORD004061,PRD0290,1,154.65,154.65
HITM0012737,HORD004061,PRD0692,1,1859.26,1859.26
HITM0006112,HORD001954,PRD0030,2,405.09,810.18
HITM0006113,HORD001954,PRD0646,2,498.38,996.76
HITM0006114,HORD001954,PRD0658,1,353.59,353.59
HITM0013121,HORD004175,PRD0638,1,331.17,331.17
HITM0013122,HORD004175,PRD0726,1,357.63,357.63
HITM0013123,HORD004175,PRD0696,1,223.84,223.84
HITM0005422,HORD001732,PRD0420,1,399.59,399.59
HITM0005423,HORD001732,PRD0530,1,14.38,14.38
HITM0005424,HORD001732,PRD0789,1,416.43,416.43
HITM0013185,HORD004194,PRD0209,2,164.63,329.26
HITM0013186,HORD004194,PRD0793,1,454.0,454.0
HITM0013187,HORD004194,PRD0001,2,2765.47,5530.94
HITM0000954,HORD000309,PRD0728,1,504.43,504.43
HITM0000955,HORD000309,PRD0380,1,318.45,318.45
HITM0006874,HORD002194,PRD0401,1,1079.31,1079.31
HITM0006875,HORD002194,PRD0806,1,210.08,210.08
HITM0006876,HORD002194,PRD0717,1,1445.8,1445.8
HITM0006877,HORD002194,PRD0845,1,323.81,323.81
HITM0006878,HORD002194,PRD0457,1,514.55,514.55
HITM0012591,HORD004016,PRD0990,1,114.18,114.18
HITM0012592,HORD004016,PRD0955,2,891.93,1783.86
HITM0012593,HORD004016,PRD0271,1,1523.72,1523.72
HITM0007531,HORD002400,PRD0505,2,350.13,700.26
HITM0007532,HORD002400,PRD0486,1,706.44,706.44
HITM0007533,HORD002400,PRD0998,1,178.25,178.25
HITM0006455,HORD002064,PRD0816,1,125.37,125.37
HITM0006456,HORD002064,PRD0503,1,1009.94,1009.94
HITM0006457,HORD002064,PRD0678,1,566.98,566.98
HITM0007741,HORD002461,PRD0212,2,1821.52,3643.04
HITM0007742,HORD002461,PRD0485,1,283.51,283.51
HITM0007743,HORD002461,PRD0066,1,291.03,291.03
HITM0007744,HORD002461,PRD0628,1,219.29,219.29
HITM0007745,HORD002461,PRD0347,2,1228.43,2456.86
HITM0015553,HORD004956,PRD0105,1,325.21,325.21
HITM0015554,HORD004956,PRD0078,1,280.55,280.55
HITM0015555,HORD004956,PRD0566,2,150.7,301.4
HITM0015556,HORD004956,PRD0976,1,196.82,196.82
HITM0001095,HORD000355,PRD0059,1,602.47,602.47
HITM0001096,HORD000355,PRD0460,2,19.84,39.68
HITM0001097,HORD000355,PRD0990,1,114.18,114.18
HITM0001098,HORD000355,PRD0337,1,842.79,842.79
HITM0001099,HORD000355,PRD0975,1,87.41,87.41
HITM0014140,HORD004498,PRD0825,1,363.11,363.11
HITM0014141,HORD004498,PRD0207,1,2341.74,2341.74
HITM0014142,HORD004498,PRD0216,1,823.62,823.62
HITM0014551,HORD004629,PRD0258,1,133.79,133.79
HITM0014552,HORD004629,PRD0523,1,911.73,911.73
HITM0014553,HORD004629,PRD0669,1,271.59,271.59
HITM0012195,HORD003892,PRD0633,1,804.04,804.04
HITM0012196,HORD003892,PRD0193,1,1208.58,1208.58
HITM0012197,HORD003892,PRD0032,1,1124.96,1124.96
HITM0012198,HORD003892,PRD1000,2,192.28,384.56
HITM0001019,HORD000331,PRD0632,1,372.28,372.28
HITM0001020,HORD000331,PRD0268,1,1094.58,1094.58
HITM0001021,HORD000331,PRD0080,1,60.33,60.33
HITM0009558,HORD003037,PRD0060,2,170.83,341.66
HITM0009559,HORD003037,PRD0650,1,129.9,129.9
HITM0009560,HORD003037,PRD0328,1,634.48,634.48
HITM0009561,HORD003037,PRD0011,1,1900.95,1900.95
HITM0006496,HORD002077,PRD0667,1,2144.83,2144.83
HITM0006497,HORD002077,PRD0814,1,404.73,404.73
HITM0006498,HORD002077,PRD0659,3,725.61,2176.83
HITM0006499,HORD002077,PRD0786,1,142.49,142.49
HITM0001012,HORD000328,PRD0186,1,480.83,480.83
HITM0001013,HORD000328,PRD0712,1,331.7,331.7
HITM0014354,HORD004566,PRD0606,1,74.13,74.13
HITM0005962,HORD001906,PRD0560,1,176.65,176.65
HITM0005963,HORD001906,PRD0981,1,2201.61,2201.61
HITM0005964,HORD001906,PRD0866,2,487.97,975.94
HITM0005965,HORD001906,PRD0112,1,387.62,387.62
HITM0001255,HORD000405,PRD0143,1,1276.25,1276.25
HITM0001256,HORD000405,PRD0676,1,45.2,45.2
HITM0001257,HORD000405,PRD0270,1,154.55,154.55
HITM0001258,HORD000405,PRD0467,2,2512.22,5024.44
HITM0001259,HORD000405,PRD0867,1,111.69,111.69
HITM0000209,HORD000072,PRD0362,1,1208.57,1208.57
HITM0000210,HORD000072,PRD0755,2,802.94,1605.88
HITM0000211,HORD000072,PRD0236,1,135.01,135.01
HITM0000626,HORD000205,PRD0969,1,1212.01,1212.01
HITM0006414,HORD002051,PRD0656,1,848.87,848.87
HITM0006415,HORD002051,PRD0092,1,370.43,370.43
HITM0006416,HORD002051,PRD0390,2,254.28,508.56
HITM0003272,HORD001052,PRD0814,1,404.73,404.73
HITM0003273,HORD001052,PRD0333,1,454.01,454.01
HITM0000941,HORD000305,PRD0491,1,2132.04,2132.04
HITM0000942,HORD000305,PRD0047,1,64.28,64.28
HITM0000943,HORD000305,PRD0306,1,677.68,677.68
HITM0000944,HORD000305,PRD0756,1,177.47,177.47
HITM0012205,HORD003895,PRD0716,1,300.2,300.2
HITM0012206,HORD003895,PRD0507,1,954.32,954.32
HITM0012207,HORD003895,PRD0872,1,796.81,796.81
HITM0003040,HORD000975,PRD0827,3,1819.32,5457.96
HITM0003041,HORD000975,PRD0612,1,385.34,385.34
HITM0006120,HORD001956,PRD0369,2,429.26,858.52
HITM0006121,HORD001956,PRD0632,1,372.28,372.28
HITM0006122,HORD001956,PRD0089,1,739.15,739.15
HITM0009325,HORD002961,PRD0479,2,1360.38,2720.76
HITM0009326,HORD002961,PRD0488,1,281.31,281.31
HITM0009327,HORD002961,PRD0985,3,1164.32,3492.96
HITM0008460,HORD002688,PRD0030,1,405.09,405.09
HITM0010027,HORD003186,PRD0559,1,531.55,531.55
HITM0010028,HORD003186,PRD0436,1,180.16,180.16
HITM0010029,HORD003186,PRD0391,1,1640.32,1640.32
HITM0010359,HORD003294,PRD0756,1,177.47,177.47
HITM0010360,HORD003294,PRD0764,1,1928.47,1928.47
HITM0010361,HORD003294,PRD0383,3,584.39,1753.17
HITM0010362,HORD003294,PRD0326,1,828.92,828.92
HITM0014559,HORD004632,PRD0098,1,560.95,560.95
HITM0014560,HORD004632,PRD0312,2,523.23,1046.46
HITM0012667,HORD004042,PRD0479,2,1360.38,2720.76
HITM0012668,HORD004042,PRD0449,3,168.36,505.08
HITM0012669,HORD004042,PRD0210,1,408.84,408.84
HITM0012670,HORD004042,PRD0806,1,210.08,210.08
HITM0012671,HORD004042,PRD0128,1,155.79,155.79
HITM0010586,HORD003367,PRD0946,2,618.18,1236.36
HITM0010587,HORD003367,PRD0091,1,2264.24,2264.24
HITM0010588,HORD003367,PRD0164,1,649.27,649.27
HITM0010589,HORD003367,PRD0418,1,584.01,584.01
HITM0004010,HORD001289,PRD0849,1,216.96,216.96
HITM0014523,HORD004622,PRD0736,1,508.97,508.97
HITM0014524,HORD004622,PRD0354,1,1130.05,1130.05
HITM0014525,HORD004622,PRD0836,1,70.78,70.78
HITM0015481,HORD004930,PRD0056,1,258.5,258.5
HITM0015482,HORD004930,PRD0489,1,1103.05,1103.05
HITM0000884,HORD000286,PRD0836,1,70.78,70.78
HITM0000885,HORD000286,PRD0863,1,894.64,894.64
HITM0000886,HORD000286,PRD0478,1,966.98,966.98
HITM0000887,HORD000286,PRD0975,1,87.41,87.41
HITM0000888,HORD000286,PRD0720,1,216.18,216.18
HITM0002279,HORD000737,PRD0590,3,54.96,164.88
HITM0002280,HORD000737,PRD0460,1,19.84,19.84
HITM0002281,HORD000737,PRD0662,2,483.82,967.64
HITM0015429,HORD004915,PRD0819,1,191.18,191.18
HITM0015430,HORD004915,PRD0676,1,45.2,45.2
HITM0015431,HORD004915,PRD0727,1,842.09,842.09
HITM0014362,HORD004570,PRD0716,1,300.2,300.2
HITM0014363,HORD004570,PRD0335,1,1165.89,1165.89
HITM0014364,HORD004570,PRD0270,1,154.55,154.55
HITM0014365,HORD004570,PRD0198,1,492.76,492.76
HITM0014366,HORD004570,PRD0696,1,223.84,223.84
HITM0010145,HORD003226,PRD0636,1,421.78,421.78
HITM0010146,HORD003226,PRD0676,3,45.2,135.6
HITM0010147,HORD003226,PRD0431,1,1892.24,1892.24
HITM0010148,HORD003226,PRD0380,1,318.45,318.45
HITM0014317,HORD004555,PRD0211,2,901.64,1803.28
HITM0014318,HORD004555,PRD0716,1,300.2,300.2
HITM0014319,HORD004555,PRD0330,2,265.81,531.62
HITM0014320,HORD004555,PRD0668,1,1025.81,1025.81
HITM0000774,HORD000250,PRD0498,1,201.0,201.0
HITM0000775,HORD000250,PRD0898,1,642.43,642.43
HITM0000776,HORD000250,PRD0786,1,142.49,142.49
HITM0000777,HORD000250,PRD0708,2,1076.81,2153.62
HITM0013041,HORD004151,PRD0326,1,828.92,828.92
HITM0013042,HORD004151,PRD0334,1,1182.39,1182.39
HITM0013043,HORD004151,PRD0621,1,3087.07,3087.07
HITM0013044,HORD004151,PRD0048,1,165.15,165.15
HITM0003123,HORD001001,PRD0146,1,510.27,510.27
HITM0010832,HORD003449,PRD0008,2,442.13,884.26
HITM0010833,HORD003449,PRD0968,1,1098.76,1098.76
HITM0010834,HORD003449,PRD0812,2,1025.12,2050.24
HITM0009445,HORD003000,PRD0164,1,649.27,649.27
HITM0009446,HORD003000,PRD0791,1,2700.27,2700.27
HITM0009447,HORD003000,PRD0607,1,113.06,113.06
HITM0009448,HORD003000,PRD0097,1,2083.5,2083.5
HITM0006421,HORD002054,PRD0298,2,275.37,550.74
HITM0006422,HORD002054,PRD0993,1,976.99,976.99
HITM0006423,HORD002054,PRD0926,1,546.12,546.12
HITM0006424,HORD002054,PRD0372,2,1308.61,2617.22
HITM0000364,HORD000124,PRD0199,1,1349.0,1349.0
HITM0000365,HORD000124,PRD0346,1,470.11,470.11
HITM0000366,HORD000124,PRD0810,2,336.77,673.54
HITM0006546,HORD002091,PRD0224,1,460.12,460.12
HITM0006547,HORD002091,PRD0291,1,2310.69,2310.69
HITM0006548,HORD002091,PRD0303,1,1407.52,1407.52
HITM0006549,HORD002091,PRD0747,1,1353.66,1353.66
HITM0006550,HORD002091,PRD0934,2,789.27,1578.54
HITM0004958,HORD001588,PRD0018,1,1099.45,1099.45
HITM0004959,HORD001588,PRD0976,1,196.82,196.82
HITM0004960,HORD001588,PRD0351,1,1461.95,1461.95
HITM0004961,HORD001588,PRD0419,1,100.25,100.25
HITM0009538,HORD003030,PRD0430,1,397.28,397.28
HITM0009539,HORD003030,PRD0762,1,1016.52,1016.52
HITM0009540,HORD003030,PRD0119,1,1161.39,1161.39
HITM0009541,HORD003030,PRD0530,1,14.38,14.38
HITM0011419,HORD003636,PRD0987,1,751.73,751.73
HITM0013604,HORD004332,PRD0385,1,812.79,812.79
HITM0013605,HORD004332,PRD0860,1,113.03,113.03
HITM0013606,HORD004332,PRD0175,1,1014.37,1014.37
HITM0003672,HORD001184,PRD0028,1,855.88,855.88
HITM0003673,HORD001184,PRD0830,1,121.26,121.26
HITM0003674,HORD001184,PRD0736,1,508.97,508.97
HITM0003675,HORD001184,PRD0584,3,2508.46,7525.38
HITM0001132,HORD000366,PRD0328,1,634.48,634.48
HITM0001133,HORD000366,PRD0985,1,1164.32,1164.32
HITM0001134,HORD000366,PRD0975,1,87.41,87.41
HITM0002238,HORD000723,PRD0103,1,421.42,421.42
HITM0002239,HORD000723,PRD0294,2,4059.32,8118.64
HITM0014048,HORD004469,PRD0716,1,300.2,300.2
HITM0014049,HORD004469,PRD0402,2,400.07,800.14
HITM0014050,HORD004469,PRD0746,2,804.31,1608.62
HITM0014051,HORD004469,PRD0688,1,409.87,409.87
HITM0014901,HORD004740,PRD0903,1,980.26,980.26
HITM0014902,HORD004740,PRD0046,1,822.45,822.45
HITM0014903,HORD004740,PRD0902,1,307.82,307.82
HITM0014904,HORD004740,PRD0379,1,989.35,989.35
HITM0013711,HORD004362,PRD0515,1,987.71,987.71
HITM0013712,HORD004362,PRD0299,1,1391.83,1391.83
HITM0013713,HORD004362,PRD0396,1,385.11,385.11
HITM0013714,HORD004362,PRD0009,1,301.36,301.36
HITM0013715,HORD004362,PRD0942,1,1694.84,1694.84
HITM0002941,HORD000946,PRD0245,1,645.34,645.34
HITM0002942,HORD000946,PRD0752,1,1670.56,1670.56
HITM0002943,HORD000946,PRD0165,1,567.68,567.68
HITM0002944,HORD000946,PRD0918,1,781.2,781.2
HITM0002950,HORD000948,PRD0334,1,1182.39,1182.39
HITM0002951,HORD000948,PRD0552,1,643.85,643.85
HITM0002952,HORD000948,PRD0448,1,1025.21,1025.21
HITM0002953,HORD000948,PRD0633,1,804.04,804.04
HITM0008342,HORD002649,PRD0628,1,219.29,219.29
HITM0008343,HORD002649,PRD0064,1,3541.77,3541.77
HITM0008344,HORD002649,PRD0067,1,374.02,374.02
HITM0008345,HORD002649,PRD0770,1,116.43,116.43
HITM0009567,HORD003039,PRD0684,1,1730.11,1730.11
HITM0009568,HORD003039,PRD0160,1,361.95,361.95
HITM0009569,HORD003039,PRD0343,1,634.07,634.07
HITM0009570,HORD003039,PRD0661,1,1196.27,1196.27
HITM0012510,HORD003991,PRD0408,1,402.17,402.17
HITM0012511,HORD003991,PRD0487,1,322.51,322.51
HITM0012512,HORD003991,PRD0020,1,47.5,47.5
HITM0010294,HORD003274,PRD0742,2,338.72,677.44
HITM0010295,HORD003274,PRD0819,2,191.18,382.36
HITM0007184,HORD002291,PRD0073,1,900.89,900.89
HITM0007185,HORD002291,PRD0374,1,772.23,772.23
HITM0007186,HORD002291,PRD0323,1,1220.6,1220.6
HITM0007187,HORD002291,PRD0880,3,291.86,875.58
HITM0007188,HORD002291,PRD0435,1,306.84,306.84
HITM0013639,HORD004342,PRD0475,1,559.21,559.21
HITM0013640,HORD004342,PRD0202,1,1891.9,1891.9
HITM0007341,HORD002341,PRD0955,1,891.93,891.93
HITM0007342,HORD002341,PRD0487,2,322.51,645.02
HITM0007343,HORD002341,PRD0650,1,129.9,129.9
HITM0007344,HORD002341,PRD0795,2,841.05,1682.1
HITM0014345,HORD004563,PRD0807,1,1660.47,1660.47
HITM0014346,HORD004563,PRD0713,1,768.21,768.21
HITM0014347,HORD004563,PRD0038,3,769.34,2308.02
HITM0008557,HORD002720,PRD0760,1,36.27,36.27
HITM0008558,HORD002720,PRD0972,1,1389.65,1389.65
HITM0008559,HORD002720,PRD0086,2,669.12,1338.24
HITM0008560,HORD002720,PRD0433,1,456.5,456.5
HITM0002608,HORD000844,PRD0598,2,723.86,1447.72
HITM0002609,HORD000844,PRD0648,1,1089.86,1089.86
HITM0002610,HORD000844,PRD0474,2,1816.04,3632.08
HITM0002611,HORD000844,PRD0585,2,855.14,1710.28
HITM0002612,HORD000844,PRD0670,3,387.96,1163.88
HITM0005648,HORD001806,PRD0650,2,129.9,259.8
HITM0005649,HORD001806,PRD0108,1,323.48,323.48
HITM0005650,HORD001806,PRD0711,1,2598.42,2598.42
HITM0005651,HORD001806,PRD0076,1,705.93,705.93
HITM0005652,HORD001806,PRD0128,1,155.79,155.79
HITM0015456,HORD004923,PRD0080,1,60.33,60.33
HITM0015457,HORD004923,PRD0606,1,74.13,74.13
HITM0015458,HORD004923,PRD0455,1,191.31,191.31
HITM0015459,HORD004923,PRD0016,1,594.47,594.47
HITM0009378,HORD002977,PRD0099,2,1406.39,2812.78
HITM0009379,HORD002977,PRD0379,1,989.35,989.35
HITM0009380,HORD002977,PRD0311,3,3180.87,9542.61
HITM0006630,HORD002118,PRD0999,1,626.07,626.07
HITM0006631,HORD002118,PRD0530,1,14.38,14.38
HITM0006632,HORD002118,PRD0414,1,2893.28,2893.28
HITM0003723,HORD001202,PRD0894,1,2406.75,2406.75
HITM0003724,HORD001202,PRD0926,2,546.12,1092.24
HITM0003725,HORD001202,PRD0348,1,643.07,643.07
HITM0011005,HORD003506,PRD0676,2,45.2,90.4
HITM0013134,HORD004179,PRD0510,1,267.14,267.14
HITM0013135,HORD004179,PRD0580,1,109.85,109.85
HITM0013136,HORD004179,PRD0017,1,1979.17,1979.17
HITM0000051,HORD000019,PRD0320,1,154.64,154.64
HITM0000052,HORD000019,PRD0133,1,1145.34,1145.34
HITM0000053,HORD000019,PRD0671,1,1835.03,1835.03
HITM0000054,HORD000019,PRD0896,1,452.47,452.47
HITM0005191,HORD001660,PRD0051,1,2305.52,2305.52
HITM0005192,HORD001660,PRD0701,1,1790.97,1790.97
HITM0001694,HORD000549,PRD0986,1,605.03,605.03
HITM0001695,HORD000549,PRD0487,2,322.51,645.02
HITM0013318,HORD004236,PRD0901,1,2926.07,2926.07
HITM0003170,HORD001017,PRD0606,1,74.13,74.13
HITM0003171,HORD001017,PRD0790,1,356.37,356.37
HITM0003172,HORD001017,PRD0585,1,855.14,855.14
HITM0015011,HORD004773,PRD0179,1,1481.8,1481.8
HITM0015012,HORD004773,PRD0118,1,148.01,148.01
HITM0015013,HORD004773,PRD0117,1,1297.02,1297.02
HITM0003861,HORD001244,PRD0723,1,1076.87,1076.87
HITM0003862,HORD001244,PRD0682,1,1711.59,1711.59
HITM0003313,HORD001068,PRD0257,1,637.63,637.63
HITM0003314,HORD001068,PRD0660,1,137.13,137.13
HITM0008585,HORD002729,PRD0649,1,1282.36,1282.36
HITM0008586,HORD002729,PRD0166,1,822.52,822.52
HITM0008587,HORD002729,PRD0360,1,387.48,387.48
HITM0008588,HORD002729,PRD0047,1,64.28,64.28
HITM0014584,HORD004640,PRD0475,1,559.21,559.21
HITM0014585,HORD004640,PRD0389,1,562.64,562.64
HITM0014586,HORD004640,PRD0110,1,113.31,113.31
HITM0014587,HORD004640,PRD0852,1,1542.22,1542.22
HITM0015464,HORD004925,PRD0450,1,212.69,212.69
HITM0015465,HORD004925,PRD0479,1,1360.38,1360.38
HITM0002886,HORD000929,PRD0050,2,191.67,383.34
HITM0002887,HORD000929,PRD0101,1,1151.85,1151.85
HITM0002888,HORD000929,PRD0396,2,385.11,770.22
HITM0002889,HORD000929,PRD0298,1,275.37,275.37
HITM0000713,HORD000232,PRD0258,1,133.79,133.79
HITM0000714,HORD000232,PRD0910,1,53.54,53.54
HITM0007797,HORD002479,PRD0856,1,508.46,508.46
HITM0007798,HORD002479,PRD0858,1,179.07,179.07
HITM0007799,HORD002479,PRD0427,1,241.58,241.58
HITM0010941,HORD003483,PRD0431,2,1892.24,3784.48
HITM0010942,HORD003483,PRD0953,1,536.06,536.06
HITM0010943,HORD003483,PRD0458,1,242.85,242.85
HITM0010944,HORD003483,PRD0652,1,1300.01,1300.01
HITM0010945,HORD003483,PRD0062,1,685.19,685.19
HITM0009267,HORD002944,PRD0970,1,203.54,203.54
HITM0009268,HORD002944,PRD0416,2,749.76,1499.52
HITM0009269,HORD002944,PRD0367,1,1143.76,1143.76
HITM0013105,HORD004171,PRD0930,1,62.22,62.22
HITM0013106,HORD004171,PRD0047,1,64.28,64.28
HITM0013107,HORD004171,PRD0455,1,191.31,191.31
HITM0013108,HORD004171,PRD0388,1,652.95,652.95
HITM0001882,HORD000612,PRD0383,1,584.39,584.39
HITM0001883,HORD000612,PRD0999,1,626.07,626.07
HITM0001884,HORD000612,PRD0419,1,100.25,100.25
HITM0001885,HORD000612,PRD0498,1,201.0,201.0
HITM0001773,HORD000577,PRD0676,1,45.2,45.2
HITM0001774,HORD000577,PRD0996,1,455.11,455.11
HITM0001775,HORD000577,PRD0775,2,1055.72,2111.44
HITM0006166,HORD001973,PRD0392,1,827.61,827.61
HITM0006167,HORD001973,PRD0690,1,115.07,115.07
HITM0006168,HORD001973,PRD0918,1,781.2,781.2
HITM0006169,HORD001973,PRD0065,1,1196.5,1196.5
HITM0006478,HORD002071,PRD0916,1,256.29,256.29
HITM0006479,HORD002071,PRD0320,2,154.64,309.28
HITM0006480,HORD002071,PRD0100,1,400.25,400.25
HITM0005661,HORD001810,PRD0616,1,311.42,311.42
HITM0005662,HORD001810,PRD0980,1,310.02,310.02
HITM0005663,HORD001810,PRD0815,2,261.87,523.74
HITM0001212,HORD000391,PRD0459,1,1343.7,1343.7
HITM0001213,HORD000391,PRD0210,1,408.84,408.84
HITM0010068,HORD003199,PRD0813,1,326.38,326.38
HITM0010069,HORD003199,PRD0620,2,133.24,266.48
HITM0010070,HORD003199,PRD0773,1,1495.61,1495.61
HITM0009803,HORD003115,PRD0819,1,191.18,191.18
HITM0009804,HORD003115,PRD0223,2,1020.19,2040.38
HITM0009805,HORD003115,PRD0376,1,810.62,810.62
HITM0005938,HORD001900,PRD0628,1,219.29,219.29
HITM0005939,HORD001900,PRD0643,1,1502.77,1502.77
HITM0005940,HORD001900,PRD0910,1,53.54,53.54
HITM0013501,HORD004298,PRD0903,1,980.26,980.26
HITM0013502,HORD004298,PRD0692,1,1859.26,1859.26
HITM0013503,HORD004298,PRD0225,1,255.65,255.65
HITM0012070,HORD003850,PRD0947,1,1985.26,1985.26
HITM0012071,HORD003850,PRD0251,1,1852.67,1852.67
HITM0012072,HORD003850,PRD0501,1,2192.16,2192.16
HITM0004146,HORD001334,PRD0026,1,760.37,760.37
HITM0004147,HORD001334,PRD0039,1,150.51,150.51
HITM0007077,HORD002259,PRD0246,1,362.52,362.52
HITM0007078,HORD002259,PRD0283,1,1338.12,1338.12
HITM0007079,HORD002259,PRD0262,1,1028.17,1028.17
HITM0007080,HORD002259,PRD0466,1,362.96,362.96
HITM0011472,HORD003653,PRD0679,2,864.47,1728.94
HITM0011473,HORD003653,PRD0074,2,3772.69,7545.38
HITM0015280,HORD004861,PRD0467,1,2512.22,2512.22
HITM0015281,HORD004861,PRD0020,1,47.5,47.5
HITM0015282,HORD004861,PRD0753,1,377.42,377.42
HITM0015283,HORD004861,PRD0693,1,748.42,748.42
HITM0015284,HORD004861,PRD0397,1,719.35,719.35
HITM0014154,HORD004504,PRD0778,2,921.48,1842.96
HITM0014155,HORD004504,PRD0468,2,254.35,508.7
HITM0014156,HORD004504,PRD0865,1,851.18,851.18
HITM0014157,HORD004504,PRD0249,1,871.19,871.19
HITM0015376,HORD004896,PRD0782,1,483.91,483.91
HITM0015377,HORD004896,PRD0521,1,1257.03,1257.03
HITM0000055,HORD000020,PRD0456,1,690.03,690.03
HITM0000056,HORD000020,PRD0888,1,828.95,828.95
HITM0015061,HORD004792,PRD0119,2,1161.39,2322.78
HITM0015062,HORD004792,PRD0135,1,1040.75,1040.75
HITM0015063,HORD004792,PRD0598,1,723.86,723.86
HITM0015064,HORD004792,PRD0624,1,4122.57,4122.57
HITM0014914,HORD004744,PRD0972,1,1389.65,1389.65
HITM0014915,HORD004744,PRD0190,1,248.59,248.59
HITM0010054,HORD003195,PRD0990,1,114.18,114.18
HITM0010055,HORD003195,PRD0491,1,2132.04,2132.04
HITM0010056,HORD003195,PRD0447,1,1044.91,1044.91
HITM0010057,HORD003195,PRD0156,3,400.24,1200.72
HITM0003500,HORD001131,PRD0998,1,178.25,178.25
HITM0003501,HORD001131,PRD0079,2,211.65,423.3
HITM0003502,HORD001131,PRD0575,2,222.44,444.88
HITM0003503,HORD001131,PRD0785,2,86.54,173.08
HITM0005520,HORD001766,PRD0079,1,211.65,211.65
HITM0005521,HORD001766,PRD0615,2,159.68,319.36
HITM0005522,HORD001766,PRD0136,2,249.62,499.24
HITM0005523,HORD001766,PRD0454,2,1083.26,2166.52
HITM0003476,HORD001123,PRD0815,1,261.87,261.87
HITM0003477,HORD001123,PRD0226,1,202.49,202.49
HITM0003478,HORD001123,PRD0328,1,634.48,634.48
HITM0004725,HORD001516,PRD0624,2,4122.57,8245.14
HITM0004726,HORD001516,PRD0796,1,187.69,187.69
HITM0014457,HORD004601,PRD0867,2,111.69,223.38
HITM0014458,HORD004601,PRD0487,1,322.51,322.51
HITM0014459,HORD004601,PRD0204,1,3651.04,3651.04
HITM0004124,HORD001326,PRD0628,2,219.29,438.58
HITM0004125,HORD001326,PRD0765,1,915.52,915.52
HITM0004126,HORD001326,PRD0367,1,1143.76,1143.76
HITM0012077,HORD003852,PRD0120,1,348.09,348.09
HITM0012078,HORD003852,PRD0381,3,2181.63,6544.89
HITM0011479,HORD003656,PRD0010,1,23.5,23.5
HITM0011480,HORD003656,PRD0915,1,1134.28,1134.28
HITM0006163,HORD001972,PRD0276,2,337.93,675.86
HITM0006164,HORD001972,PRD0366,1,547.49,547.49
HITM0006165,HORD001972,PRD0912,1,1645.17,1645.17
HITM0008104,HORD002577,PRD0960,1,322.58,322.58
HITM0008657,HORD002750,PRD0216,1,823.62,823.62
HITM0008658,HORD002750,PRD0537,1,1904.34,1904.34
HITM0008659,HORD002750,PRD0469,1,552.84,552.84
HITM0004140,HORD001331,PRD0252,1,1820.97,1820.97
HITM0004141,HORD001331,PRD0688,1,409.87,409.87
HITM0015028,HORD004780,PRD0457,1,514.55,514.55
HITM0015029,HORD004780,PRD0425,1,932.26,932.26
HITM0012687,HORD004047,PRD0236,1,135.01,135.01
HITM0012688,HORD004047,PRD0144,2,2170.55,4341.1
HITM0012689,HORD004047,PRD0300,1,158.44,158.44
HITM0004462,HORD001432,PRD0117,1,1297.02,1297.02
HITM0004463,HORD001432,PRD0795,2,841.05,1682.1
HITM0004464,HORD001432,PRD0213,1,351.6,351.6
HITM0004465,HORD001432,PRD0389,1,562.64,562.64
HITM0004466,HORD001432,PRD0277,1,1153.48,1153.48
HITM0003375,HORD001087,PRD0717,1,1445.8,1445.8
HITM0003376,HORD001087,PRD0481,1,3068.96,3068.96
HITM0003377,HORD001087,PRD0428,1,1044.38,1044.38
HITM0003378,HORD001087,PRD0947,1,1985.26,1985.26
HITM0011509,HORD003667,PRD0487,1,322.51,322.51
HITM0011510,HORD003667,PRD0698,2,68.9,137.8
HITM0011511,HORD003667,PRD0344,1,1481.0,1481.0
HITM0011512,HORD003667,PRD0590,1,54.96,54.96
HITM0014781,HORD004702,PRD0039,1,150.51,150.51
HITM0014782,HORD004702,PRD0815,1,261.87,261.87
HITM0014783,HORD004702,PRD0690,1,115.07,115.07
HITM0001598,HORD000516,PRD0973,1,703.36,703.36
HITM0001599,HORD000516,PRD0842,1,1758.47,1758.47
HITM0001600,HORD000516,PRD0945,1,730.35,730.35
HITM0001601,HORD000516,PRD0366,1,547.49,547.49
HITM0001242,HORD000400,PRD0461,1,3147.14,3147.14
HITM0001243,HORD000400,PRD0668,1,1025.81,1025.81
HITM0001244,HORD000400,PRD0957,1,2550.17,2550.17
HITM0001245,HORD000400,PRD0227,1,853.87,853.87
HITM0006911,HORD002205,PRD0120,1,348.09,348.09
HITM0006912,HORD002205,PRD0203,1,427.62,427.62
HITM0008452,HORD002685,PRD0235,2,158.61,317.22
HITM0008453,HORD002685,PRD0693,1,748.42,748.42
HITM0005230,HORD001673,PRD0196,1,206.29,206.29
HITM0005231,HORD001673,PRD0745,2,222.81,445.62
HITM0005232,HORD001673,PRD0657,2,1084.44,2168.88
HITM0012321,HORD003935,PRD0549,2,660.48,1320.96
HITM0012322,HORD003935,PRD0806,1,210.08,210.08
HITM0012323,HORD003935,PRD0270,3,154.55,463.65
HITM0012324,HORD003935,PRD0479,1,1360.38,1360.38
HITM0005774,HORD001849,PRD0442,1,1758.97,1758.97
HITM0005775,HORD001849,PRD0826,1,796.98,796.98
HITM0005776,HORD001849,PRD0403,2,1021.92,2043.84
HITM0005777,HORD001849,PRD0681,1,1086.83,1086.83
HITM0005778,HORD001849,PRD0243,1,567.88,567.88
HITM0012338,HORD003940,PRD0258,1,133.79,133.79
HITM0012339,HORD003940,PRD0600,1,62.84,62.84
HITM0011660,HORD003715,PRD0964,2,1776.26,3552.52
HITM0011661,HORD003715,PRD0276,1,337.93,337.93
HITM0006333,HORD002024,PRD0808,1,601.58,601.58
HITM0006334,HORD002024,PRD0417,3,876.48,2629.44
HITM0006335,HORD002024,PRD0608,2,918.08,1836.16
HITM0007864,HORD002501,PRD0996,1,455.11,455.11
HITM0007865,HORD002501,PRD0074,1,3772.69,3772.69
HITM0007866,HORD002501,PRD0370,1,206.12,206.12
HITM0007867,HORD002501,PRD0666,1,115.16,115.16
HITM0007868,HORD002501,PRD0830,1,121.26,121.26
HITM0005968,HORD001908,PRD0165,1,567.68,567.68
HITM0005969,HORD001908,PRD0671,1,1835.03,1835.03
HITM0005970,HORD001908,PRD0082,1,1101.3,1101.3
HITM0005971,HORD001908,PRD0806,2,210.08,420.16
HITM0013719,HORD004364,PRD0466,1,362.96,362.96
HITM0013720,HORD004364,PRD0488,2,281.31,562.62
HITM0013721,HORD004364,PRD0485,1,283.51,283.51
HITM0013722,HORD004364,PRD0011,1,1900.95,1900.95
HITM0007081,HORD002260,PRD0789,1,416.43,416.43
HITM0007082,HORD002260,PRD0672,1,1690.15,1690.15
HITM0007083,HORD002260,PRD0635,1,809.45,809.45
HITM0007084,HORD002260,PRD0817,2,2026.78,4053.56
HITM0007085,HORD002260,PRD0089,1,739.15,739.15
HITM0008838,HORD002808,PRD0457,1,514.55,514.55
HITM0008839,HORD002808,PRD0849,1,216.96,216.96
HITM0008840,HORD002808,PRD0792,1,1375.74,1375.74
HITM0008841,HORD002808,PRD0530,1,14.38,14.38
HITM0014430,HORD004592,PRD0666,1,115.16,115.16
HITM0014431,HORD004592,PRD0469,1,552.84,552.84
HITM0014432,HORD004592,PRD0627,1,1687.51,1687.51
HITM0010858,HORD003457,PRD0339,1,536.34,536.34
HITM0010859,HORD003457,PRD0137,2,1155.19,2310.38
HITM0002059,HORD000664,PRD0543,1,336.97,336.97
HITM0005008,HORD001603,PRD0029,1,1303.04,1303.04
HITM0005009,HORD001603,PRD0807,1,1660.47,1660.47
HITM0010227,HORD003252,PRD0363,1,924.17,924.17
HITM0010228,HORD003252,PRD0556,1,365.44,365.44
HITM0010229,HORD003252,PRD0775,1,1055.72,1055.72
HITM0010230,HORD003252,PRD0740,1,366.0,366.0
HITM0013152,HORD004184,PRD0588,1,277.14,277.14
HITM0013153,HORD004184,PRD0089,1,739.15,739.15
HITM0013154,HORD004184,PRD0393,1,310.3,310.3
HITM0010854,HORD003456,PRD0657,1,1084.44,1084.44
HITM0010855,HORD003456,PRD0725,1,1037.01,1037.01
HITM0010856,HORD003456,PRD0730,1,418.77,418.77
HITM0010857,HORD003456,PRD0943,2,1025.75,2051.5
HITM0008964,HORD002848,PRD0847,1,1533.33,1533.33
HITM0008965,HORD002848,PRD0695,1,663.83,663.83
HITM0008966,HORD002848,PRD0786,2,142.49,284.98
HITM0008967,HORD002848,PRD0999,2,626.07,1252.14
HITM0008968,HORD002848,PRD0544,1,1611.97,1611.97
HITM0000637,HORD000209,PRD0446,1,168.08,168.08
HITM0000638,HORD000209,PRD0817,2,2026.78,4053.56
HITM0000639,HORD000209,PRD0402,1,400.07,400.07
HITM0000640,HORD000209,PRD0108,1,323.48,323.48
HITM0008869,HORD002818,PRD0166,2,822.52,1645.04
HITM0008870,HORD002818,PRD0940,3,51.08,153.24
HITM0008871,HORD002818,PRD0936,1,477.26,477.26
HITM0008872,HORD002818,PRD0677,1,1049.55,1049.55
HITM0008977,HORD002852,PRD0390,1,254.28,254.28
HITM0008978,HORD002852,PRD0664,1,3499.77,3499.77
HITM0008979,HORD002852,PRD0455,2,191.31,382.62
HITM0011287,HORD003596,PRD0955,2,891.93,1783.86
HITM0011288,HORD003596,PRD0487,2,322.51,645.02
HITM0011289,HORD003596,PRD0686,1,529.65,529.65
HITM0011290,HORD003596,PRD0147,1,2453.24,2453.24
HITM0003765,HORD001214,PRD0895,1,830.36,830.36
HITM0003766,HORD001214,PRD0295,3,979.25,2937.75
HITM0003767,HORD001214,PRD0168,1,341.32,341.32
HITM0003768,HORD001214,PRD0950,1,108.8,108.8
HITM0003769,HORD001214,PRD0015,1,238.76,238.76
HITM0015192,HORD004832,PRD0292,1,1810.91,1810.91
HITM0015193,HORD004832,PRD0633,1,804.04,804.04
HITM0001103,HORD000357,PRD0212,1,1821.52,1821.52
HITM0001104,HORD000357,PRD0432,3,390.19,1170.57
HITM0012975,HORD004132,PRD0715,2,401.49,802.98
HITM0012976,HORD004132,PRD0530,1,14.38,14.38
HITM0012977,HORD004132,PRD0125,1,1104.8,1104.8
HITM0001823,HORD000593,PRD0034,1,780.7,780.7
HITM0001824,HORD000593,PRD0115,1,855.33,855.33
HITM0001825,HORD000593,PRD0036,1,355.76,355.76
HITM0013338,HORD004244,PRD0793,1,454.0,454.0
HITM0013339,HORD004244,PRD0008,1,442.13,442.13
HITM0013340,HORD004244,PRD0305,1,387.39,387.39
HITM0004621,HORD001482,PRD0173,3,906.06,2718.18
HITM0004622,HORD001482,PRD0160,1,361.95,361.95
HITM0011867,HORD003781,PRD0430,1,397.28,397.28
HITM0011868,HORD003781,PRD0507,1,954.32,954.32
HITM0014172,HORD004509,PRD0439,1,74.96,74.96
HITM0014173,HORD004509,PRD0546,1,227.79,227.79
HITM0003403,HORD001096,PRD0127,1,599.05,599.05
HITM0003404,HORD001096,PRD0582,1,622.36,622.36
HITM0003202,HORD001027,PRD0548,1,952.05,952.05
HITM0003203,HORD001027,PRD0645,2,262.13,524.26
HITM0003204,HORD001027,PRD0459,1,1343.7,1343.7
HITM0003205,HORD001027,PRD0762,2,1016.52,2033.04
HITM0003206,HORD001027,PRD0666,1,115.16,115.16
HITM0009316,HORD002958,PRD0844,1,3468.14,3468.14
HITM0009317,HORD002958,PRD0987,1,751.73,751.73
HITM0009318,HORD002958,PRD0550,2,112.99,225.98
HITM0009319,HORD002958,PRD0204,1,3651.04,3651.04
HITM0003701,HORD001194,PRD0099,3,1406.39,4219.17
HITM0003702,HORD001194,PRD0925,1,557.83,557.83
HITM0003703,HORD001194,PRD0574,1,2952.04,2952.04
HITM0003704,HORD001194,PRD0897,1,1058.2,1058.2
HITM0005274,HORD001685,PRD0850,2,101.36,202.72
HITM0005275,HORD001685,PRD0810,1,336.77,336.77
HITM0005276,HORD001685,PRD0778,3,921.48,2764.44
HITM0014660,HORD004662,PRD0186,1,480.83,480.83
HITM0014661,HORD004662,PRD0809,1,699.91,699.91
HITM0014662,HORD004662,PRD0355,1,714.36,714.36
HITM0014663,HORD004662,PRD0620,2,133.24,266.48
HITM0014664,HORD004662,PRD0337,1,842.79,842.79
HITM0005918,HORD001893,PRD0231,1,1774.07,1774.07
HITM0005919,HORD001893,PRD0418,1,584.01,584.01
HITM0005920,HORD001893,PRD0481,1,3068.96,3068.96
HITM0014165,HORD004507,PRD0164,1,649.27,649.27
HITM0014166,HORD004507,PRD0116,1,295.88,295.88
HITM0014167,HORD004507,PRD0874,1,2293.13,2293.13
HITM0013897,HORD004416,PRD0320,1,154.64,154.64
HITM0011695,HORD003726,PRD0873,1,665.62,665.62
HITM0011696,HORD003726,PRD0939,2,966.3,1932.6
HITM0011697,HORD003726,PRD0850,1,101.36,101.36
HITM0011698,HORD003726,PRD0968,2,1098.76,2197.52
HITM0011699,HORD003726,PRD0931,3,1200.5,3601.5
HITM0008479,HORD002696,PRD0246,1,362.52,362.52
HITM0008480,HORD002696,PRD0825,1,363.11,363.11
HITM0008481,HORD002696,PRD0850,1,101.36,101.36
HITM0015218,HORD004842,PRD0836,2,70.78,141.56
HITM0015219,HORD004842,PRD0574,1,2952.04,2952.04
HITM0015220,HORD004842,PRD0780,1,297.57,297.57
HITM0001977,HORD000642,PRD0985,3,1164.32,3492.96
HITM0000633,HORD000208,PRD0227,1,853.87,853.87
HITM0000634,HORD000208,PRD0229,1,813.08,813.08
HITM0000635,HORD000208,PRD0014,1,1339.17,1339.17
HITM0000636,HORD000208,PRD0001,1,2765.47,2765.47
HITM0005178,HORD001655,PRD0540,1,16.38,16.38
HITM0005179,HORD001655,PRD0350,1,142.11,142.11
HITM0003597,HORD001160,PRD0545,1,1080.38,1080.38
HITM0003598,HORD001160,PRD0190,2,248.59,497.18
HITM0003599,HORD001160,PRD0362,1,1208.57,1208.57
HITM0003600,HORD001160,PRD0700,1,241.67,241.67
HITM0011416,HORD003635,PRD0487,1,322.51,322.51
HITM0011417,HORD003635,PRD0839,1,835.25,835.25
HITM0011418,HORD003635,PRD0029,1,1303.04,1303.04
HITM0010706,HORD003408,PRD0266,2,189.02,378.04
HITM0010707,HORD003408,PRD0112,1,387.62,387.62
HITM0010708,HORD003408,PRD0117,1,1297.02,1297.02
HITM0001706,HORD000555,PRD0358,2,761.53,1523.06
HITM0001707,HORD000555,PRD0580,1,109.85,109.85
HITM0001708,HORD000555,PRD0690,1,115.07,115.07
HITM0001709,HORD000555,PRD0020,1,47.5,47.5
HITM0005429,HORD001735,PRD0454,1,1083.26,1083.26
HITM0005430,HORD001735,PRD0095,1,699.82,699.82
HITM0005431,HORD001735,PRD0616,3,311.42,934.26
HITM0005432,HORD001735,PRD0304,1,4012.3,4012.3
HITM0002359,HORD000764,PRD0650,2,129.9,259.8
HITM0002360,HORD000764,PRD0858,1,179.07,179.07
HITM0002361,HORD000764,PRD0536,1,825.29,825.29
HITM0002362,HORD000764,PRD0941,2,2304.74,4609.48
HITM0002363,HORD000764,PRD0262,3,1028.17,3084.51
HITM0008902,HORD002828,PRD0135,1,1040.75,1040.75
HITM0011239,HORD003581,PRD0746,1,804.31,804.31
HITM0011240,HORD003581,PRD0707,1,2487.37,2487.37
HITM0011241,HORD003581,PRD0661,1,1196.27,1196.27
HITM0011242,HORD003581,PRD0261,1,2576.1,2576.1
HITM0012024,HORD003834,PRD0518,1,271.63,271.63
HITM0012025,HORD003834,PRD0998,1,178.25,178.25
HITM0011840,HORD003770,PRD0364,3,4084.62,12253.86
HITM0011841,HORD003770,PRD0905,1,958.12,958.12
HITM0011842,HORD003770,PRD0696,1,223.84,223.84
HITM0011843,HORD003770,PRD0476,1,787.22,787.22
HITM0011844,HORD003770,PRD0737,1,420.63,420.63
HITM0005973,HORD001910,PRD0165,2,567.68,1135.36
HITM0005974,HORD001910,PRD0724,2,2202.99,4405.98
HITM0005975,HORD001910,PRD0792,1,1375.74,1375.74
HITM0005976,HORD001910,PRD0620,1,133.24,133.24
HITM0005977,HORD001910,PRD0122,1,674.12,674.12
HITM0000522,HORD000173,PRD0024,1,2921.86,2921.86
HITM0000523,HORD000173,PRD0817,1,2026.78,2026.78
HITM0000524,HORD000173,PRD0649,1,1282.36,1282.36
HITM0000525,HORD000173,PRD0180,1,386.36,386.36
HITM0002178,HORD000704,PRD0494,1,2097.54,2097.54
HITM0002179,HORD000704,PRD0807,1,1660.47,1660.47
HITM0002180,HORD000704,PRD0828,1,745.61,745.61
HITM0002181,HORD000704,PRD0838,1,858.89,858.89
HITM0014702,HORD004675,PRD0051,1,2305.52,2305.52
HITM0014703,HORD004675,PRD0255,1,699.0,699.0
HITM0014704,HORD004675,PRD0069,1,402.1,402.1
HITM0004456,HORD001429,PRD0996,1,455.11,455.11
HITM0004457,HORD001429,PRD0810,3,336.77,1010.31
HITM0014261,HORD004538,PRD0819,2,191.18,382.36
HITM0014262,HORD004538,PRD0020,1,47.5,47.5
HITM0014263,HORD004538,PRD0609,1,1032.51,1032.51
HITM0014264,HORD004538,PRD0816,1,125.37,125.37
HITM0011198,HORD003569,PRD0864,1,3828.18,3828.18
HITM0011199,HORD003569,PRD0955,1,891.93,891.93
HITM0011200,HORD003569,PRD0615,1,159.68,159.68
HITM0000402,HORD000136,PRD0891,1,2117.27,2117.27
HITM0000403,HORD000136,PRD0884,1,3422.46,3422.46
HITM0000404,HORD000136,PRD0588,1,277.14,277.14
HITM0010699,HORD003406,PRD0590,1,54.96,54.96
HITM0010700,HORD003406,PRD0433,1,456.5,456.5
HITM0010701,HORD003406,PRD0521,2,1257.03,2514.06
HITM0010702,HORD003406,PRD0815,2,261.87,523.74
HITM0010703,HORD003406,PRD0789,1,416.43,416.43
HITM0002822,HORD000909,PRD0421,1,1234.35,1234.35
HITM0002823,HORD000909,PRD0042,1,1480.28,1480.28
HITM0002824,HORD000909,PRD0521,2,1257.03,2514.06
HITM0000126,HORD000043,PRD0336,1,761.65,761.65
HITM0015590,HORD004967,PRD0436,1,180.16,180.16
HITM0015591,HORD004967,PRD0527,2,1407.36,2814.72
HITM0015592,HORD004967,PRD0067,1,374.02,374.02
HITM0007705,HORD002452,PRD0814,1,404.73,404.73
HITM0007706,HORD002452,PRD0774,1,2233.58,2233.58
HITM0007707,HORD002452,PRD0266,2,189.02,378.04
HITM0007708,HORD002452,PRD0962,1,482.88,482.88
HITM0005415,HORD001729,PRD0687,3,200.01,600.03
HITM0005416,HORD001729,PRD0047,3,64.28,192.84
HITM0009657,HORD003068,PRD0985,1,1164.32,1164.32
HITM0009658,HORD003068,PRD0447,3,1044.91,3134.73
HITM0013470,HORD004287,PRD0873,2,665.62,1331.24
HITM0013471,HORD004287,PRD0859,1,1242.69,1242.69
HITM0013472,HORD004287,PRD0210,1,408.84,408.84
HITM0013473,HORD004287,PRD0634,2,1093.47,2186.94
HITM0013474,HORD004287,PRD0105,2,325.21,650.42
HITM0002878,HORD000926,PRD0920,1,53.18,53.18
HITM0002879,HORD000926,PRD0502,1,1590.33,1590.33
HITM0002880,HORD000926,PRD0467,1,2512.22,2512.22
HITM0002881,HORD000926,PRD0071,2,2671.31,5342.62
HITM0003531,HORD001141,PRD0770,1,116.43,116.43
HITM0003532,HORD001141,PRD0240,2,371.29,742.58
HITM0010825,HORD003447,PRD0867,2,111.69,223.38
HITM0010826,HORD003447,PRD0907,1,130.49,130.49
HITM0010827,HORD003447,PRD0068,1,316.68,316.68
HITM0008427,HORD002677,PRD0261,1,2576.1,2576.1
HITM0008428,HORD002677,PRD0179,2,1481.8,2963.6
HITM0005062,HORD001621,PRD0441,1,1203.85,1203.85
HITM0005063,HORD001621,PRD0997,1,602.38,602.38
HITM0003138,HORD001007,PRD0428,1,1044.38,1044.38
HITM0003139,HORD001007,PRD0447,1,1044.91,1044.91
HITM0003140,HORD001007,PRD0666,1,115.16,115.16
HITM0003141,HORD001007,PRD0202,2,1891.9,3783.8
HITM0009348,HORD002968,PRD0433,1,456.5,456.5
HITM0009349,HORD002968,PRD0380,1,318.45,318.45
HITM0009350,HORD002968,PRD0325,2,161.7,323.4
HITM0009351,HORD002968,PRD0886,2,59.21,118.42
HITM0009352,HORD002968,PRD0923,1,1251.17,1251.17
HITM0011117,HORD003544,PRD0441,1,1203.85,1203.85
HITM0011118,HORD003544,PRD0816,1,125.37,125.37
HITM0011119,HORD003544,PRD0448,1,1025.21,1025.21
HITM0003638,HORD001174,PRD0108,2,323.48,646.96
HITM0003639,HORD001174,PRD0085,1,238.64,238.64
HITM0003640,HORD001174,PRD0080,1,60.33,60.33
HITM0003641,HORD001174,PRD0866,1,487.97,487.97
HITM0003642,HORD001174,PRD0994,1,1481.14,1481.14
HITM0004186,HORD001346,PRD0141,1,995.53,995.53
HITM0005696,HORD001822,PRD0712,1,331.7,331.7
HITM0005697,HORD001822,PRD0028,1,855.88,855.88
HITM0011126,HORD003547,PRD0151,1,2367.77,2367.77
HITM0011127,HORD003547,PRD0092,1,370.43,370.43
HITM0011128,HORD003547,PRD0554,2,1054.0,2108.0
HITM0009440,HORD002998,PRD0012,1,426.8,426.8
HITM0009441,HORD002998,PRD0076,1,705.93,705.93
HITM0009442,HORD002998,PRD0712,1,331.7,331.7
HITM0008799,HORD002794,PRD0382,2,1213.23,2426.46
HITM0008800,HORD002794,PRD0611,1,1295.24,1295.24
HITM0003470,HORD001120,PRD0627,1,1687.51,1687.51
HITM0003471,HORD001120,PRD0677,1,1049.55,1049.55
HITM0004547,HORD001457,PRD0961,2,2282.29,4564.58
HITM0004548,HORD001457,PRD0875,1,243.6,243.6
HITM0013445,HORD004276,PRD0524,2,2636.76,5273.52
HITM0012759,HORD004068,PRD0480,1,303.23,303.23
HITM0012760,HORD004068,PRD0067,1,374.02,374.02
HITM0012761,HORD004068,PRD0451,1,2985.26,2985.26
HITM0013224,HORD004206,PRD0525,1,1134.69,1134.69
HITM0013225,HORD004206,PRD0775,1,1055.72,1055.72
HITM0013226,HORD004206,PRD0965,1,536.69,536.69
HITM0013227,HORD004206,PRD0425,1,932.26,932.26
HITM0015238,HORD004849,PRD0423,3,684.99,2054.97
HITM0015239,HORD004849,PRD0850,1,101.36,101.36
HITM0015240,HORD004849,PRD0291,1,2310.69,2310.69
HITM0015241,HORD004849,PRD0183,2,1008.76,2017.52
HITM0009422,HORD002992,PRD0090,1,99.88,99.88
HITM0009423,HORD002992,PRD0033,1,822.86,822.86
HITM0009424,HORD002992,PRD0794,1,1445.08,1445.08
HITM0009425,HORD002992,PRD0755,1,802.94,802.94
HITM0000178,HORD000061,PRD0138,1,727.03,727.03
HITM0000179,HORD000061,PRD0408,1,402.17,402.17
HITM0005180,HORD001656,PRD0133,1,1145.34,1145.34
HITM0005181,HORD001656,PRD0110,1,113.31,113.31
HITM0005182,HORD001656,PRD0199,1,1349.0,1349.0
HITM0005183,HORD001656,PRD0682,3,1711.59,5134.77
HITM0015519,HORD004941,PRD0842,1,1758.47,1758.47
HITM0015520,HORD004941,PRD0787,1,189.07,189.07
HITM0013963,HORD004437,PRD0690,1,115.07,115.07
HITM0013964,HORD004437,PRD0497,1,1019.05,1019.05
HITM0013785,HORD004385,PRD0419,1,100.25,100.25
HITM0013786,HORD004385,PRD0376,2,810.62,1621.24
HITM0013787,HORD004385,PRD0160,2,361.95,723.9
HITM0009949,HORD003163,PRD0665,1,304.74,304.74
HITM0009950,HORD003163,PRD0997,1,602.38,602.38
HITM0006904,HORD002203,PRD0965,1,536.69,536.69
HITM0006905,HORD002203,PRD0391,1,1640.32,1640.32
HITM0006906,HORD002203,PRD0213,1,351.6,351.6
HITM0009401,HORD002984,PRD0819,1,191.18,191.18
HITM0009402,HORD002984,PRD0590,1,54.96,54.96
HITM0009403,HORD002984,PRD0350,1,142.11,142.11
HITM0011958,HORD003810,PRD0636,1,421.78,421.78
HITM0012129,HORD003870,PRD0785,3,86.54,259.62
HITM0012130,HORD003870,PRD0701,1,1790.97,1790.97
HITM0012131,HORD003870,PRD0123,1,1499.49,1499.49
HITM0004785,HORD001535,PRD0268,1,1094.58,1094.58
HITM0004786,HORD001535,PRD0816,1,125.37,125.37
HITM0004787,HORD001535,PRD0325,1,161.7,161.7
HITM0009887,HORD003142,PRD0179,2,1481.8,2963.6
HITM0009888,HORD003142,PRD0450,1,212.69,212.69
HITM0009889,HORD003142,PRD0526,1,208.36,208.36
HITM0014672,HORD004666,PRD0389,1,562.64,562.64
HITM0014673,HORD004666,PRD0658,1,353.59,353.59
HITM0014674,HORD004666,PRD0667,1,2144.83,2144.83
HITM0014675,HORD004666,PRD0708,1,1076.81,1076.81
HITM0007992,HORD002540,PRD0716,1,300.2,300.2
HITM0007993,HORD002540,PRD0306,1,677.68,677.68
HITM0007994,HORD002540,PRD0937,2,1780.49,3560.98
HITM0007902,HORD002512,PRD0114,1,3925.54,3925.54
HITM0007903,HORD002512,PRD0494,2,2097.54,4195.08
HITM0007904,HORD002512,PRD0014,1,1339.17,1339.17
HITM0006819,HORD002175,PRD0595,1,108.82,108.82
HITM0006820,HORD002175,PRD0588,3,277.14,831.42
HITM0006821,HORD002175,PRD0856,2,508.46,1016.92
HITM0002328,HORD000752,PRD0666,2,115.16,230.32
HITM0002329,HORD000752,PRD0587,1,2586.72,2586.72
HITM0002330,HORD000752,PRD0696,1,223.84,223.84
HITM0007850,HORD002495,PRD0509,1,246.73,246.73
HITM0007851,HORD002495,PRD0576,1,261.6,261.6
HITM0007852,HORD002495,PRD0280,1,105.66,105.66
HITM0011140,HORD003551,PRD0039,1,150.51,150.51
HITM0011141,HORD003551,PRD0532,1,1457.77,1457.77
HITM0011142,HORD003551,PRD0462,1,1832.75,1832.75
HITM0011143,HORD003551,PRD0600,1,62.84,62.84
HITM0006471,HORD002069,PRD0333,2,454.01,908.02
HITM0006472,HORD002069,PRD0146,1,510.27,510.27
HITM0001273,HORD000409,PRD0375,1,495.35,495.35
HITM0001274,HORD000409,PRD0010,2,23.5,47.0
HITM0001275,HORD000409,PRD0553,1,941.32,941.32
HITM0009001,HORD002859,PRD0123,2,1499.49,2998.98
HITM0009002,HORD002859,PRD0530,1,14.38,14.38
HITM0009003,HORD002859,PRD0589,1,671.85,671.85
HITM0001506,HORD000487,PRD0354,1,1130.05,1130.05
HITM0001507,HORD000487,PRD0280,1,105.66,105.66
HITM0001508,HORD000487,PRD0746,1,804.31,804.31
HITM0001509,HORD000487,PRD0871,1,1164.43,1164.43
HITM0001510,HORD000487,PRD0897,1,1058.2,1058.2
HITM0011391,HORD003628,PRD0306,2,677.68,1355.36
HITM0011392,HORD003628,PRD0508,1,513.6,513.6
HITM0011393,HORD003628,PRD0688,2,409.87,819.74
HITM0015246,HORD004851,PRD0110,1,113.31,113.31
HITM0015247,HORD004851,PRD0332,3,858.21,2574.63
HITM0015248,HORD004851,PRD0523,1,911.73,911.73
HITM0003445,HORD001111,PRD0628,1,219.29,219.29
HITM0003446,HORD001111,PRD0469,1,552.84,552.84
HITM0003447,HORD001111,PRD0550,1,112.99,112.99
HITM0003355,HORD001080,PRD0547,1,1638.11,1638.11
HITM0003356,HORD001080,PRD0071,1,2671.31,2671.31
HITM0003357,HORD001080,PRD0527,2,1407.36,2814.72
HITM0003358,HORD001080,PRD0163,1,1426.46,1426.46
HITM0012145,HORD003876,PRD0150,1,189.45,189.45
HITM0012146,HORD003876,PRD0277,1,1153.48,1153.48
HITM0012147,HORD003876,PRD0189,1,1162.73,1162.73
HITM0013055,HORD004155,PRD0926,1,546.12,546.12
HITM0013056,HORD004155,PRD0459,1,1343.7,1343.7
HITM0013057,HORD004155,PRD0412,1,1872.56,1872.56
HITM0013058,HORD004155,PRD0593,1,356.64,356.64
HITM0006131,HORD001960,PRD0384,2,2575.32,5150.64
HITM0006132,HORD001960,PRD0425,2,932.26,1864.52
HITM0006133,HORD001960,PRD0023,1,688.53,688.53
HITM0001871,HORD000609,PRD0723,1,1076.87,1076.87
HITM0001872,HORD000609,PRD0702,1,1184.94,1184.94
HITM0009653,HORD003065,PRD0530,1,14.38,14.38
HITM0002345,HORD000759,PRD0904,1,3664.33,3664.33
HITM0002346,HORD000759,PRD0223,1,1020.19,1020.19
HITM0002347,HORD000759,PRD0229,1,813.08,813.08
HITM0008749,HORD002778,PRD0997,1,602.38,602.38
HITM0005847,HORD001871,PRD0265,2,1188.22,2376.44
HITM0002276,HORD000736,PRD0136,1,249.62,249.62
HITM0002277,HORD000736,PRD0125,1,1104.8,1104.8
HITM0002278,HORD000736,PRD0920,3,53.18,159.54
HITM0007917,HORD002516,PRD0560,1,176.65,176.65
HITM0007918,HORD002516,PRD0139,1,877.46,877.46
HITM0007919,HORD002516,PRD0282,2,1632.77,3265.54
HITM0001913,HORD000620,PRD0904,1,3664.33,3664.33
HITM0001914,HORD000620,PRD0475,1,559.21,559.21
HITM0012639,HORD004034,PRD0506,3,551.69,1655.07
HITM0012640,HORD004034,PRD0140,1,224.98,224.98
HITM0012641,HORD004034,PRD0615,1,159.68,159.68
HITM0012642,HORD004034,PRD0235,1,158.61,158.61
HITM0006525,HORD002085,PRD0154,2,1129.84,2259.68
HITM0006526,HORD002085,PRD0163,1,1426.46,1426.46
HITM0006527,HORD002085,PRD0965,2,536.69,1073.38
HITM0002675,HORD000862,PRD0324,1,3123.09,3123.09
HITM0002676,HORD000862,PRD0456,1,690.03,690.03
HITM0002677,HORD000862,PRD0378,1,857.8,857.8
HITM0011730,HORD003735,PRD0001,1,2765.47,2765.47
HITM0011731,HORD003735,PRD0671,1,1835.03,1835.03
HITM0011732,HORD003735,PRD0505,1,350.13,350.13
HITM0010548,HORD003356,PRD0058,1,243.69,243.69
HITM0010549,HORD003356,PRD0675,1,927.62,927.62
HITM0010550,HORD003356,PRD0909,1,1266.71,1266.71
HITM0011585,HORD003688,PRD0607,1,113.06,113.06
HITM0011586,HORD003688,PRD0704,1,2975.95,2975.95
HITM0011587,HORD003688,PRD0760,1,36.27,36.27
HITM0008373,HORD002658,PRD0155,2,171.72,343.44
HITM0008374,HORD002658,PRD0370,1,206.12,206.12
HITM0008375,HORD002658,PRD0986,1,605.03,605.03
HITM0001710,HORD000556,PRD0871,1,1164.43,1164.43
HITM0001711,HORD000556,PRD0157,2,591.59,1183.18
HITM0001712,HORD000556,PRD0678,1,566.98,566.98
HITM0000111,HORD000038,PRD0038,1,769.34,769.34
HITM0000112,HORD000038,PRD0554,1,1054.0,1054.0
HITM0000113,HORD000038,PRD0603,1,557.9,557.9
HITM0013773,HORD004380,PRD0470,1,91.58,91.58
HITM0013774,HORD004380,PRD0327,1,122.19,122.19
HITM0013775,HORD004380,PRD0261,1,2576.1,2576.1
HITM0013776,HORD004380,PRD0176,1,653.3,653.3
HITM0012846,HORD004094,PRD0580,1,109.85,109.85
HITM0012847,HORD004094,PRD0110,2,113.31,226.62
HITM0012848,HORD004094,PRD0768,1,435.51,435.51
HITM0012849,HORD004094,PRD0366,1,547.49,547.49
HITM0012850,HORD004094,PRD0208,1,569.31,569.31
HITM0000452,HORD000153,PRD0530,2,14.38,28.76
HITM0000453,HORD000153,PRD0580,1,109.85,109.85
HITM0000454,HORD000153,PRD0870,2,297.44,594.88
HITM0000945,HORD000306,PRD0968,2,1098.76,2197.52
HITM0000946,HORD000306,PRD0555,2,159.32,318.64
HITM0000947,HORD000306,PRD0764,1,1928.47,1928.47
HITM0001646,HORD000532,PRD0006,1,733.43,733.43
HITM0001647,HORD000532,PRD0650,1,129.9,129.9
HITM0001648,HORD000532,PRD0867,2,111.69,223.38
HITM0013456,HORD004281,PRD0759,1,1399.01,1399.01
HITM0007197,HORD002294,PRD0075,1,155.15,155.15
HITM0003756,HORD001211,PRD0204,1,3651.04,3651.04
HITM0003757,HORD001211,PRD0402,1,400.07,400.07
HITM0015080,HORD004798,PRD0853,1,1117.98,1117.98
HITM0015081,HORD004798,PRD0338,1,472.36,472.36
HITM0015082,HORD004798,PRD0374,1,772.23,772.23
HITM0015083,HORD004798,PRD0860,1,113.03,113.03
HITM0015084,HORD004798,PRD0636,1,421.78,421.78
HITM0003087,HORD000989,PRD0789,2,416.43,832.86
HITM0003088,HORD000989,PRD0359,1,196.54,196.54
HITM0003089,HORD000989,PRD0676,1,45.2,45.2
HITM0003090,HORD000989,PRD0970,1,203.54,203.54
HITM0009643,HORD003062,PRD0499,2,1328.97,2657.94
HITM0009644,HORD003062,PRD0828,1,745.61,745.61
HITM0009645,HORD003062,PRD0796,1,187.69,187.69
HITM0009646,HORD003062,PRD0560,1,176.65,176.65
HITM0003798,HORD001226,PRD0191,2,1103.43,2206.86
HITM0003799,HORD001226,PRD0780,1,297.57,297.57
HITM0003800,HORD001226,PRD0985,1,1164.32,1164.32
HITM0012089,HORD003856,PRD0877,1,507.09,507.09
HITM0012090,HORD003856,PRD0161,1,3173.56,3173.56
HITM0012091,HORD003856,PRD0200,1,148.27,148.27
HITM0012092,HORD003856,PRD0080,1,60.33,60.33
HITM0015131,HORD004813,PRD0651,2,1043.5,2087.0
HITM0015132,HORD004813,PRD0625,1,840.9,840.9
HITM0015133,HORD004813,PRD0070,2,257.34,514.68
HITM0015134,HORD004813,PRD0030,1,405.09,405.09
HITM0015135,HORD004813,PRD0243,1,567.88,567.88
HITM0010752,HORD003423,PRD0857,1,160.36,160.36
HITM0010753,HORD003423,PRD0649,1,1282.36,1282.36
HITM0013379,HORD004255,PRD0277,1,1153.48,1153.48
HITM0013380,HORD004255,PRD0740,2,366.0,732.0
HITM0013381,HORD004255,PRD0600,1,62.84,62.84
HITM0013382,HORD004255,PRD0956,2,584.64,1169.28
HITM0008385,HORD002661,PRD0837,1,2447.06,2447.06
HITM0006350,HORD002029,PRD0900,1,259.46,259.46
HITM0005214,HORD001669,PRD0637,1,1350.41,1350.41
HITM0005215,HORD001669,PRD0456,1,690.03,690.03
HITM0005216,HORD001669,PRD0768,1,435.51,435.51
HITM0005217,HORD001669,PRD0164,1,649.27,649.27
HITM0004187,HORD001347,PRD0073,2,900.89,1801.78
HITM0004188,HORD001347,PRD0019,1,1401.86,1401.86
HITM0004189,HORD001347,PRD0606,2,74.13,148.26
HITM0004190,HORD001347,PRD0341,1,1098.33,1098.33
HITM0010277,HORD003267,PRD0308,1,779.32,779.32
HITM0010278,HORD003267,PRD0157,1,591.59,591.59
HITM0010279,HORD003267,PRD0110,1,113.31,113.31
HITM0015089,HORD004801,PRD0600,1,62.84,62.84
HITM0015090,HORD004801,PRD0350,2,142.11,284.22
HITM0015091,HORD004801,PRD0613,1,774.1,774.1
HITM0015092,HORD004801,PRD0710,2,193.26,386.52
HITM0010761,HORD003427,PRD0516,1,339.27,339.27
HITM0010762,HORD003427,PRD0526,1,208.36,208.36
HITM0009418,HORD002991,PRD0459,1,1343.7,1343.7
HITM0009419,HORD002991,PRD0619,1,1486.76,1486.76
HITM0009420,HORD002991,PRD0475,1,559.21,559.21
HITM0009421,HORD002991,PRD0859,3,1242.69,3728.07
HITM0009371,HORD002975,PRD0937,3,1780.49,5341.47
HITM0009372,HORD002975,PRD0175,3,1014.37,3043.11
HITM0009373,HORD002975,PRD0879,1,287.13,287.13
HITM0009374,HORD002975,PRD0520,1,331.38,331.38
HITM0008219,HORD002613,PRD0812,1,1025.12,1025.12
HITM0008220,HORD002613,PRD0456,1,690.03,690.03
HITM0008221,HORD002613,PRD0339,2,536.34,1072.68
HITM0008222,HORD002613,PRD0681,1,1086.83,1086.83
HITM0002750,HORD000886,PRD0779,1,835.92,835.92
HITM0002751,HORD000886,PRD0048,1,165.15,165.15
HITM0011656,HORD003714,PRD0157,1,591.59,591.59
HITM0011657,HORD003714,PRD0628,1,219.29,219.29
HITM0011658,HORD003714,PRD0620,1,133.24,133.24
HITM0011659,HORD003714,PRD0077,2,2379.38,4758.76
HITM0005999,HORD001917,PRD0349,3,1342.94,4028.82
HITM0006000,HORD001917,PRD0558,1,383.39,383.39
HITM0006001,HORD001917,PRD0133,1,1145.34,1145.34
HITM0006002,HORD001917,PRD0865,1,851.18,851.18
HITM0007589,HORD002418,PRD0738,1,357.89,357.89
HITM0007590,HORD002418,PRD0959,1,1028.98,1028.98
HITM0007591,HORD002418,PRD0353,2,1077.75,2155.5
HITM0007592,HORD002418,PRD0360,1,387.48,387.48
HITM0011256,HORD003586,PRD0318,1,115.57,115.57
HITM0011257,HORD003586,PRD0352,1,1553.05,1553.05
HITM0011258,HORD003586,PRD0980,1,310.02,310.02
HITM0013958,HORD004436,PRD0923,1,1251.17,1251.17
HITM0013959,HORD004436,PRD0857,1,160.36,160.36
HITM0013960,HORD004436,PRD0423,1,684.99,684.99
HITM0013961,HORD004436,PRD0744,1,4074.4,4074.4
HITM0013962,HORD004436,PRD0653,1,1139.17,1139.17
HITM0002775,HORD000895,PRD0580,1,109.85,109.85
HITM0002776,HORD000895,PRD0787,1,189.07,189.07
HITM0002777,HORD000895,PRD0980,1,310.02,310.02
HITM0002778,HORD000895,PRD0790,1,356.37,356.37
HITM0008664,HORD002752,PRD0553,1,941.32,941.32
HITM0008665,HORD002752,PRD0698,1,68.9,68.9
HITM0008666,HORD002752,PRD0106,1,385.13,385.13
HITM0001618,HORD000524,PRD0125,1,1104.8,1104.8
HITM0001619,HORD000524,PRD0790,1,356.37,356.37
HITM0001620,HORD000524,PRD0084,1,3804.86,3804.86
HITM0001621,HORD000524,PRD0048,1,165.15,165.15
HITM0007571,HORD002411,PRD0090,2,99.88,199.76
HITM0007572,HORD002411,PRD0439,2,74.96,149.92
HITM0007573,HORD002411,PRD0940,1,51.08,51.08
HITM0000654,HORD000214,PRD0858,1,179.07,179.07
HITM0000655,HORD000214,PRD0586,2,754.59,1509.18
HITM0000656,HORD000214,PRD0200,1,148.27,148.27
HITM0000657,HORD000214,PRD0011,1,1900.95,1900.95
HITM0000658,HORD000214,PRD0645,1,262.13,262.13
HITM0011864,HORD003779,PRD0294,2,4059.32,8118.64
HITM0011865,HORD003779,PRD0056,1,258.5,258.5
HITM0003325,HORD001072,PRD0134,1,3514.77,3514.77
HITM0003326,HORD001072,PRD0500,2,408.62,817.24
HITM0003327,HORD001072,PRD0458,1,242.85,242.85
HITM0003328,HORD001072,PRD0396,1,385.11,385.11
HITM0003329,HORD001072,PRD0830,1,121.26,121.26
HITM0007555,HORD002407,PRD0085,2,238.64,477.28
HITM0007556,HORD002407,PRD0633,1,804.04,804.04
HITM0004075,HORD001312,PRD0919,1,1308.07,1308.07
HITM0004076,HORD001312,PRD0957,2,2550.17,5100.34
HITM0004077,HORD001312,PRD0359,2,196.54,393.08
HITM0004078,HORD001312,PRD0875,1,243.6,243.6
HITM0004079,HORD001312,PRD0397,1,719.35,719.35
HITM0008108,HORD002579,PRD0931,1,1200.5,1200.5
HITM0008109,HORD002579,PRD0582,1,622.36,622.36
HITM0008110,HORD002579,PRD0813,1,326.38,326.38
HITM0008111,HORD002579,PRD0856,1,508.46,508.46
HITM0003649,HORD001177,PRD0115,1,855.33,855.33
HITM0003650,HORD001177,PRD0092,1,370.43,370.43
HITM0003651,HORD001177,PRD0104,1,2802.96,2802.96
HITM0003652,HORD001177,PRD0560,1,176.65,176.65
HITM0003653,HORD001177,PRD0600,2,62.84,125.68
HITM0007499,HORD002390,PRD0441,1,1203.85,1203.85
HITM0007500,HORD002390,PRD0886,1,59.21,59.21
HITM0007501,HORD002390,PRD0325,2,161.7,323.4
HITM0007502,HORD002390,PRD0818,1,1004.26,1004.26
HITM0007503,HORD002390,PRD0875,1,243.6,243.6
HITM0007370,HORD002350,PRD0420,1,399.59,399.59
HITM0007371,HORD002350,PRD0036,1,355.76,355.76
HITM0007372,HORD002350,PRD0650,1,129.9,129.9
HITM0007373,HORD002350,PRD0371,1,2628.93,2628.93
HITM0007314,HORD002331,PRD0653,3,1139.17,3417.51
HITM0007315,HORD002331,PRD0020,1,47.5,47.5
HITM0011468,HORD003652,PRD0551,1,2204.48,2204.48
HITM0011469,HORD003652,PRD0893,3,1076.78,3230.34
HITM0011470,HORD003652,PRD0090,1,99.88,99.88
HITM0011471,HORD003652,PRD0413,1,420.29,420.29
HITM0003362,HORD001082,PRD0276,2,337.93,675.86
HITM0003363,HORD001082,PRD0698,3,68.9,206.7
HITM0003364,HORD001082,PRD0264,2,3567.97,7135.94
HITM0008885,HORD002823,PRD0419,1,100.25,100.25
HITM0008886,HORD002823,PRD0057,1,1785.63,1785.63
HITM0008887,HORD002823,PRD0949,2,727.16,1454.32
HITM0008888,HORD002823,PRD0328,1,634.48,634.48
HITM0004142,HORD001332,PRD0271,2,1523.72,3047.44
HITM0013102,HORD004170,PRD0860,2,113.03,226.06
HITM0013103,HORD004170,PRD0601,1,1162.83,1162.83
HITM0013104,HORD004170,PRD0949,1,727.16,727.16
HITM0014863,HORD004729,PRD0735,1,952.04,952.04
HITM0014864,HORD004729,PRD0651,1,1043.5,1043.5
HITM0014865,HORD004729,PRD0719,2,192.41,384.82
HITM0001285,HORD000414,PRD0586,1,754.59,754.59
HITM0001286,HORD000414,PRD0395,1,700.42,700.42
HITM0001287,HORD000414,PRD0318,1,115.57,115.57
HITM0001288,HORD000414,PRD0076,1,705.93,705.93
HITM0015585,HORD004965,PRD0538,1,1028.4,1028.4
HITM0015586,HORD004965,PRD0180,1,386.36,386.36
HITM0015587,HORD004965,PRD0799,2,1443.92,2887.84
HITM0006704,HORD002141,PRD0713,1,768.21,768.21
HITM0006705,HORD002141,PRD0617,1,629.04,629.04
HITM0006706,HORD002141,PRD0650,1,129.9,129.9
HITM0006707,HORD002141,PRD0272,2,1161.16,2322.32
HITM0001672,HORD000541,PRD0245,1,645.34,645.34
HITM0001673,HORD000541,PRD0569,2,870.85,1741.7
HITM0001674,HORD000541,PRD0807,1,1660.47,1660.47
HITM0014201,HORD004519,PRD0374,1,772.23,772.23
HITM0014202,HORD004519,PRD0284,1,600.42,600.42
HITM0014203,HORD004519,PRD0479,2,1360.38,2720.76
HITM0014204,HORD004519,PRD0465,2,61.33,122.66
HITM0002600,HORD000841,PRD0061,3,1754.84,5264.52
HITM0002601,HORD000841,PRD0811,1,2857.81,2857.81
HITM0014747,HORD004691,PRD0492,1,1105.9,1105.9
HITM0014748,HORD004691,PRD0246,1,362.52,362.52
HITM0014749,HORD004691,PRD0480,1,303.23,303.23
HITM0014750,HORD004691,PRD0990,1,114.18,114.18
HITM0002706,HORD000871,PRD0322,1,1844.93,1844.93
HITM0002707,HORD000871,PRD0642,1,1517.82,1517.82
HITM0002708,HORD000871,PRD0687,1,200.01,200.01
HITM0010949,HORD003485,PRD0632,1,372.28,372.28
HITM0010950,HORD003485,PRD0798,1,999.78,999.78
HITM0010951,HORD003485,PRD0409,1,200.48,200.48
HITM0007247,HORD002309,PRD0806,1,210.08,210.08
HITM0007248,HORD002309,PRD0346,1,470.11,470.11
HITM0007249,HORD002309,PRD0115,1,855.33,855.33
HITM0005445,HORD001740,PRD0878,1,1044.76,1044.76
HITM0005446,HORD001740,PRD0157,1,591.59,591.59
HITM0010657,HORD003393,PRD0548,1,952.05,952.05
HITM0009947,HORD003162,PRD0238,1,866.49,866.49
HITM0009948,HORD003162,PRD0512,1,853.36,853.36
HITM0015312,HORD004873,PRD0874,1,2293.13,2293.13
HITM0015313,HORD004873,PRD0496,1,619.97,619.97
HITM0002833,HORD000912,PRD0456,1,690.03,690.03
HITM0002834,HORD000912,PRD0058,1,243.69,243.69
HITM0002835,HORD000912,PRD0583,2,1198.86,2397.72
HITM0002836,HORD000912,PRD0803,2,1082.24,2164.48
HITM0003366,HORD001084,PRD0986,3,605.03,1815.09
HITM0003367,HORD001084,PRD0120,1,348.09,348.09
HITM0007260,HORD002313,PRD0627,1,1687.51,1687.51
HITM0007261,HORD002313,PRD0781,1,1039.29,1039.29
HITM0007262,HORD002313,PRD0669,1,271.59,271.59
HITM0003255,HORD001045,PRD0912,1,1645.17,1645.17
HITM0013409,HORD004264,PRD0710,1,193.26,193.26
HITM0013410,HORD004264,PRD0285,1,1110.14,1110.14
HITM0013411,HORD004264,PRD0369,2,429.26,858.52
HITM0012661,HORD004040,PRD0939,2,966.3,1932.6
HITM0012662,HORD004040,PRD0681,1,1086.83,1086.83
HITM0012663,HORD004040,PRD0385,1,812.79,812.79
HITM0008212,HORD002611,PRD0764,1,1928.47,1928.47
HITM0008213,HORD002611,PRD0957,2,2550.17,5100.34
HITM0007390,HORD002356,PRD0554,2,1054.0,2108.0
HITM0007391,HORD002356,PRD0908,1,81.42,81.42
HITM0007392,HORD002356,PRD0631,1,1231.25,1231.25
HITM0007393,HORD002356,PRD0182,1,331.32,331.32
HITM0002046,HORD000661,PRD0117,1,1297.02,1297.02
HITM0002047,HORD000661,PRD0305,3,387.39,1162.17
HITM0002048,HORD000661,PRD0687,1,200.01,200.01
HITM0002049,HORD000661,PRD0479,2,1360.38,2720.76
HITM0002050,HORD000661,PRD0850,1,101.36,101.36
HITM0015348,HORD004886,PRD0075,1,155.15,155.15
HITM0015349,HORD004886,PRD0515,2,987.71,1975.42
HITM0015350,HORD004886,PRD0316,2,816.98,1633.96
HITM0002096,HORD000679,PRD0316,2,816.98,1633.96
HITM0002097,HORD000679,PRD0950,2,108.8,217.6
HITM0002098,HORD000679,PRD0910,1,53.54,53.54
HITM0002099,HORD000679,PRD0236,1,135.01,135.01
HITM0012283,HORD003923,PRD0508,1,513.6,513.6
HITM0012284,HORD003923,PRD0617,1,629.04,629.04
HITM0002772,HORD000893,PRD0716,2,300.2,600.4
HITM0014761,HORD004695,PRD0644,1,2655.53,2655.53
HITM0014762,HORD004695,PRD0143,1,1276.25,1276.25
HITM0014763,HORD004695,PRD0688,1,409.87,409.87
HITM0008995,HORD002857,PRD0886,2,59.21,118.42
HITM0008996,HORD002857,PRD0798,1,999.78,999.78
HITM0000937,HORD000304,PRD0769,1,982.55,982.55
HITM0000938,HORD000304,PRD0604,1,1031.83,1031.83
HITM0000939,HORD000304,PRD0688,1,409.87,409.87
HITM0000940,HORD000304,PRD0432,1,390.19,390.19
HITM0001522,HORD000492,PRD1000,1,192.28,192.28
HITM0012291,HORD003926,PRD0301,2,1938.69,3877.38
HITM0012292,HORD003926,PRD0316,2,816.98,1633.96
HITM0004105,HORD001321,PRD0473,1,1300.2,1300.2
HITM0004106,HORD001321,PRD0818,1,1004.26,1004.26
HITM0004107,HORD001321,PRD0032,3,1124.96,3374.88
HITM0011133,HORD003549,PRD0589,1,671.85,671.85
HITM0011134,HORD003549,PRD0766,3,655.3,1965.9
HITM0011109,HORD003541,PRD0557,2,114.56,229.12
HITM0011110,HORD003541,PRD0047,1,64.28,64.28
HITM0011111,HORD003541,PRD0617,1,629.04,629.04
HITM0014246,HORD004534,PRD0552,1,643.85,643.85
HITM0014247,HORD004534,PRD0442,1,1758.97,1758.97
HITM0009145,HORD002903,PRD0426,1,690.03,690.03
HITM0009146,HORD002903,PRD0172,1,594.18,594.18
HITM0009147,HORD002903,PRD0230,1,72.62,72.62
HITM0009148,HORD002903,PRD0381,2,2181.63,4363.26
HITM0009149,HORD002903,PRD0498,1,201.0,201.0
HITM0014228,HORD004527,PRD0203,1,427.62,427.62
HITM0014229,HORD004527,PRD0040,1,283.76,283.76
HITM0014230,HORD004527,PRD0237,1,1587.04,1587.04
HITM0010956,HORD003488,PRD0080,1,60.33,60.33
HITM0010957,HORD003488,PRD0165,1,567.68,567.68
HITM0010958,HORD003488,PRD0068,1,316.68,316.68
HITM0010959,HORD003488,PRD0632,1,372.28,372.28
HITM0011314,HORD003605,PRD0767,2,2219.87,4439.74
HITM0011315,HORD003605,PRD0858,1,179.07,179.07
HITM0011316,HORD003605,PRD0759,2,1399.01,2798.02
HITM0011317,HORD003605,PRD0321,1,1131.25,1131.25
HITM0011318,HORD003605,PRD0253,1,1391.34,1391.34
HITM0005779,HORD001850,PRD0772,2,306.42,612.84
HITM0005780,HORD001850,PRD0562,1,670.44,670.44
HITM0005781,HORD001850,PRD0045,1,180.47,180.47
HITM0002513,HORD000816,PRD0302,2,1259.27,2518.54
HITM0002514,HORD000816,PRD0559,1,531.55,531.55
HITM0002515,HORD000816,PRD0940,1,51.08,51.08
HITM0003871,HORD001248,PRD0270,2,154.55,309.1
HITM0003872,HORD001248,PRD0040,1,283.76,283.76
HITM0003873,HORD001248,PRD0265,1,1188.22,1188.22
HITM0003874,HORD001248,PRD0199,1,1349.0,1349.0
HITM0013540,HORD004310,PRD0299,2,1391.83,2783.66
HITM0013541,HORD004310,PRD0768,1,435.51,435.51
HITM0013542,HORD004310,PRD0313,3,1471.48,4414.44
HITM0013543,HORD004310,PRD0360,2,387.48,774.96
HITM0013544,HORD004310,PRD0322,1,1844.93,1844.93
HITM0008753,HORD002780,PRD0214,1,753.54,753.54
HITM0008754,HORD002780,PRD0436,1,180.16,180.16
HITM0008755,HORD002780,PRD0129,1,349.4,349.4
HITM0015514,HORD004939,PRD0760,1,36.27,36.27
HITM0015515,HORD004939,PRD0562,1,670.44,670.44
HITM0015516,HORD004939,PRD0786,2,142.49,284.98
HITM0015517,HORD004939,PRD0580,1,109.85,109.85
HITM0007840,HORD002492,PRD0262,3,1028.17,3084.51
HITM0007841,HORD002492,PRD0708,1,1076.81,1076.81
HITM0002634,HORD000851,PRD0415,3,111.92,335.76
HITM0002635,HORD000851,PRD0330,1,265.81,265.81
HITM0002636,HORD000851,PRD0835,2,705.82,1411.64
HITM0002637,HORD000851,PRD0317,1,1797.93,1797.93
HITM0002638,HORD000851,PRD0970,1,203.54,203.54
HITM0007072,HORD002258,PRD0827,2,1819.32,3638.64
HITM0007073,HORD002258,PRD0095,3,699.82,2099.46
HITM0007074,HORD002258,PRD0956,1,584.64,584.64
HITM0007075,HORD002258,PRD0143,1,1276.25,1276.25
HITM0007076,HORD002258,PRD0457,1,514.55,514.55
HITM0015604,HORD004972,PRD0712,1,331.7,331.7
HITM0015605,HORD004972,PRD0600,1,62.84,62.84
HITM0015606,HORD004972,PRD0948,1,581.24,581.24
HITM0015607,HORD004972,PRD0111,2,2798.27,5596.54
HITM0015608,HORD004972,PRD0045,1,180.47,180.47
HITM0010140,HORD003225,PRD0576,2,261.6,523.2
HITM0010141,HORD003225,PRD0094,2,3733.59,7467.18
HITM0010142,HORD003225,PRD0165,1,567.68,567.68
HITM0010143,HORD003225,PRD0107,1,1601.0,1601.0
HITM0010144,HORD003225,PRD0849,1,216.96,216.96
HITM0013060,HORD004157,PRD0692,1,1859.26,1859.26
HITM0004516,HORD001448,PRD0737,1,420.63,420.63
HITM0004517,HORD001448,PRD0695,1,663.83,663.83
HITM0004518,HORD001448,PRD0471,1,2188.61,2188.61
HITM0008062,HORD002565,PRD0409,3,200.48,601.44
HITM0008063,HORD002565,PRD0251,1,1852.67,1852.67
HITM0008064,HORD002565,PRD0698,1,68.9,68.9
HITM0008065,HORD002565,PRD0619,1,1486.76,1486.76
HITM0008066,HORD002565,PRD0039,1,150.51,150.51
HITM0000531,HORD000176,PRD0794,1,1445.08,1445.08
HITM0000532,HORD000176,PRD0207,2,2341.74,4683.48
HITM0000533,HORD000176,PRD0184,1,607.47,607.47
HITM0000534,HORD000176,PRD0287,1,1095.91,1095.91
HITM0000535,HORD000176,PRD0820,1,109.62,109.62
HITM0014041,HORD004466,PRD0484,2,1342.84,2685.68
HITM0014042,HORD004466,PRD0588,1,277.14,277.14
HITM0006667,HORD002129,PRD0691,1,2417.17,2417.17
HITM0006668,HORD002129,PRD0214,1,753.54,753.54
HITM0011360,HORD003617,PRD0730,1,418.77,418.77
HITM0011361,HORD003617,PRD0728,3,504.43,1513.29
HITM0011362,HORD003617,PRD0990,3,114.18,342.54
HITM0000221,HORD000076,PRD0895,1,830.36,830.36
HITM0000222,HORD000076,PRD0386,2,167.3,334.6
HITM0000223,HORD000076,PRD0508,1,513.6,513.6
HITM0012085,HORD003855,PRD0999,1,626.07,626.07
HITM0012086,HORD003855,PRD0588,1,277.14,277.14
HITM0012087,HORD003855,PRD0516,1,339.27,339.27
HITM0012088,HORD003855,PRD0576,1,261.6,261.6
HITM0009930,HORD003154,PRD0748,1,432.14,432.14
HITM0009931,HORD003154,PRD0865,1,851.18,851.18
HITM0003455,HORD001114,PRD0698,1,68.9,68.9
HITM0003456,HORD001114,PRD0893,1,1076.78,1076.78
HITM0003457,HORD001114,PRD0590,1,54.96,54.96
HITM0006625,HORD002116,PRD0877,2,507.09,1014.18
HITM0004565,HORD001463,PRD0770,1,116.43,116.43
HITM0004566,HORD001463,PRD0760,1,36.27,36.27
HITM0004567,HORD001463,PRD0615,2,159.68,319.36
HITM0004568,HORD001463,PRD0488,1,281.31,281.31
HITM0009898,HORD003145,PRD0539,1,1463.75,1463.75
HITM0009899,HORD003145,PRD0219,1,1110.34,1110.34
HITM0009900,HORD003145,PRD0049,1,740.34,740.34
HITM0009901,HORD003145,PRD0230,2,72.62,145.24
HITM0015509,HORD004938,PRD0121,2,3142.89,6285.78
HITM0015510,HORD004938,PRD0641,2,2509.9,5019.8
HITM0015511,HORD004938,PRD0424,2,937.77,1875.54
HITM0015512,HORD004938,PRD0816,2,125.37,250.74
HITM0015513,HORD004938,PRD0700,1,241.67,241.67
HITM0013567,HORD004320,PRD0477,1,1380.73,1380.73
HITM0013568,HORD004320,PRD0427,1,241.58,241.58
HITM0013569,HORD004320,PRD0809,3,699.91,2099.73
HITM0013570,HORD004320,PRD0418,1,584.01,584.01
HITM0008474,HORD002694,PRD0142,2,1724.25,3448.5
HITM0008475,HORD002694,PRD0940,1,51.08,51.08
HITM0006429,HORD002056,PRD0228,1,419.86,419.86
HITM0006430,HORD002056,PRD0203,2,427.62,855.24
HITM0006431,HORD002056,PRD0439,2,74.96,149.92
HITM0006432,HORD002056,PRD0429,2,251.33,502.66
HITM0013746,HORD004373,PRD0868,1,1088.06,1088.06
HITM0013747,HORD004373,PRD0121,1,3142.89,3142.89
HITM0013748,HORD004373,PRD0946,1,618.18,618.18
HITM0013749,HORD004373,PRD0724,1,2202.99,2202.99
HITM0013750,HORD004373,PRD0227,2,853.87,1707.74
HITM0003110,HORD000996,PRD0682,1,1711.59,1711.59
HITM0003111,HORD000996,PRD0136,1,249.62,249.62
HITM0003112,HORD000996,PRD0304,1,4012.3,4012.3
HITM0003113,HORD000996,PRD0838,2,858.89,1717.78
HITM0009100,HORD002887,PRD0206,1,433.31,433.31
HITM0009101,HORD002887,PRD0839,1,835.25,835.25
HITM0000163,HORD000056,PRD0805,1,1196.95,1196.95
HITM0000164,HORD000056,PRD0916,1,256.29,256.29
HITM0000165,HORD000056,PRD0442,1,1758.97,1758.97
HITM0000166,HORD000056,PRD0533,2,789.09,1578.18
HITM0009086,HORD002882,PRD0110,1,113.31,113.31
HITM0009087,HORD002882,PRD0068,1,316.68,316.68
HITM0009088,HORD002882,PRD0363,1,924.17,924.17
HITM0003990,HORD001283,PRD0680,2,228.54,457.08
HITM0003991,HORD001283,PRD0049,1,740.34,740.34
HITM0003992,HORD001283,PRD0438,1,767.87,767.87
HITM0003993,HORD001283,PRD0227,1,853.87,853.87
HITM0003994,HORD001283,PRD0647,1,2133.15,2133.15
HITM0001562,HORD000505,PRD0760,2,36.27,72.54
HITM0001563,HORD000505,PRD0165,2,567.68,1135.36
HITM0001564,HORD000505,PRD0638,1,331.17,331.17
HITM0015466,HORD004926,PRD0468,1,254.35,254.35
HITM0015467,HORD004926,PRD0712,2,331.7,663.4
HITM0015468,HORD004926,PRD0338,1,472.36,472.36
HITM0015469,HORD004926,PRD0548,1,952.05,952.05
HITM0015470,HORD004926,PRD0593,2,356.64,713.28
HITM0011733,HORD003736,PRD0230,1,72.62,72.62
HITM0011734,HORD003736,PRD0190,2,248.59,497.18
HITM0011735,HORD003736,PRD0133,1,1145.34,1145.34
HITM0011736,HORD003736,PRD0090,1,99.88,99.88
HITM0011737,HORD003736,PRD0660,1,137.13,137.13
HITM0002455,HORD000795,PRD0041,1,2661.08,2661.08
HITM0002456,HORD000795,PRD0580,1,109.85,109.85
HITM0002457,HORD000795,PRD0312,1,523.23,523.23
HITM0007769,HORD002470,PRD0630,1,227.99,227.99
HITM0007770,HORD002470,PRD0166,1,822.52,822.52
HITM0007771,HORD002470,PRD0769,2,982.55,1965.1
HITM0007772,HORD002470,PRD0220,1,201.85,201.85
HITM0006500,HORD002078,PRD0935,1,1070.56,1070.56
HITM0006501,HORD002078,PRD0640,1,215.9,215.9
HITM0006502,HORD002078,PRD0019,2,1401.86,2803.72
HITM0006503,HORD002078,PRD0738,1,357.89,357.89
HITM0006504,HORD002078,PRD0998,1,178.25,178.25
HITM0015638,HORD004984,PRD0183,2,1008.76,2017.52
HITM0012058,HORD003847,PRD0612,1,385.34,385.34
HITM0012059,HORD003847,PRD0328,1,634.48,634.48
HITM0012060,HORD003847,PRD0745,1,222.81,222.81
HITM0012061,HORD003847,PRD0183,1,1008.76,1008.76
HITM0012062,HORD003847,PRD0781,2,1039.29,2078.58
HITM0006907,HORD002204,PRD0110,1,113.31,113.31
HITM0006908,HORD002204,PRD0856,2,508.46,1016.92
HITM0006909,HORD002204,PRD0440,1,413.05,413.05
HITM0006910,HORD002204,PRD0563,1,1356.35,1356.35
HITM0001548,HORD000501,PRD0569,1,870.85,870.85
HITM0001549,HORD000501,PRD0421,1,1234.35,1234.35
HITM0001550,HORD000501,PRD0611,1,1295.24,1295.24
HITM0001551,HORD000501,PRD0809,1,699.91,699.91
HITM0009915,HORD003150,PRD0185,1,1138.66,1138.66
HITM0009916,HORD003150,PRD0537,1,1904.34,1904.34
HITM0009917,HORD003150,PRD0540,1,16.38,16.38
HITM0009918,HORD003150,PRD0323,1,1220.6,1220.6
HITM0009919,HORD003150,PRD0196,1,206.29,206.29
HITM0013969,HORD004440,PRD0986,1,605.03,605.03
HITM0013970,HORD004440,PRD0703,3,529.32,1587.96
HITM0013971,HORD004440,PRD0965,3,536.69,1610.07
HITM0013559,HORD004317,PRD0460,1,19.84,19.84
HITM0012237,HORD003905,PRD0994,2,1481.14,2962.28
HITM0012238,HORD003905,PRD0037,1,2028.72,2028.72
HITM0012239,HORD003905,PRD0861,1,3043.65,3043.65
HITM0012240,HORD003905,PRD0425,1,932.26,932.26
HITM0010109,HORD003214,PRD0606,1,74.13,74.13
HITM0010110,HORD003214,PRD0965,1,536.69,536.69
HITM0010111,HORD003214,PRD0398,1,809.04,809.04
HITM0010112,HORD003214,PRD0007,1,1605.29,1605.29
HITM0010113,HORD003214,PRD0749,3,1278.37,3835.11
HITM0005736,HORD001836,PRD0549,1,660.48,660.48
HITM0005737,HORD001836,PRD0798,2,999.78,1999.56
HITM0005738,HORD001836,PRD0162,1,318.31,318.31
HITM0011291,HORD003597,PRD0443,1,681.97,681.97
HITM0000837,HORD000272,PRD0676,1,45.2,45.2
HITM0000838,HORD000272,PRD0543,1,336.97,336.97
HITM0000839,HORD000272,PRD0063,1,1165.11,1165.11
HITM0000840,HORD000272,PRD0593,1,356.64,356.64
HITM0001605,HORD000518,PRD0531,2,2895.4,5790.8
HITM0010805,HORD003441,PRD0660,3,137.13,411.39
HITM0010806,HORD003441,PRD0425,2,932.26,1864.52
HITM0010807,HORD003441,PRD0276,1,337.93,337.93
HITM0010808,HORD003441,PRD0370,1,206.12,206.12
HITM0006613,HORD002112,PRD0209,1,164.63,164.63
HITM0006614,HORD002112,PRD0616,1,311.42,311.42
HITM0006615,HORD002112,PRD0787,1,189.07,189.07
HITM0000756,HORD000244,PRD0590,1,54.96,54.96
HITM0000757,HORD000244,PRD0261,1,2576.1,2576.1
HITM0000758,HORD000244,PRD0633,2,804.04,1608.08
HITM0000759,HORD000244,PRD0063,1,1165.11,1165.11
HITM0000760,HORD000244,PRD0557,1,114.56,114.56
HITM0000869,HORD000281,PRD0473,1,1300.2,1300.2
HITM0000870,HORD000281,PRD0510,1,267.14,267.14
HITM0002012,HORD000651,PRD0722,1,1783.98,1783.98
HITM0002013,HORD000651,PRD0998,1,178.25,178.25
HITM0014119,HORD004489,PRD0654,1,864.76,864.76
HITM0009081,HORD002880,PRD0270,2,154.55,309.1
HITM0009082,HORD002880,PRD0563,1,1356.35,1356.35
HITM0002117,HORD000685,PRD0359,1,196.54,196.54
HITM0002118,HORD000685,PRD0595,1,108.82,108.82
HITM0002119,HORD000685,PRD0661,3,1196.27,3588.81
HITM0004749,HORD001524,PRD0920,1,53.18,53.18
HITM0004750,HORD001524,PRD0944,3,2644.88,7934.64
HITM0004751,HORD001524,PRD0420,2,399.59,799.18
HITM0013172,HORD004190,PRD0895,1,830.36,830.36
HITM0013173,HORD004190,PRD0003,3,472.24,1416.72
HITM0013174,HORD004190,PRD0510,1,267.14,267.14
HITM0013175,HORD004190,PRD0656,2,848.87,1697.74
HITM0013176,HORD004190,PRD0867,1,111.69,111.69
HITM0012208,HORD003896,PRD0335,3,1165.89,3497.67
HITM0012209,HORD003896,PRD0420,1,399.59,399.59
HITM0013555,HORD004315,PRD0930,1,62.22,62.22
HITM0013556,HORD004315,PRD0309,1,332.31,332.31
HITM0013557,HORD004315,PRD0722,2,1783.98,3567.96
HITM0002935,HORD000944,PRD0778,2,921.48,1842.96
HITM0002936,HORD000944,PRD0946,2,618.18,1236.36
HITM0002506,HORD000814,PRD0360,2,387.48,774.96
HITM0002507,HORD000814,PRD0829,2,582.58,1165.16
HITM0002508,HORD000814,PRD0456,1,690.03,690.03
HITM0003771,HORD001216,PRD0598,1,723.86,723.86
HITM0003772,HORD001216,PRD0279,1,1450.59,1450.59
HITM0003773,HORD001216,PRD0225,1,255.65,255.65
HITM0001917,HORD000622,PRD0649,2,1282.36,2564.72
HITM0001918,HORD000622,PRD0027,1,431.75,431.75
HITM0001919,HORD000622,PRD0460,1,19.84,19.84
HITM0008168,HORD002598,PRD0735,1,952.04,952.04
HITM0008169,HORD002598,PRD0777,1,2576.34,2576.34
HITM0008170,HORD002598,PRD0088,1,466.29,466.29
HITM0008171,HORD002598,PRD0648,1,1089.86,1089.86
HITM0002394,HORD000773,PRD0348,1,643.07,643.07
HITM0002395,HORD000773,PRD0076,1,705.93,705.93
HITM0002396,HORD000773,PRD0031,1,1902.42,1902.42
HITM0002397,HORD000773,PRD0455,1,191.31,191.31
HITM0006336,HORD002025,PRD0381,1,2181.63,2181.63
HITM0006337,HORD002025,PRD0448,2,1025.21,2050.42
HITM0006338,HORD002025,PRD0183,1,1008.76,1008.76
HITM0006339,HORD002025,PRD0473,1,1300.2,1300.2
HITM0011401,HORD003631,PRD0490,2,289.49,578.98
HITM0011402,HORD003631,PRD0148,1,1047.53,1047.53
HITM0011403,HORD003631,PRD0421,1,1234.35,1234.35
HITM0011404,HORD003631,PRD0115,1,855.33,855.33
HITM0011405,HORD003631,PRD0907,1,130.49,130.49
HITM0007601,HORD002421,PRD0059,1,602.47,602.47
HITM0007602,HORD002421,PRD0866,2,487.97,975.94
HITM0007603,HORD002421,PRD0699,1,373.99,373.99
HITM0007604,HORD002421,PRD0910,1,53.54,53.54
HITM0006469,HORD002068,PRD0932,1,447.1,447.1
HITM0006470,HORD002068,PRD0009,3,301.36,904.08
HITM0004191,HORD001348,PRD0665,1,304.74,304.74
HITM0004192,HORD001348,PRD0299,1,1391.83,1391.83
HITM0004193,HORD001348,PRD0912,3,1645.17,4935.51
HITM0004194,HORD001348,PRD0172,1,594.18,594.18
HITM0004428,HORD001420,PRD0598,1,723.86,723.86
HITM0004429,HORD001420,PRD0273,1,469.96,469.96
HITM0004430,HORD001420,PRD0386,1,167.3,167.3
HITM0009927,HORD003153,PRD0868,1,1088.06,1088.06
HITM0009928,HORD003153,PRD0223,1,1020.19,1020.19
HITM0009929,HORD003153,PRD0689,1,1142.34,1142.34
HITM0009791,HORD003112,PRD0840,1,164.29,164.29
HITM0009792,HORD003112,PRD0845,2,323.81,647.62
HITM0009793,HORD003112,PRD0371,1,2628.93,2628.93
HITM0009794,HORD003112,PRD0270,2,154.55,309.1
HITM0013127,HORD004177,PRD0666,1,115.16,115.16
HITM0013128,HORD004177,PRD0650,1,129.9,129.9
HITM0013129,HORD004177,PRD0596,1,596.4,596.4
HITM0013130,HORD004177,PRD0917,1,624.31,624.31
HITM0013131,HORD004177,PRD0486,1,706.44,706.44
HITM0009083,HORD002881,PRD0835,1,705.82,705.82
HITM0009084,HORD002881,PRD0849,2,216.96,433.92
HITM0009085,HORD002881,PRD0057,1,1785.63,1785.63
HITM0010743,HORD003419,PRD0603,1,557.9,557.9
HITM0010744,HORD003419,PRD0280,1,105.66,105.66
HITM0010745,HORD003419,PRD0114,2,3925.54,7851.08
HITM0002353,HORD000761,PRD0425,2,932.26,1864.52
HITM0002354,HORD000761,PRD0673,1,373.06,373.06
HITM0014574,HORD004637,PRD0683,2,704.09,1408.18
HITM0014575,HORD004637,PRD0068,1,316.68,316.68
HITM0014576,HORD004637,PRD0205,1,1030.02,1030.02
HITM0006129,HORD001959,PRD0860,1,113.03,113.03
HITM0006130,HORD001959,PRD0569,1,870.85,870.85
HITM0001933,HORD000628,PRD0090,1,99.88,99.88
HITM0001934,HORD000628,PRD0835,2,705.82,1411.64
HITM0001935,HORD000628,PRD0537,2,1904.34,3808.68
HITM0011096,HORD003537,PRD0619,1,1486.76,1486.76
HITM0011097,HORD003537,PRD0914,1,3258.34,3258.34
HITM0011098,HORD003537,PRD0752,1,1670.56,1670.56
HITM0004211,HORD001354,PRD0500,1,408.62,408.62
HITM0004212,HORD001354,PRD0936,1,477.26,477.26
HITM0004213,HORD001354,PRD0066,1,291.03,291.03
HITM0004214,HORD001354,PRD0337,1,842.79,842.79
HITM0004215,HORD001354,PRD0598,1,723.86,723.86
HITM0005336,HORD001703,PRD0814,1,404.73,404.73
HITM0005337,HORD001703,PRD0090,2,99.88,199.76
HITM0005338,HORD001703,PRD0717,3,1445.8,4337.4
HITM0005339,HORD001703,PRD0803,2,1082.24,2164.48
HITM0011030,HORD003514,PRD0189,1,1162.73,1162.73
HITM0011031,HORD003514,PRD0420,1,399.59,399.59
HITM0011032,HORD003514,PRD0822,1,724.35,724.35
HITM0010664,HORD003396,PRD0498,1,201.0,201.0
HITM0010665,HORD003396,PRD0513,1,1335.99,1335.99
HITM0010666,HORD003396,PRD0631,1,1231.25,1231.25
HITM0010667,HORD003396,PRD0530,2,14.38,28.76
HITM0010668,HORD003396,PRD0998,2,178.25,356.5
HITM0000332,HORD000112,PRD0259,1,409.08,409.08
HITM0000333,HORD000112,PRD0321,1,1131.25,1131.25
HITM0000334,HORD000112,PRD0103,1,421.42,421.42
HITM0007825,HORD002486,PRD0071,1,2671.31,2671.31
HITM0012859,HORD004097,PRD0299,2,1391.83,2783.66
HITM0012860,HORD004097,PRD0581,2,1767.18,3534.36
HITM0012861,HORD004097,PRD0608,1,918.08,918.08
HITM0012862,HORD004097,PRD0429,1,251.33,251.33
HITM0012863,HORD004097,PRD0324,1,3123.09,3123.09
HITM0003193,HORD001025,PRD0117,1,1297.02,1297.02
HITM0003194,HORD001025,PRD0557,1,114.56,114.56
HITM0003195,HORD001025,PRD0850,1,101.36,101.36
HITM0003196,HORD001025,PRD0843,1,1192.62,1192.62
HITM0004575,HORD001466,PRD0777,1,2576.34,2576.34
HITM0008538,HORD002715,PRD0770,2,116.43,232.86
HITM0008539,HORD002715,PRD0304,1,4012.3,4012.3
HITM0008540,HORD002715,PRD0409,1,200.48,200.48
HITM0008541,HORD002715,PRD0796,1,187.69,187.69
HITM0013271,HORD004220,PRD0292,2,1810.91,3621.82
HITM0013272,HORD004220,PRD0992,2,1431.3,2862.6
HITM0013273,HORD004220,PRD0361,1,2730.19,2730.19
HITM0004697,HORD001506,PRD0335,2,1165.89,2331.78
HITM0004698,HORD001506,PRD0965,1,536.69,536.69
HITM0004699,HORD001506,PRD0232,1,358.39,358.39
HITM0015503,HORD004936,PRD0352,1,1553.05,1553.05
HITM0015504,HORD004936,PRD0004,1,1300.01,1300.01
HITM0015505,HORD004936,PRD0266,1,189.02,189.02
HITM0014248,HORD004535,PRD0020,1,47.5,47.5
HITM0014249,HORD004535,PRD0506,2,551.69,1103.38
HITM0014250,HORD004535,PRD0612,2,385.34,770.68
HITM0014251,HORD004535,PRD0315,1,74.41,74.41
HITM0005158,HORD001650,PRD0025,1,644.26,644.26
HITM0005159,HORD001650,PRD0215,2,580.92,1161.84
HITM0015495,HORD004934,PRD0144,1,2170.55,2170.55
HITM0015496,HORD004934,PRD0588,1,277.14,277.14
HITM0015497,HORD004934,PRD0790,2,356.37,712.74
HITM0015498,HORD004934,PRD0398,1,809.04,809.04
HITM0015499,HORD004934,PRD0959,1,1028.98,1028.98
HITM0007033,HORD002246,PRD0697,1,590.16,590.16
HITM0007034,HORD002246,PRD0858,2,179.07,358.14
HITM0001353,HORD000436,PRD0497,1,1019.05,1019.05
HITM0001354,HORD000436,PRD0638,1,331.17,331.17
HITM0001355,HORD000436,PRD0207,1,2341.74,2341.74
HITM0007858,HORD002498,PRD0408,1,402.17,402.17
HITM0007859,HORD002498,PRD0665,2,304.74,609.48
HITM0001727,HORD000562,PRD0038,1,769.34,769.34
HITM0001728,HORD000562,PRD0120,1,348.09,348.09
HITM0001729,HORD000562,PRD0912,2,1645.17,3290.34
HITM0001209,HORD000390,PRD0926,1,546.12,546.12
HITM0001210,HORD000390,PRD0107,2,1601.0,3202.0
HITM0001211,HORD000390,PRD0577,1,1656.23,1656.23
HITM0007615,HORD002425,PRD0808,2,601.58,1203.16
HITM0007616,HORD002425,PRD0395,1,700.42,700.42
HITM0007617,HORD002425,PRD0934,1,789.27,789.27
HITM0012486,HORD003985,PRD0225,1,255.65,255.65
HITM0008497,HORD002702,PRD0478,3,966.98,2900.94
HITM0008498,HORD002702,PRD0375,1,495.35,495.35
HITM0008499,HORD002702,PRD0859,1,1242.69,1242.69
HITM0008500,HORD002702,PRD0080,1,60.33,60.33
HITM0012774,HORD004073,PRD0056,1,258.5,258.5
HITM0012775,HORD004073,PRD0763,1,1579.7,1579.7
HITM0012776,HORD004073,PRD0328,1,634.48,634.48
HITM0012777,HORD004073,PRD0546,2,227.79,455.58
HITM0002024,HORD000655,PRD0588,2,277.14,554.28
HITM0002025,HORD000655,PRD0939,1,966.3,966.3
HITM0002026,HORD000655,PRD0150,1,189.45,189.45
HITM0002027,HORD000655,PRD0192,1,1657.76,1657.76
HITM0002028,HORD000655,PRD0703,1,529.32,529.32
HITM0003998,HORD001285,PRD0723,1,1076.87,1076.87
HITM0003999,HORD001285,PRD0274,1,1538.07,1538.07
HITM0001062,HORD000344,PRD0521,2,1257.03,2514.06
HITM0001063,HORD000344,PRD0623,1,442.62,442.62
HITM0001064,HORD000344,PRD0460,1,19.84,19.84
HITM0010823,HORD003446,PRD0292,1,1810.91,1810.91
HITM0010824,HORD003446,PRD0042,1,1480.28,1480.28
HITM0005857,HORD001875,PRD0007,1,1605.29,1605.29
HITM0005858,HORD001875,PRD0188,1,370.0,370.0
HITM0005859,HORD001875,PRD0894,1,2406.75,2406.75
HITM0003781,HORD001220,PRD0182,1,331.32,331.32
HITM0003782,HORD001220,PRD0490,1,289.49,289.49
HITM0002960,HORD000951,PRD0230,1,72.62,72.62
HITM0002961,HORD000951,PRD0371,2,2628.93,5257.86
HITM0002962,HORD000951,PRD0400,1,249.11,249.11
HITM0002963,HORD000951,PRD0645,1,262.13,262.13
HITM0002964,HORD000951,PRD0485,1,283.51,283.51
HITM0004569,HORD001464,PRD0743,2,651.04,1302.08
HITM0004570,HORD001464,PRD0053,1,1237.48,1237.48
HITM0004571,HORD001464,PRD0667,1,2144.83,2144.83
HITM0004572,HORD001464,PRD0388,1,652.95,652.95
HITM0008196,HORD002606,PRD0282,1,1632.77,1632.77
HITM0003594,HORD001159,PRD0942,1,1694.84,1694.84
HITM0003595,HORD001159,PRD0186,2,480.83,961.66
HITM0003596,HORD001159,PRD0900,1,259.46,259.46
HITM0011397,HORD003630,PRD0511,2,1327.08,2654.16
HITM0011398,HORD003630,PRD0942,2,1694.84,3389.68
HITM0011399,HORD003630,PRD0451,1,2985.26,2985.26
HITM0011400,HORD003630,PRD0721,2,2149.9,4299.8
HITM0010386,HORD003302,PRD0772,1,306.42,306.42
HITM0010387,HORD003302,PRD0689,1,1142.34,1142.34
HITM0010388,HORD003302,PRD0429,1,251.33,251.33
HITM0010389,HORD003302,PRD0601,1,1162.83,1162.83
HITM0010390,HORD003302,PRD0049,1,740.34,740.34
HITM0009525,HORD003026,PRD0430,1,397.28,397.28
HITM0009526,HORD003026,PRD0762,2,1016.52,2033.04
HITM0009527,HORD003026,PRD0553,2,941.32,1882.64
HITM0006134,HORD001961,PRD0762,2,1016.52,2033.04
HITM0006135,HORD001961,PRD0100,1,400.25,400.25
HITM0006136,HORD001961,PRD0531,1,2895.4,2895.4
HITM0000960,HORD000311,PRD0385,1,812.79,812.79
HITM0000961,HORD000311,PRD0880,1,291.86,291.86
HITM0000962,HORD000311,PRD0337,1,842.79,842.79
HITM0000963,HORD000311,PRD0453,2,481.9,963.8
HITM0000964,HORD000311,PRD0566,1,150.7,150.7
HITM0011144,HORD003552,PRD0946,1,618.18,618.18
HITM0011145,HORD003552,PRD0549,1,660.48,660.48
HITM0011146,HORD003552,PRD0960,1,322.58,322.58
HITM0003951,HORD001271,PRD0395,2,700.42,1400.84
HITM0003952,HORD001271,PRD0079,1,211.65,211.65
HITM0006833,HORD002180,PRD0445,1,830.34,830.34
HITM0006834,HORD002180,PRD0329,1,1326.77,1326.77
HITM0006835,HORD002180,PRD0526,1,208.36,208.36
HITM0006836,HORD002180,PRD0106,1,385.13,385.13
HITM0011571,HORD003684,PRD0829,1,582.58,582.58
HITM0011572,HORD003684,PRD0135,1,1040.75,1040.75
HITM0011573,HORD003684,PRD0756,2,177.47,354.94
HITM0015285,HORD004862,PRD0948,1,581.24,581.24
HITM0015286,HORD004862,PRD0929,1,1112.27,1112.27
HITM0001543,HORD000499,PRD0232,1,358.39,358.39
HITM0001544,HORD000499,PRD0998,1,178.25,178.25
HITM0015478,HORD004929,PRD0365,2,489.23,978.46
HITM0015479,HORD004929,PRD0256,1,694.57,694.57
HITM0015480,HORD004929,PRD0359,1,196.54,196.54
HITM0014082,HORD004479,PRD0265,3,1188.22,3564.66
HITM0014083,HORD004479,PRD0621,1,3087.07,3087.07
HITM0014084,HORD004479,PRD0289,1,1441.37,1441.37
HITM0014085,HORD004479,PRD0940,1,51.08,51.08
HITM0014086,HORD004479,PRD0079,2,211.65,423.3
HITM0008918,HORD002834,PRD0130,1,348.52,348.52
HITM0008919,HORD002834,PRD0410,1,401.28,401.28
HITM0005758,HORD001844,PRD0327,1,122.19,122.19
HITM0005759,HORD001844,PRD0887,1,1400.8,1400.8
HITM0005760,HORD001844,PRD0247,2,1770.54,3541.08
HITM0005761,HORD001844,PRD0840,1,164.29,164.29
HITM0001793,HORD000583,PRD0920,1,53.18,53.18
HITM0011759,HORD003743,PRD0972,1,1389.65,1389.65
HITM0011760,HORD003743,PRD0015,2,238.76,477.52
HITM0011761,HORD003743,PRD0742,2,338.72,677.44
HITM0011762,HORD003743,PRD0927,1,2435.38,2435.38
HITM0012535,HORD004000,PRD0698,2,68.9,137.8
HITM0012536,HORD004000,PRD0021,1,1347.38,1347.38
HITM0012537,HORD004000,PRD0009,1,301.36,301.36
HITM0012538,HORD004000,PRD0670,2,387.96,775.92
HITM0005140,HORD001645,PRD0513,1,1335.99,1335.99
HITM0005141,HORD001645,PRD0845,3,323.81,971.43
HITM0005142,HORD001645,PRD0226,1,202.49,202.49
HITM0005143,HORD001645,PRD0041,1,2661.08,2661.08
HITM0005144,HORD001645,PRD0184,2,607.47,1214.94
HITM0010545,HORD003355,PRD0783,1,478.3,478.3
HITM0010546,HORD003355,PRD0068,1,316.68,316.68
HITM0010547,HORD003355,PRD0372,1,1308.61,1308.61
HITM0012767,HORD004071,PRD0183,1,1008.76,1008.76
HITM0012768,HORD004071,PRD0182,1,331.32,331.32
HITM0012769,HORD004071,PRD0438,1,767.87,767.87
HITM0012770,HORD004071,PRD0670,3,387.96,1163.88
HITM0005566,HORD001782,PRD0362,2,1208.57,2417.14
HITM0011973,HORD003816,PRD0908,2,81.42,162.84
HITM0011974,HORD003816,PRD0699,1,373.99,373.99
HITM0011975,HORD003816,PRD0381,1,2181.63,2181.63
HITM0003937,HORD001267,PRD0966,1,819.73,819.73
HITM0003938,HORD001267,PRD0858,1,179.07,179.07
HITM0003939,HORD001267,PRD0557,1,114.56,114.56
HITM0002320,HORD000750,PRD0530,2,14.38,28.76
HITM0002321,HORD000750,PRD0328,2,634.48,1268.96
HITM0002322,HORD000750,PRD0910,3,53.54,160.62
HITM0002323,HORD000750,PRD0775,1,1055.72,1055.72
HITM0002324,HORD000750,PRD0767,1,2219.87,2219.87
HITM0007504,HORD002391,PRD0721,3,2149.9,6449.7
HITM0007505,HORD002391,PRD0200,1,148.27,148.27
HITM0007506,HORD002391,PRD0956,1,584.64,584.64
HITM0005941,HORD001901,PRD0053,2,1237.48,2474.96
HITM0005942,HORD001901,PRD0963,1,997.83,997.83
HITM0005943,HORD001901,PRD0603,1,557.9,557.9
HITM0005944,HORD001901,PRD0009,1,301.36,301.36
HITM0005945,HORD001901,PRD0188,1,370.0,370.0
HITM0010487,HORD003335,PRD0745,1,222.81,222.81
HITM0010488,HORD003335,PRD0410,2,401.28,802.56
HITM0006853,HORD002187,PRD0920,1,53.18,53.18
HITM0006854,HORD002187,PRD0250,1,376.98,376.98
HITM0006855,HORD002187,PRD0836,1,70.78,70.78
HITM0006856,HORD002187,PRD0194,1,2883.61,2883.61
HITM0004083,HORD001314,PRD0742,1,338.72,338.72
HITM0004084,HORD001314,PRD0768,1,435.51,435.51
HITM0004085,HORD001314,PRD0165,1,567.68,567.68
HITM0011763,HORD003744,PRD0859,1,1242.69,1242.69
HITM0011764,HORD003744,PRD0830,1,121.26,121.26
HITM0011765,HORD003744,PRD0408,1,402.17,402.17
HITM0011766,HORD003744,PRD0270,1,154.55,154.55
HITM0011767,HORD003744,PRD0858,1,179.07,179.07
HITM0012313,HORD003932,PRD0803,1,1082.24,1082.24
HITM0012314,HORD003932,PRD0364,1,4084.62,4084.62
HITM0012315,HORD003932,PRD0590,1,54.96,54.96
HITM0006279,HORD002006,PRD0786,3,142.49,427.47
HITM0006280,HORD002006,PRD0954,1,1508.35,1508.35
HITM0006281,HORD002006,PRD0205,2,1030.02,2060.04
HITM0004813,HORD001543,PRD0131,2,1311.04,2622.08
HITM0004814,HORD001543,PRD0960,1,322.58,322.58
HITM0004815,HORD001543,PRD0059,1,602.47,602.47
HITM0015600,HORD004970,PRD0558,1,383.39,383.39
HITM0009367,HORD002974,PRD0785,1,86.54,86.54
HITM0009368,HORD002974,PRD0027,1,431.75,431.75
HITM0009369,HORD002974,PRD0262,1,1028.17,1028.17
HITM0009370,HORD002974,PRD0686,1,529.65,529.65
HITM0014196,HORD004517,PRD0656,1,848.87,848.87
HITM0014197,HORD004517,PRD0426,2,690.03,1380.06
HITM0014198,HORD004517,PRD0136,1,249.62,249.62
HITM0006985,HORD002231,PRD0483,2,436.08,872.16
HITM0006986,HORD002231,PRD0899,2,180.25,360.5
HITM0006987,HORD002231,PRD0284,1,600.42,600.42
HITM0009904,HORD003147,PRD0495,3,752.39,2257.17
HITM0009905,HORD003147,PRD0381,1,2181.63,2181.63
HITM0009906,HORD003147,PRD0908,1,81.42,81.42
HITM0009907,HORD003147,PRD0191,1,1103.43,1103.43
HITM0009908,HORD003147,PRD0227,1,853.87,853.87
HITM0002240,HORD000724,PRD0543,2,336.97,673.94
HITM0002241,HORD000724,PRD0986,2,605.03,1210.06
HITM0002242,HORD000724,PRD0436,1,180.16,180.16
HITM0015287,HORD004863,PRD0265,3,1188.22,3564.66
HITM0015288,HORD004863,PRD0945,1,730.35,730.35
HITM0015289,HORD004863,PRD0116,2,295.88,591.76
HITM0004809,HORD001542,PRD0785,1,86.54,86.54
HITM0004810,HORD001542,PRD0060,1,170.83,170.83
HITM0004811,HORD001542,PRD0411,1,1693.96,1693.96
HITM0004812,HORD001542,PRD0155,1,171.72,171.72
HITM0001069,HORD000347,PRD0381,1,2181.63,2181.63
HITM0001070,HORD000347,PRD0322,1,1844.93,1844.93
HITM0001071,HORD000347,PRD0535,1,536.13,536.13
HITM0001072,HORD000347,PRD0968,1,1098.76,1098.76
HITM0005436,HORD001737,PRD0343,1,634.07,634.07
HITM0005437,HORD001737,PRD0128,1,155.79,155.79
HITM0005438,HORD001737,PRD0335,1,1165.89,1165.89
HITM0002251,HORD000727,PRD0543,1,336.97,336.97
HITM0002252,HORD000727,PRD0429,1,251.33,251.33
HITM0002253,HORD000727,PRD0928,2,426.54,853.08
HITM0007808,HORD002482,PRD0319,1,1422.45,1422.45
HITM0007809,HORD002482,PRD0010,1,23.5,23.5
HITM0007810,HORD002482,PRD0178,1,131.81,131.81
HITM0007811,HORD002482,PRD0239,1,271.25,271.25
HITM0007812,HORD002482,PRD0616,1,311.42,311.42
HITM0002857,HORD000919,PRD0694,1,2715.4,2715.4
HITM0002858,HORD000919,PRD0341,2,1098.33,2196.66
HITM0002859,HORD000919,PRD0138,3,727.03,2181.09
HITM0002860,HORD000919,PRD0734,1,1722.21,1722.21
HITM0003237,HORD001039,PRD0184,1,607.47,607.47
HITM0003238,HORD001039,PRD0034,1,780.7,780.7
HITM0003239,HORD001039,PRD0116,1,295.88,295.88
HITM0003240,HORD001039,PRD0727,1,842.09,842.09
HITM0003241,HORD001039,PRD0752,1,1670.56,1670.56
HITM0008459,HORD002687,PRD0327,1,122.19,122.19
HITM0007686,HORD002446,PRD0726,1,357.63,357.63
HITM0007687,HORD002446,PRD0920,1,53.18,53.18
HITM0007688,HORD002446,PRD0515,1,987.71,987.71
HITM0007689,HORD002446,PRD0587,1,2586.72,2586.72
HITM0007690,HORD002446,PRD0058,1,243.69,243.69
HITM0012280,HORD003922,PRD0100,3,400.25,1200.75
HITM0012281,HORD003922,PRD0374,1,772.23,772.23
HITM0012282,HORD003922,PRD0491,1,2132.04,2132.04
HITM0008873,HORD002819,PRD0391,1,1640.32,1640.32
HITM0008874,HORD002819,PRD0542,2,1879.25,3758.5
HITM0010045,HORD003192,PRD0250,1,376.98,376.98
HITM0010046,HORD003192,PRD0317,1,1797.93,1797.93
HITM0010047,HORD003192,PRD0366,1,547.49,547.49
HITM0010048,HORD003192,PRD0480,2,303.23,606.46
HITM0007254,HORD002311,PRD0200,2,148.27,296.54
HITM0007255,HORD002311,PRD0521,1,1257.03,1257.03
HITM0014338,HORD004561,PRD0945,1,730.35,730.35
HITM0014339,HORD004561,PRD0569,2,870.85,1741.7
HITM0014340,HORD004561,PRD0429,1,251.33,251.33
HITM0006652,HORD002125,PRD0494,2,2097.54,4195.08
HITM0006653,HORD002125,PRD0489,2,1103.05,2206.1
HITM0006654,HORD002125,PRD0178,2,131.81,263.62
HITM0014216,HORD004523,PRD0082,1,1101.3,1101.3
HITM0014217,HORD004523,PRD0568,1,670.01,670.01
HITM0009426,HORD002993,PRD0243,1,567.88,567.88
HITM0009427,HORD002993,PRD0197,2,1972.76,3945.52
HITM0009428,HORD002993,PRD0780,1,297.57,297.57
HITM0009429,HORD002993,PRD0902,1,307.82,307.82
HITM0014489,HORD004610,PRD0017,3,1979.17,5937.51
HITM0014490,HORD004610,PRD0047,1,64.28,64.28
HITM0014491,HORD004610,PRD0430,3,397.28,1191.84
HITM0010217,HORD003249,PRD0575,1,222.44,222.44
HITM0010218,HORD003249,PRD0485,1,283.51,283.51
HITM0010219,HORD003249,PRD0100,1,400.25,400.25
HITM0010220,HORD003249,PRD0508,1,513.6,513.6
HITM0005184,HORD001657,PRD0047,2,64.28,128.56
HITM0005185,HORD001657,PRD0726,1,357.63,357.63
HITM0003365,HORD001083,PRD0639,1,1085.06,1085.06
HITM0014787,HORD004704,PRD0886,1,59.21,59.21
HITM0014788,HORD004704,PRD0265,1,1188.22,1188.22
HITM0011899,HORD003791,PRD0430,1,397.28,397.28
HITM0011900,HORD003791,PRD0522,2,1754.68,3509.36
HITM0011901,HORD003791,PRD0458,1,242.85,242.85
HITM0014946,HORD004755,PRD0185,1,1138.66,1138.66
HITM0014947,HORD004755,PRD0078,2,280.55,561.1
HITM0014948,HORD004755,PRD0174,1,3628.06,3628.06
HITM0014949,HORD004755,PRD0141,2,995.53,1991.06
HITM0001848,HORD000601,PRD0619,2,1486.76,2973.52
HITM0001849,HORD000601,PRD0361,1,2730.19,2730.19
HITM0001850,HORD000601,PRD0713,2,768.21,1536.42
HITM0004335,HORD001393,PRD0777,2,2576.34,5152.68
HITM0004336,HORD001393,PRD0925,2,557.83,1115.66
HITM0004337,HORD001393,PRD0785,1,86.54,86.54
HITM0004338,HORD001393,PRD0742,1,338.72,338.72
HITM0001686,HORD000547,PRD0198,1,492.76,492.76
HITM0001687,HORD000547,PRD0784,1,3893.33,3893.33
HITM0001688,HORD000547,PRD0485,1,283.51,283.51
HITM0001689,HORD000547,PRD0605,1,969.96,969.96
HITM0002655,HORD000856,PRD0363,1,924.17,924.17
HITM0002656,HORD000856,PRD0002,1,455.28,455.28
HITM0002657,HORD000856,PRD0509,1,246.73,246.73
HITM0003919,HORD001262,PRD0755,2,802.94,1605.88
HITM0003920,HORD001262,PRD0593,2,356.64,713.28
HITM0003921,HORD001262,PRD0672,1,1690.15,1690.15
HITM0005529,HORD001770,PRD0718,3,287.05,861.15
HITM0009255,HORD002941,PRD0345,1,1050.02,1050.02
HITM0009256,HORD002941,PRD0760,2,36.27,72.54
HITM0009257,HORD002941,PRD0392,2,827.61,1655.22
HITM0009258,HORD002941,PRD0549,2,660.48,1320.96
HITM0009259,HORD002941,PRD0370,1,206.12,206.12
HITM0001135,HORD000367,PRD0506,1,551.69,551.69
HITM0001136,HORD000367,PRD0584,2,2508.46,5016.92
HITM0001137,HORD000367,PRD0742,1,338.72,338.72
HITM0001138,HORD000367,PRD0213,1,351.6,351.6
HITM0004034,HORD001297,PRD0985,2,1164.32,2328.64
HITM0003207,HORD001028,PRD0191,1,1103.43,1103.43
HITM0003208,HORD001028,PRD0568,1,670.01,670.01
HITM0002090,HORD000677,PRD0975,2,87.41,174.82
HITM0002091,HORD000677,PRD0272,2,1161.16,2322.32
HITM0014570,HORD004636,PRD0680,1,228.54,228.54
HITM0014571,HORD004636,PRD0460,1,19.84,19.84
HITM0014572,HORD004636,PRD0675,1,927.62,927.62
HITM0014573,HORD004636,PRD0694,1,2715.4,2715.4
HITM0013072,HORD004161,PRD0178,1,131.81,131.81
HITM0013073,HORD004161,PRD0363,1,924.17,924.17
HITM0013074,HORD004161,PRD0400,1,249.11,249.11
HITM0013075,HORD004161,PRD0975,1,87.41,87.41
HITM0003776,HORD001218,PRD0032,3,1124.96,3374.88
HITM0003777,HORD001218,PRD0487,1,322.51,322.51
HITM0003778,HORD001218,PRD0663,1,599.38,599.38
HITM0014397,HORD004582,PRD0021,1,1347.38,1347.38
HITM0014398,HORD004582,PRD0600,1,62.84,62.84
HITM0014399,HORD004582,PRD0456,1,690.03,690.03
HITM0013425,HORD004268,PRD0047,1,64.28,64.28
HITM0000893,HORD000289,PRD0579,2,1322.97,2645.94
HITM0000894,HORD000289,PRD0293,2,1383.27,2766.54
HITM0000895,HORD000289,PRD0990,1,114.18,114.18
HITM0013777,HORD004381,PRD0148,1,1047.53,1047.53
HITM0003563,HORD001150,PRD0693,1,748.42,748.42
HITM0003564,HORD001150,PRD0669,1,271.59,271.59
HITM0004241,HORD001362,PRD0437,1,2045.28,2045.28
HITM0004242,HORD001362,PRD0040,2,283.76,567.52
HITM0004243,HORD001362,PRD0225,1,255.65,255.65
HITM0004244,HORD001362,PRD0795,1,841.05,841.05
HITM0004245,HORD001362,PRD0455,3,191.31,573.93
HITM0011746,HORD003739,PRD0017,2,1979.17,3958.34
HITM0011747,HORD003739,PRD0047,1,64.28,64.28
HITM0011748,HORD003739,PRD0266,1,189.02,189.02
HITM0007355,HORD002345,PRD0231,1,1774.07,1774.07
HITM0007356,HORD002345,PRD0485,1,283.51,283.51
HITM0007357,HORD002345,PRD0206,1,433.31,433.31
HITM0007358,HORD002345,PRD0589,1,671.85,671.85
HITM0002120,HORD000686,PRD0309,3,332.31,996.93
HITM0002121,HORD000686,PRD0566,1,150.7,150.7
HITM0002122,HORD000686,PRD0109,1,429.51,429.51
HITM0002123,HORD000686,PRD0286,1,725.81,725.81
HITM0002124,HORD000686,PRD0377,1,726.19,726.19
HITM0010691,HORD003404,PRD0859,2,1242.69,2485.38
HITM0010692,HORD003404,PRD0155,1,171.72,171.72
HITM0010693,HORD003404,PRD0322,1,1844.93,1844.93
HITM0004879,HORD001563,PRD0182,1,331.32,331.32
HITM0004880,HORD001563,PRD0270,2,154.55,309.1
HITM0004881,HORD001563,PRD0745,1,222.81,222.81
HITM0004882,HORD001563,PRD0621,1,3087.07,3087.07
HITM0003516,HORD001136,PRD0643,1,1502.77,1502.77
HITM0003517,HORD001136,PRD0073,1,900.89,900.89
HITM0003518,HORD001136,PRD0250,2,376.98,753.96
HITM0002556,HORD000828,PRD0525,1,1134.69,1134.69
HITM0002557,HORD000828,PRD0970,1,203.54,203.54
HITM0002558,HORD000828,PRD0248,1,1065.71,1065.71
HITM0002559,HORD000828,PRD0981,1,2201.61,2201.61
HITM0002560,HORD000828,PRD0580,1,109.85,109.85
HITM0004321,HORD001388,PRD0146,1,510.27,510.27
HITM0004322,HORD001388,PRD0052,1,1015.78,1015.78
HITM0004323,HORD001388,PRD0507,1,954.32,954.32
HITM0004042,HORD001301,PRD0858,1,179.07,179.07
HITM0004043,HORD001301,PRD0232,1,358.39,358.39
HITM0004044,HORD001301,PRD0056,1,258.5,258.5
HITM0004045,HORD001301,PRD0054,1,4096.4,4096.4
HITM0011602,HORD003694,PRD0695,1,663.83,663.83
HITM0011603,HORD003694,PRD0422,1,359.3,359.3
HITM0011604,HORD003694,PRD0552,1,643.85,643.85
HITM0013920,HORD004423,PRD0922,1,1800.32,1800.32
HITM0013921,HORD004423,PRD0999,1,626.07,626.07
HITM0013922,HORD004423,PRD0277,1,1153.48,1153.48
HITM0008135,HORD002589,PRD0317,1,1797.93,1797.93
HITM0008136,HORD002589,PRD0492,1,1105.9,1105.9
HITM0008137,HORD002589,PRD0598,1,723.86,723.86
HITM0005549,HORD001777,PRD0804,1,1211.99,1211.99
HITM0005550,HORD001777,PRD0526,1,208.36,208.36
HITM0005551,HORD001777,PRD0792,2,1375.74,2751.48
HITM0005552,HORD001777,PRD0047,1,64.28,64.28
HITM0005553,HORD001777,PRD0590,1,54.96,54.96
HITM0005417,HORD001730,PRD0736,1,508.97,508.97
HITM0005418,HORD001730,PRD0938,1,327.05,327.05
HITM0005419,HORD001730,PRD0428,1,1044.38,1044.38
HITM0008202,HORD002608,PRD0020,1,47.5,47.5
HITM0008203,HORD002608,PRD0463,2,1250.22,2500.44
HITM0008204,HORD002608,PRD0420,1,399.59,399.59
HITM0008205,HORD002608,PRD0328,1,634.48,634.48
HITM0008206,HORD002608,PRD0919,2,1308.07,2616.14
HITM0006407,HORD002048,PRD0426,1,690.03,690.03
HITM0006408,HORD002048,PRD0639,1,1085.06,1085.06
HITM0007908,HORD002514,PRD0929,1,1112.27,1112.27
HITM0007909,HORD002514,PRD0492,1,1105.9,1105.9
HITM0007910,HORD002514,PRD0578,1,625.32,625.32
HITM0007911,HORD002514,PRD0109,1,429.51,429.51
HITM0007912,HORD002514,PRD0556,1,365.44,365.44
HITM0008632,HORD002743,PRD0663,1,599.38,599.38
HITM0008633,HORD002743,PRD0512,1,853.36,853.36
HITM0008634,HORD002743,PRD0133,1,1145.34,1145.34
HITM0008635,HORD002743,PRD0353,2,1077.75,2155.5
HITM0009443,HORD002999,PRD0209,1,164.63,164.63
HITM0009444,HORD002999,PRD0006,1,733.43,733.43
HITM0005720,HORD001830,PRD0148,2,1047.53,2095.06
HITM0005721,HORD001830,PRD0109,1,429.51,429.51
HITM0005722,HORD001830,PRD0091,2,2264.24,4528.48
HITM0013509,HORD004300,PRD0110,1,113.31,113.31
HITM0013510,HORD004300,PRD0681,1,1086.83,1086.83
HITM0007204,HORD002297,PRD0092,1,370.43,370.43
HITM0007205,HORD002297,PRD0075,1,155.15,155.15
HITM0007206,HORD002297,PRD0383,1,584.39,584.39
HITM0007510,HORD002393,PRD0155,1,171.72,171.72
HITM0007511,HORD002393,PRD0476,2,787.22,1574.44
HITM0007512,HORD002393,PRD0569,1,870.85,870.85
HITM0007513,HORD002393,PRD0787,1,189.07,189.07
HITM0005517,HORD001765,PRD0693,1,748.42,748.42
HITM0005518,HORD001765,PRD0922,1,1800.32,1800.32
HITM0005519,HORD001765,PRD0683,1,704.09,704.09
HITM0010257,HORD003261,PRD0882,1,1555.62,1555.62
HITM0010258,HORD003261,PRD0476,1,787.22,787.22
HITM0010259,HORD003261,PRD0136,1,249.62,249.62
HITM0005000,HORD001600,PRD0231,1,1774.07,1774.07
HITM0005001,HORD001600,PRD0542,1,1879.25,1879.25
HITM0005002,HORD001600,PRD0998,1,178.25,178.25
HITM0013973,HORD004442,PRD0587,1,2586.72,2586.72
HITM0013974,HORD004442,PRD0727,1,842.09,842.09
HITM0003164,HORD001015,PRD0988,1,1072.9,1072.9
HITM0003165,HORD001015,PRD0580,1,109.85,109.85
HITM0003166,HORD001015,PRD0415,2,111.92,223.84
HITM0003167,HORD001015,PRD0029,1,1303.04,1303.04
HITM0003943,HORD001269,PRD0846,2,671.93,1343.86
HITM0003944,HORD001269,PRD0506,1,551.69,551.69
HITM0003945,HORD001269,PRD0073,1,900.89,900.89
HITM0003946,HORD001269,PRD0866,1,487.97,487.97
HITM0003947,HORD001269,PRD0106,1,385.13,385.13
HITM0004382,HORD001406,PRD0089,1,739.15,739.15
HITM0004383,HORD001406,PRD0286,1,725.81,725.81
HITM0005299,HORD001692,PRD0110,1,113.31,113.31
HITM0005300,HORD001692,PRD0853,3,1117.98,3353.94
HITM0009695,HORD003082,PRD0047,2,64.28,128.56
HITM0009696,HORD003082,PRD0831,3,1542.33,4626.99
HITM0009697,HORD003082,PRD0417,2,876.48,1752.96
HITM0010459,HORD003326,PRD0529,1,952.92,952.92
HITM0010460,HORD003326,PRD0115,2,855.33,1710.66
HITM0010461,HORD003326,PRD0854,1,2878.03,2878.03
HITM0003458,HORD001115,PRD0849,1,216.96,216.96
HITM0001055,HORD000342,PRD0645,1,262.13,262.13
HITM0001056,HORD000342,PRD0582,1,622.36,622.36
HITM0001057,HORD000342,PRD0460,2,19.84,39.68
HITM0001058,HORD000342,PRD0689,1,1142.34,1142.34
HITM0012600,HORD004019,PRD0357,1,902.95,902.95
HITM0012601,HORD004019,PRD0107,1,1601.0,1601.0
HITM0011827,HORD003764,PRD0852,1,1542.22,1542.22
HITM0001042,HORD000338,PRD0079,1,211.65,211.65
HITM0001043,HORD000338,PRD0354,2,1130.05,2260.1
HITM0001044,HORD000338,PRD0046,2,822.45,1644.9
HITM0009952,HORD003165,PRD0225,1,255.65,255.65
HITM0009953,HORD003165,PRD0637,1,1350.41,1350.41
HITM0009954,HORD003165,PRD0651,1,1043.5,1043.5
HITM0009955,HORD003165,PRD0102,1,581.67,581.67
HITM0009834,HORD003125,PRD0472,2,1677.61,3355.22
HITM0009835,HORD003125,PRD0109,1,429.51,429.51
HITM0009836,HORD003125,PRD0003,1,472.24,472.24
HITM0002890,HORD000930,PRD0176,1,653.3,653.3
HITM0002891,HORD000930,PRD0552,1,643.85,643.85
HITM0002892,HORD000930,PRD0290,1,154.65,154.65
HITM0008816,HORD002801,PRD0712,1,331.7,331.7
HITM0008817,HORD002801,PRD0490,1,289.49,289.49
HITM0008818,HORD002801,PRD1000,1,192.28,192.28
HITM0003340,HORD001076,PRD0541,2,1257.3,2514.6
HITM0003341,HORD001076,PRD0752,1,1670.56,1670.56
HITM0003342,HORD001076,PRD0406,2,482.25,964.5
HITM0003343,HORD001076,PRD0920,3,53.18,159.54
HITM0008358,HORD002653,PRD0207,1,2341.74,2341.74
HITM0008359,HORD002653,PRD0541,1,1257.3,1257.3
HITM0008360,HORD002653,PRD0150,1,189.45,189.45
HITM0001108,HORD000359,PRD0152,1,528.88,528.88
HITM0001109,HORD000359,PRD0748,1,432.14,432.14
HITM0001110,HORD000359,PRD0928,1,426.54,426.54
HITM0015620,HORD004977,PRD0660,1,137.13,137.13
HITM0015621,HORD004977,PRD0435,1,306.84,306.84
HITM0015622,HORD004977,PRD0063,1,1165.11,1165.11
HITM0012523,HORD003996,PRD0909,1,1266.71,1266.71
HITM0012524,HORD003996,PRD0056,1,258.5,258.5
HITM0012525,HORD003996,PRD0645,1,262.13,262.13
HITM0011905,HORD003794,PRD0745,1,222.81,222.81
HITM0011906,HORD003794,PRD0329,1,1326.77,1326.77
HITM0011907,HORD003794,PRD0920,2,53.18,106.36
HITM0011292,HORD003598,PRD0111,2,2798.27,5596.54
HITM0011293,HORD003598,PRD0764,1,1928.47,1928.47
HITM0011294,HORD003598,PRD0485,2,283.51,567.02
HITM0011295,HORD003598,PRD0425,1,932.26,932.26
HITM0011296,HORD003598,PRD0370,1,206.12,206.12
HITM0008142,HORD002591,PRD0178,1,131.81,131.81
HITM0008143,HORD002591,PRD0312,1,523.23,523.23
HITM0008144,HORD002591,PRD0446,1,168.08,168.08
HITM0008145,HORD002591,PRD0117,1,1297.02,1297.02
HITM0008146,HORD002591,PRD0425,3,932.26,2796.78
HITM0012942,HORD004122,PRD0540,2,16.38,32.76
HITM0012943,HORD004122,PRD0047,2,64.28,128.56
HITM0012944,HORD004122,PRD0451,1,2985.26,2985.26
HITM0014000,HORD004452,PRD0885,1,1136.58,1136.58
HITM0014001,HORD004452,PRD0528,1,478.44,478.44
HITM0014002,HORD004452,PRD0998,3,178.25,534.75
HITM0002014,HORD000652,PRD0089,1,739.15,739.15
HITM0002015,HORD000652,PRD0358,1,761.53,761.53
HITM0002016,HORD000652,PRD0587,1,2586.72,2586.72
HITM0002702,HORD000870,PRD0409,2,200.48,400.96
HITM0002703,HORD000870,PRD0480,1,303.23,303.23
HITM0002704,HORD000870,PRD0443,2,681.97,1363.94
HITM0002705,HORD000870,PRD0938,1,327.05,327.05
HITM0006796,HORD002169,PRD0032,1,1124.96,1124.96
HITM0006797,HORD002169,PRD0753,1,377.42,377.42
HITM0006798,HORD002169,PRD0210,1,408.84,408.84
HITM0006799,HORD002169,PRD0180,3,386.36,1159.08
HITM0006800,HORD002169,PRD0938,2,327.05,654.1
HITM0010652,HORD003391,PRD0985,1,1164.32,1164.32
HITM0010653,HORD003391,PRD0179,1,1481.8,1481.8
HITM0010654,HORD003391,PRD0737,1,420.63,420.63
HITM0013112,HORD004173,PRD0861,1,3043.65,3043.65
HITM0013113,HORD004173,PRD0109,1,429.51,429.51
HITM0013114,HORD004173,PRD0325,2,161.7,323.4
HITM0013115,HORD004173,PRD0843,1,1192.62,1192.62
HITM0014052,HORD004470,PRD0986,1,605.03,605.03
HITM0014053,HORD004470,PRD0390,1,254.28,254.28
HITM0014054,HORD004470,PRD0609,1,1032.51,1032.51
HITM0014055,HORD004470,PRD0236,2,135.01,270.02
HITM0014056,HORD004470,PRD0446,1,168.08,168.08
HITM0006959,HORD002221,PRD0196,1,206.29,206.29
HITM0007352,HORD002344,PRD0425,1,932.26,932.26
HITM0007353,HORD002344,PRD0876,1,228.97,228.97
HITM0007354,HORD002344,PRD0354,1,1130.05,1130.05
HITM0011967,HORD003814,PRD0328,1,634.48,634.48
HITM0011968,HORD003814,PRD0306,1,677.68,677.68
HITM0011969,HORD003814,PRD0558,1,383.39,383.39
HITM0011970,HORD003814,PRD0684,1,1730.11,1730.11
HITM0011971,HORD003814,PRD0516,1,339.27,339.27
HITM0002434,HORD000786,PRD0645,1,262.13,262.13
HITM0002435,HORD000786,PRD0147,1,2453.24,2453.24
HITM0002436,HORD000786,PRD0009,1,301.36,301.36
HITM0015432,HORD004916,PRD0427,1,241.58,241.58
HITM0015433,HORD004916,PRD0947,1,1985.26,1985.26
HITM0015434,HORD004916,PRD0110,2,113.31,226.62
HITM0015435,HORD004916,PRD0857,1,160.36,160.36
HITM0002236,HORD000722,PRD0674,1,3768.2,3768.2
HITM0002237,HORD000722,PRD0998,1,178.25,178.25
HITM0010622,HORD003381,PRD0982,1,885.27,885.27
HITM0010623,HORD003381,PRD0692,1,1859.26,1859.26
HITM0010624,HORD003381,PRD0816,2,125.37,250.74
HITM0011778,HORD003748,PRD0177,1,1216.85,1216.85
HITM0011779,HORD003748,PRD0950,1,108.8,108.8
HITM0011780,HORD003748,PRD0115,1,855.33,855.33
HITM0006032,HORD001927,PRD0762,3,1016.52,3049.56
HITM0006033,HORD001927,PRD0048,1,165.15,165.15
HITM0006034,HORD001927,PRD0546,1,227.79,227.79
HITM0006035,HORD001927,PRD0127,1,599.05,599.05
HITM0005466,HORD001748,PRD0315,2,74.41,148.82
HITM0005467,HORD001748,PRD0567,1,179.96,179.96
HITM0003494,HORD001129,PRD0526,1,208.36,208.36
HITM0003495,HORD001129,PRD0498,2,201.0,402.0
HITM0012826,HORD004087,PRD0811,1,2857.81,2857.81
HITM0012827,HORD004087,PRD0609,1,1032.51,1032.51
HITM0002606,HORD000843,PRD0383,1,584.39,584.39
HITM0002607,HORD000843,PRD0030,1,405.09,405.09
HITM0003865,HORD001246,PRD0020,1,47.5,47.5
HITM0003866,HORD001246,PRD0380,1,318.45,318.45
HITM0003867,HORD001246,PRD0279,1,1450.59,1450.59
HITM0003868,HORD001246,PRD0511,1,1327.08,1327.08
HITM0011363,HORD003618,PRD0699,1,373.99,373.99
HITM0011364,HORD003618,PRD0213,1,351.6,351.6
HITM0011365,HORD003618,PRD0196,2,206.29,412.58
HITM0006886,HORD002197,PRD0936,1,477.26,477.26
HITM0006887,HORD002197,PRD0526,3,208.36,625.08
HITM0000436,HORD000148,PRD0117,2,1297.02,2594.04
HITM0000437,HORD000148,PRD0745,1,222.81,222.81
HITM0000438,HORD000148,PRD0213,2,351.6,703.2
HITM0001577,HORD000510,PRD0523,1,911.73,911.73
HITM0001578,HORD000510,PRD0678,1,566.98,566.98
HITM0001579,HORD000510,PRD0902,1,307.82,307.82
HITM0004230,HORD001359,PRD0642,1,1517.82,1517.82
HITM0004231,HORD001359,PRD0256,1,694.57,694.57
HITM0004232,HORD001359,PRD0012,1,426.8,426.8
HITM0004233,HORD001359,PRD0599,2,1497.17,2994.34
HITM0008739,HORD002774,PRD0677,1,1049.55,1049.55
HITM0008740,HORD002774,PRD0610,1,347.23,347.23
HITM0008741,HORD002774,PRD0718,1,287.05,287.05
HITM0002691,HORD000866,PRD0092,3,370.43,1111.29
HITM0001175,HORD000380,PRD0940,1,51.08,51.08
HITM0001176,HORD000380,PRD0459,1,1343.7,1343.7
HITM0001177,HORD000380,PRD0256,2,694.57,1389.14
HITM0001178,HORD000380,PRD0198,1,492.76,492.76
HITM0011526,HORD003672,PRD0620,1,133.24,133.24
HITM0011527,HORD003672,PRD0067,1,374.02,374.02
HITM0011528,HORD003672,PRD0326,1,828.92,828.92
HITM0011529,HORD003672,PRD0262,2,1028.17,2056.34
HITM0006646,HORD002123,PRD0438,1,767.87,767.87
HITM0006647,HORD002123,PRD0073,1,900.89,900.89
HITM0006648,HORD002123,PRD0716,1,300.2,300.2
HITM0006649,HORD002123,PRD0466,2,362.96,725.92
HITM0007793,HORD002477,PRD0700,1,241.67,241.67
HITM0001416,HORD000455,PRD0907,1,130.49,130.49
HITM0001417,HORD000455,PRD0547,2,1638.11,3276.22
HITM0001418,HORD000455,PRD0576,2,261.6,523.2
HITM0001419,HORD000455,PRD0959,2,1028.98,2057.96
HITM0001420,HORD000455,PRD0719,1,192.41,192.41
HITM0000289,HORD000096,PRD0485,1,283.51,283.51
HITM0000290,HORD000096,PRD0088,1,466.29,466.29
HITM0000291,HORD000096,PRD0362,1,1208.57,1208.57
HITM0003466,HORD001119,PRD0350,1,142.11,142.11
HITM0003467,HORD001119,PRD0956,1,584.64,584.64
HITM0003468,HORD001119,PRD0434,1,1483.17,1483.17
HITM0003469,HORD001119,PRD0932,1,447.1,447.1
HITM0003551,HORD001147,PRD0041,1,2661.08,2661.08
HITM0003552,HORD001147,PRD0254,2,2250.67,4501.34
HITM0003553,HORD001147,PRD0354,1,1130.05,1130.05
HITM0003554,HORD001147,PRD0885,1,1136.58,1136.58
HITM0003555,HORD001147,PRD0625,1,840.9,840.9
HITM0013855,HORD004405,PRD0666,1,115.16,115.16
HITM0013856,HORD004405,PRD0098,1,560.95,560.95
HITM0013857,HORD004405,PRD0665,1,304.74,304.74
HITM0013858,HORD004405,PRD0319,1,1422.45,1422.45
HITM0005145,HORD001646,PRD0986,1,605.03,605.03
HITM0005146,HORD001646,PRD0151,1,2367.77,2367.77
HITM0005147,HORD001646,PRD0909,2,1266.71,2533.42
HITM0004180,HORD001344,PRD0916,1,256.29,256.29
HITM0004181,HORD001344,PRD0955,1,891.93,891.93
HITM0004182,HORD001344,PRD0522,1,1754.68,1754.68
HITM0007179,HORD002289,PRD0325,2,161.7,323.4
HITM0007180,HORD002289,PRD0507,1,954.32,954.32
HITM0007737,HORD002460,PRD0056,2,258.5,517.0
HITM0007738,HORD002460,PRD0770,2,116.43,232.86
HITM0007739,HORD002460,PRD0759,1,1399.01,1399.01
HITM0007740,HORD002460,PRD0440,1,413.05,413.05
HITM0001866,HORD000608,PRD0433,1,456.5,456.5
HITM0001867,HORD000608,PRD0927,1,2435.38,2435.38
HITM0001868,HORD000608,PRD0214,2,753.54,1507.08
HITM0001869,HORD000608,PRD0517,1,1601.01,1601.01
HITM0001870,HORD000608,PRD0507,1,954.32,954.32
HITM0015146,HORD004818,PRD0789,1,416.43,416.43
HITM0015147,HORD004818,PRD0425,1,932.26,932.26
HITM0015148,HORD004818,PRD0086,1,669.12,669.12
HITM0015149,HORD004818,PRD0132,2,691.37,1382.74
HITM0012056,HORD003846,PRD0446,1,168.08,168.08
HITM0012057,HORD003846,PRD0146,1,510.27,510.27
HITM0009606,HORD003050,PRD0270,1,154.55,154.55
HITM0009607,HORD003050,PRD0729,2,496.66,993.32
HITM0009608,HORD003050,PRD0968,1,1098.76,1098.76
HITM0009609,HORD003050,PRD0396,1,385.11,385.11
HITM0014561,HORD004633,PRD0543,2,336.97,673.94
HITM0014562,HORD004633,PRD0937,1,1780.49,1780.49
HITM0014563,HORD004633,PRD0502,2,1590.33,3180.66
HITM0003128,HORD001004,PRD0876,1,228.97,228.97
HITM0003129,HORD001004,PRD0297,1,1360.98,1360.98
HITM0003130,HORD001004,PRD0446,3,168.08,504.24
HITM0003131,HORD001004,PRD0666,2,115.16,230.32
HITM0007546,HORD002404,PRD0266,1,189.02,189.02
HITM0007547,HORD002404,PRD0715,2,401.49,802.98
HITM0007548,HORD002404,PRD0136,1,249.62,249.62
HITM0007549,HORD002404,PRD0900,1,259.46,259.46
HITM0012116,HORD003866,PRD0020,1,47.5,47.5
HITM0012117,HORD003866,PRD0856,1,508.46,508.46
HITM0014718,HORD004680,PRD0427,1,241.58,241.58
HITM0014719,HORD004680,PRD0090,2,99.88,199.76
HITM0014720,HORD004680,PRD0159,2,1281.12,2562.24
HITM0003843,HORD001239,PRD0396,1,385.11,385.11
HITM0001118,HORD000362,PRD0320,1,154.64,154.64
HITM0001119,HORD000362,PRD0255,1,699.0,699.0
HITM0001120,HORD000362,PRD0660,1,137.13,137.13
HITM0011804,HORD003757,PRD0601,1,1162.83,1162.83
HITM0011805,HORD003757,PRD0127,2,599.05,1198.1
HITM0011806,HORD003757,PRD0670,1,387.96,387.96
HITM0011807,HORD003757,PRD0483,1,436.08,436.08
HITM0011808,HORD003757,PRD0817,1,2026.78,2026.78
HITM0006551,HORD002092,PRD0659,1,725.61,725.61
HITM0006552,HORD002092,PRD0873,1,665.62,665.62
HITM0001877,HORD000611,PRD0522,1,1754.68,1754.68
HITM0001878,HORD000611,PRD0057,3,1785.63,5356.89
HITM0001879,HORD000611,PRD0611,1,1295.24,1295.24
HITM0001880,HORD000611,PRD0938,1,327.05,327.05
HITM0001881,HORD000611,PRD0046,1,822.45,822.45
HITM0002624,HORD000848,PRD0800,1,334.97,334.97
HITM0007387,HORD002355,PRD0867,1,111.69,111.69
HITM0007388,HORD002355,PRD0636,1,421.78,421.78
HITM0007389,HORD002355,PRD0464,1,4106.6,4106.6
HITM0008413,HORD002672,PRD0579,1,1322.97,1322.97
HITM0006862,HORD002190,PRD0038,1,769.34,769.34
HITM0006863,HORD002190,PRD0494,2,2097.54,4195.08
HITM0006864,HORD002190,PRD0340,1,382.9,382.9
HITM0006865,HORD002190,PRD0980,1,310.02,310.02
HITM0002625,HORD000849,PRD0995,1,69.16,69.16
HITM0002626,HORD000849,PRD0940,1,51.08,51.08
HITM0002627,HORD000849,PRD0436,2,180.16,360.32
HITM0002628,HORD000849,PRD0299,1,1391.83,1391.83
HITM0007374,HORD002351,PRD0656,2,848.87,1697.74
HITM0007375,HORD002351,PRD0934,1,789.27,789.27
HITM0009798,HORD003114,PRD0524,1,2636.76,2636.76
HITM0009799,HORD003114,PRD0771,2,1761.53,3523.06
HITM0009800,HORD003114,PRD0923,1,1251.17,1251.17
HITM0009801,HORD003114,PRD0217,1,441.18,441.18
HITM0009802,HORD003114,PRD0815,2,261.87,523.74
HITM0001766,HORD000575,PRD0072,2,1642.51,3285.02
HITM0001767,HORD000575,PRD0718,1,287.05,287.05
HITM0001768,HORD000575,PRD0135,1,1040.75,1040.75
HITM0004494,HORD001441,PRD0070,1,257.34,257.34
HITM0004495,HORD001441,PRD0759,1,1399.01,1399.01
HITM0015522,HORD004943,PRD0177,1,1216.85,1216.85
HITM0015523,HORD004943,PRD0494,1,2097.54,2097.54
HITM0015524,HORD004943,PRD0575,2,222.44,444.88
HITM0015525,HORD004943,PRD0270,1,154.55,154.55
HITM0007321,HORD002334,PRD0016,2,594.47,1188.94
HITM0007322,HORD002334,PRD0719,1,192.41,192.41
HITM0003182,HORD001021,PRD0311,1,3180.87,3180.87
HITM0003183,HORD001021,PRD0409,1,200.48,200.48
HITM0002356,HORD000763,PRD0451,2,2985.26,5970.52
HITM0002357,HORD000763,PRD0326,1,828.92,828.92
HITM0002358,HORD000763,PRD0615,2,159.68,319.36
HITM0013280,HORD004223,PRD0350,1,142.11,142.11
HITM0002199,HORD000711,PRD0140,2,224.98,449.96
HITM0002200,HORD000711,PRD0713,1,768.21,768.21
HITM0002201,HORD000711,PRD0055,1,706.09,706.09
HITM0008053,HORD002562,PRD0196,1,206.29,206.29
HITM0008054,HORD002562,PRD0708,1,1076.81,1076.81
HITM0000492,HORD000165,PRD0907,1,130.49,130.49
HITM0000493,HORD000165,PRD0333,1,454.01,454.01
HITM0000494,HORD000165,PRD0315,2,74.41,148.82
HITM0000495,HORD000165,PRD0915,1,1134.28,1134.28
HITM0003838,HORD001238,PRD0244,2,2495.06,4990.12
HITM0003839,HORD001238,PRD0479,1,1360.38,1360.38
HITM0003840,HORD001238,PRD0887,1,1400.8,1400.8
HITM0003841,HORD001238,PRD0485,2,283.51,567.02
HITM0003842,HORD001238,PRD0509,1,246.73,246.73
HITM0006292,HORD002011,PRD0122,1,674.12,674.12
HITM0006293,HORD002011,PRD0690,2,115.07,230.14
HITM0015268,HORD004858,PRD0420,3,399.59,1198.77
HITM0015269,HORD004858,PRD0073,2,900.89,1801.78
HITM0015270,HORD004858,PRD0988,1,1072.9,1072.9
HITM0015271,HORD004858,PRD0191,1,1103.43,1103.43
HITM0015272,HORD004858,PRD0863,1,894.64,894.64
HITM0013758,HORD004376,PRD0902,1,307.82,307.82
HITM0013759,HORD004376,PRD0240,3,371.29,1113.87
HITM0013760,HORD004376,PRD0109,1,429.51,429.51
HITM0013761,HORD004376,PRD0949,1,727.16,727.16
HITM0014068,HORD004474,PRD0196,1,206.29,206.29
HITM0014069,HORD004474,PRD0869,1,1367.62,1367.62
HITM0014070,HORD004474,PRD0280,1,105.66,105.66
HITM0012704,HORD004052,PRD0047,1,64.28,64.28
HITM0012705,HORD004052,PRD0836,1,70.78,70.78
HITM0012706,HORD004052,PRD0628,1,219.29,219.29
HITM0001840,HORD000598,PRD0356,2,365.08,730.16
HITM0001841,HORD000598,PRD0188,1,370.0,370.0
HITM0001842,HORD000598,PRD0425,3,932.26,2796.78
HITM0001843,HORD000598,PRD0504,2,3243.43,6486.86
HITM0001844,HORD000598,PRD0893,1,1076.78,1076.78
HITM0006297,HORD002013,PRD0402,1,400.07,400.07
HITM0006298,HORD002013,PRD0995,1,69.16,69.16
HITM0009591,HORD003046,PRD0719,1,192.41,192.41
HITM0009592,HORD003046,PRD0788,2,699.94,1399.88
HITM0009593,HORD003046,PRD0220,2,201.85,403.7
HITM0000224,HORD000077,PRD0453,1,481.9,481.9
HITM0000225,HORD000077,PRD0931,1,1200.5,1200.5
HITM0000226,HORD000077,PRD0596,2,596.4,1192.8
HITM0007024,HORD002243,PRD0922,1,1800.32,1800.32
HITM0007025,HORD002243,PRD0633,2,804.04,1608.08
HITM0007026,HORD002243,PRD0003,2,472.24,944.48
HITM0004418,HORD001416,PRD0920,3,53.18,159.54
HITM0003697,HORD001192,PRD0850,1,101.36,101.36
HITM0014433,HORD004593,PRD0581,2,1767.18,3534.36
HITM0014434,HORD004593,PRD0540,1,16.38,16.38
HITM0014435,HORD004593,PRD0714,2,3365.3,6730.6
HITM0014436,HORD004593,PRD0809,1,699.91,699.91
HITM0014437,HORD004593,PRD0895,2,830.36,1660.72
HITM0003214,HORD001031,PRD0115,2,855.33,1710.66
HITM0011300,HORD003600,PRD0202,1,1891.9,1891.9
HITM0011301,HORD003600,PRD0995,1,69.16,69.16
HITM0011302,HORD003600,PRD0180,1,386.36,386.36
HITM0011303,HORD003600,PRD0643,1,1502.77,1502.77
HITM0011304,HORD003600,PRD0474,1,1816.04,1816.04
HITM0004427,HORD001419,PRD0250,3,376.98,1130.94
HITM0012124,HORD003869,PRD0442,3,1758.97,5276.91
HITM0012125,HORD003869,PRD0516,1,339.27,339.27
HITM0012126,HORD003869,PRD0549,1,660.48,660.48
HITM0012127,HORD003869,PRD0792,1,1375.74,1375.74
HITM0012128,HORD003869,PRD0190,1,248.59,248.59
HITM0003914,HORD001261,PRD0136,1,249.62,249.62
HITM0003915,HORD001261,PRD0244,1,2495.06,2495.06
HITM0003916,HORD001261,PRD0759,2,1399.01,2798.02
HITM0003917,HORD001261,PRD0615,1,159.68,159.68
HITM0003918,HORD001261,PRD0519,1,154.53,154.53
HITM0013807,HORD004391,PRD0467,1,2512.22,2512.22
HITM0013808,HORD004391,PRD0697,1,590.16,590.16
HITM0000480,HORD000161,PRD0460,1,19.84,19.84
HITM0000481,HORD000161,PRD0456,1,690.03,690.03
HITM0000507,HORD000169,PRD0828,2,745.61,1491.22
HITM0012431,HORD003971,PRD0036,1,355.76,355.76
HITM0012432,HORD003971,PRD0205,1,1030.02,1030.02
HITM0012433,HORD003971,PRD0038,1,769.34,769.34
HITM0012434,HORD003971,PRD0835,1,705.82,705.82
HITM0012435,HORD003971,PRD0049,1,740.34,740.34
HITM0004046,HORD001302,PRD0968,1,1098.76,1098.76
HITM0004047,HORD001302,PRD0786,2,142.49,284.98
HITM0004048,HORD001302,PRD0105,1,325.21,325.21
HITM0005666,HORD001812,PRD0773,2,1495.61,2991.22
HITM0005667,HORD001812,PRD0538,1,1028.4,1028.4
HITM0005668,HORD001812,PRD0901,1,2926.07,2926.07
HITM0010644,HORD003388,PRD0171,1,1970.35,1970.35
HITM0010645,HORD003388,PRD0018,1,1099.45,1099.45
HITM0007577,HORD002413,PRD0102,1,581.67,581.67
HITM0007578,HORD002413,PRD0786,1,142.49,142.49
HITM0007579,HORD002413,PRD0023,1,688.53,688.53
HITM0007580,HORD002413,PRD0286,1,725.81,725.81
HITM0001009,HORD000327,PRD0959,2,1028.98,2057.96
HITM0001010,HORD000327,PRD0424,1,937.77,937.77
HITM0001011,HORD000327,PRD0065,1,1196.5,1196.5
HITM0001633,HORD000528,PRD0924,2,2237.68,4475.36
HITM0001634,HORD000528,PRD0102,1,581.67,581.67
HITM0001635,HORD000528,PRD0318,1,115.57,115.57
HITM0001636,HORD000528,PRD0281,1,2324.84,2324.84
HITM0006693,HORD002138,PRD0704,1,2975.95,2975.95
HITM0006694,HORD002138,PRD0341,1,1098.33,1098.33
HITM0006695,HORD002138,PRD0028,1,855.88,855.88
HITM0006696,HORD002138,PRD0530,1,14.38,14.38
HITM0006697,HORD002138,PRD0677,1,1049.55,1049.55
HITM0013968,HORD004439,PRD0210,1,408.84,408.84
HITM0003160,HORD001014,PRD0060,1,170.83,170.83
HITM0003161,HORD001014,PRD0358,2,761.53,1523.06
HITM0003162,HORD001014,PRD0137,2,1155.19,2310.38
HITM0003163,HORD001014,PRD0500,3,408.62,1225.86
HITM0014670,HORD004665,PRD0930,1,62.22,62.22
HITM0014671,HORD004665,PRD0826,1,796.98,796.98
HITM0013481,HORD004290,PRD0846,1,671.93,671.93
HITM0013482,HORD004290,PRD0849,1,216.96,216.96
HITM0004838,HORD001550,PRD0090,1,99.88,99.88
HITM0004839,HORD001550,PRD0059,3,602.47,1807.41
HITM0004840,HORD001550,PRD0968,2,1098.76,2197.52
HITM0004841,HORD001550,PRD0593,1,356.64,356.64
HITM0010896,HORD003469,PRD0796,1,187.69,187.69
HITM0010897,HORD003469,PRD0410,2,401.28,802.56
HITM0010898,HORD003469,PRD0916,1,256.29,256.29
HITM0013837,HORD004400,PRD0814,1,404.73,404.73
HITM0013838,HORD004400,PRD0228,1,419.86,419.86
HITM0003694,HORD001190,PRD0908,2,81.42,162.84
HITM0003695,HORD001190,PRD0595,1,108.82,108.82
HITM0004526,HORD001452,PRD0996,1,455.11,455.11
HITM0004527,HORD001452,PRD0364,1,4084.62,4084.62
HITM0004528,HORD001452,PRD0014,2,1339.17,2678.34
HITM0004529,HORD001452,PRD0740,1,366.0,366.0
HITM0004530,HORD001452,PRD0807,2,1660.47,3320.94
HITM0002976,HORD000956,PRD0289,1,1441.37,1441.37
HITM0002977,HORD000956,PRD0407,1,2508.69,2508.69
HITM0002978,HORD000956,PRD0660,1,137.13,137.13
HITM0007836,HORD002491,PRD0617,1,629.04,629.04
HITM0007837,HORD002491,PRD0920,2,53.18,106.36
HITM0007838,HORD002491,PRD0055,2,706.09,1412.18
HITM0007839,HORD002491,PRD0696,1,223.84,223.84
HITM0004274,HORD001372,PRD0534,2,781.55,1563.1
HITM0004275,HORD001372,PRD0347,2,1228.43,2456.86
HITM0004276,HORD001372,PRD0909,1,1266.71,1266.71
HITM0010030,HORD003187,PRD0456,1,690.03,690.03
HITM0010031,HORD003187,PRD0128,1,155.79,155.79
HITM0010032,HORD003187,PRD0768,1,435.51,435.51
HITM0009385,HORD002979,PRD0550,1,112.99,112.99
HITM0009386,HORD002979,PRD0159,1,1281.12,1281.12
HITM0009387,HORD002979,PRD0185,3,1138.66,3415.98
HITM0009388,HORD002979,PRD0998,1,178.25,178.25
HITM0009389,HORD002979,PRD0435,1,306.84,306.84
HITM0010196,HORD003243,PRD0565,1,1021.79,1021.79
HITM0010197,HORD003243,PRD0992,2,1431.3,2862.6
HITM0010198,HORD003243,PRD0408,1,402.17,402.17
HITM0007360,HORD002347,PRD0259,1,409.08,409.08
HITM0007361,HORD002347,PRD0505,1,350.13,350.13
HITM0007362,HORD002347,PRD0143,1,1276.25,1276.25
HITM0007363,HORD002347,PRD0193,1,1208.58,1208.58
HITM0015624,HORD004979,PRD0808,1,601.58,601.58
HITM0015625,HORD004979,PRD0851,1,2462.55,2462.55
HITM0015626,HORD004979,PRD0425,2,932.26,1864.52
HITM0012500,HORD003989,PRD0429,1,251.33,251.33
HITM0012501,HORD003989,PRD0867,1,111.69,111.69
HITM0012502,HORD003989,PRD0589,3,671.85,2015.55
HITM0012503,HORD003989,PRD0522,1,1754.68,1754.68
HITM0012504,HORD003989,PRD0317,1,1797.93,1797.93
HITM0012572,HORD004011,PRD0286,2,725.81,1451.62
HITM0012573,HORD004011,PRD0468,2,254.35,508.7
HITM0012574,HORD004011,PRD0729,1,496.66,496.66
HITM0007144,HORD002278,PRD0733,2,1448.13,2896.26
HITM0007145,HORD002278,PRD0589,1,671.85,671.85
HITM0007146,HORD002278,PRD0845,3,323.81,971.43
HITM0007147,HORD002278,PRD0748,2,432.14,864.28
HITM0007148,HORD002278,PRD0138,3,727.03,2181.09
HITM0009158,HORD002907,PRD0291,2,2310.69,4621.38
HITM0009159,HORD002907,PRD0872,1,796.81,796.81
HITM0009160,HORD002907,PRD0422,1,359.3,359.3
HITM0009161,HORD002907,PRD0046,2,822.45,1644.9
HITM0009162,HORD002907,PRD0902,1,307.82,307.82
HITM0015077,HORD004797,PRD0027,1,431.75,431.75
HITM0015078,HORD004797,PRD0795,1,841.05,841.05
HITM0015079,HORD004797,PRD0173,1,906.06,906.06
HITM0006015,HORD001922,PRD0760,1,36.27,36.27
HITM0006016,HORD001922,PRD0950,2,108.8,217.6
HITM0006017,HORD001922,PRD0231,1,1774.07,1774.07
HITM0000159,HORD000055,PRD0698,2,68.9,137.8
HITM0000160,HORD000055,PRD0068,1,316.68,316.68
HITM0000161,HORD000055,PRD0689,1,1142.34,1142.34
HITM0000162,HORD000055,PRD0639,2,1085.06,2170.12
HITM0007303,HORD002326,PRD0287,2,1095.91,2191.82
HITM0007304,HORD002326,PRD0586,2,754.59,1509.18
HITM0007305,HORD002326,PRD0479,3,1360.38,4081.14
HITM0004560,HORD001462,PRD0490,2,289.49,578.98
HITM0004561,HORD001462,PRD0985,1,1164.32,1164.32
HITM0004562,HORD001462,PRD0209,1,164.63,164.63
HITM0004563,HORD001462,PRD0011,2,1900.95,3801.9
HITM0004564,HORD001462,PRD0286,1,725.81,725.81
HITM0011188,HORD003566,PRD0305,1,387.39,387.39
HITM0011189,HORD003566,PRD0289,1,1441.37,1441.37
HITM0011190,HORD003566,PRD0573,1,1409.7,1409.7
HITM0011191,HORD003566,PRD0486,1,706.44,706.44
HITM0011192,HORD003566,PRD0836,2,70.78,141.56
HITM0005442,HORD001739,PRD0523,1,911.73,911.73
HITM0005443,HORD001739,PRD0416,2,749.76,1499.52
HITM0005444,HORD001739,PRD0326,1,828.92,828.92
HITM0015175,HORD004827,PRD0600,1,62.84,62.84
HITM0015176,HORD004827,PRD0011,1,1900.95,1900.95
HITM0015177,HORD004827,PRD0431,2,1892.24,3784.48
HITM0015178,HORD004827,PRD0693,1,748.42,748.42
HITM0015179,HORD004827,PRD0179,1,1481.8,1481.8
