product_id,product_name,category,brand,unit_price,unit_cost,launch_year,warranty_months,weight_kg,product_sku,subcategory,model_family,colour,supplier_id,supplier_country,launch_date,tax_category,package_type,recyclable_packaging,active_flag,product_description_clean
PRD0001,Candle Bloom 100,Laptop,Candle,2765.47,1681.81,2017,24,1.209,SKU-CAN00001,Ultrabook,Arc,Green,SUP001,Australia,2017-07-01,GST_STANDARD,Recycled box,True,True,"ultrabook designed for portable document work and video meetings, in the arc family and supplied by candle with a 24-month warranty."
PRD0002,Vela Halo 101,Smartphone,Vela,455.28,310.78,2014,24,0.28,SKU-VEL00002,5G Smartphone,Atlas,White,SUP002,Korea,2014-01-12,GST_STANDARD,Recycled box,True,True,"5g smartphone designed for daily communication and navigation, in the atlas family and supplied by vela with a 24-month warranty."
PRD0003,Candle Quest 102,Tablet,Candle,472.24,295.51,2012,24,0.514,SKU-CAN00003,Productivity Tablet,Bloom,Black,SUP003,China,2012-02-01,GST_STANDARD,Recycled box,True,True,"productivity tablet designed for reading, annotation and handwritten notes, in the bloom family and supplied by candle with a 24-month warranty."
PRD0004,Vela Wave 103,Home Entertainment,Vela,1300.01,720.7,2013,24,6.423,SKU-VEL00004,Smart Display,Core,Gold,SUP004,Malaysia,2013-11-05,GST_STANDARD,Recycled box,False,False,"smart display designed for shared film and television viewing, in the core family and supplied by vela with a 24-month warranty."
PRD0005,Candle Edge 104,Audio,Candle,770.31,459.45,2014,12,0.525,SKU-CAN00005,Wireless Audio,Edge,Black,SUP005,China,2014-11-04,GST_STANDARD,Protective case,False,True,"wireless audio designed for commuting and spoken-content listening, in the edge family and supplied by candle with a 12-month warranty."
PRD0006,Vela Nova 105,Smart Home,Vela,733.43,542.06,2014,12,0.337,SKU-VEL00006,Home Automation,Echo,White,SUP006,Malaysia,2014-03-11,GST_STANDARD,Recycled box,True,True,"home automation designed for app-controlled room lighting, in the echo family and supplied by vela with a 12-month warranty."
PRD0007,Candle Shift 106,Gaming,Candle,1605.29,1185.91,2012,24,1.307,SKU-CAN00007,Gaming Hardware,Flux,Graphite,SUP007,Korea,2012-08-10,GST_STANDARD,Protective case,True,True,"gaming hardware designed for long desktop gaming sessions, in the flux family and supplied by candle with a 24-month warranty."
PRD0008,Vela Atlas 107,Wearable,Vela,442.13,234.41,2017,12,0.107,SKU-VEL00008,Health Wearable,Halo,Green,SUP008,Australia,2017-05-27,GST_STANDARD,Box,True,True,"health wearable designed for daily activity and sleep tracking, in the halo family and supplied by vela with a 12-month warranty."
PRD0009,Candle Flux 108,Networking,Candle,301.36,198.5,2017,24,0.736,SKU-CAN00009,Connected Network,Lumen,Red,SUP009,Vietnam,2017-05-27,GST_STANDARD,Box,True,True,"connected network designed for home-office wireless coverage, in the lumen family and supplied by candle with a 24-month warranty."
PRD0010,Vela Pulse 109,Accessory,Vela,23.5,15.79,2015,12,0.213,SKU-VEL00010,Mobile Accessory,Nova,Blue,SUP010,Japan,2015-09-05,GST_STANDARD,Protective case,True,True,"mobile accessory designed for adjustable desk mounting and device positioning, in the nova family and supplied by vela with a 12-month warranty."
PRD0011,Candle Vista 110,Laptop,Candle,1900.95,1072.32,2014,24,1.704,SKU-CAN00011,Ultrabook,Orbit,Green,SUP011,Japan,2014-07-08,GST_STANDARD,Recycled box,True,True,"ultrabook designed for study, research and note taking, in the orbit family and supplied by candle with a 24-month warranty."
PRD0012,Vela Core 111,Smartphone,Vela,426.8,239.67,2017,24,0.247,SKU-VEL00012,5G Smartphone,Pulse,Gold,SUP012,Malaysia,2017-12-26,GST_STANDARD,Box,True,True,"5g smartphone designed for mobile photography and messaging, in the pulse family and supplied by vela with a 24-month warranty."
PRD0013,Candle Lumen 112,Tablet,Candle,1325.85,646.1,2015,24,0.66,SKU-CAN00013,Productivity Tablet,Quest,Red,SUP013,Malaysia,2015-11-15,GST_STANDARD,Box,True,True,"productivity tablet designed for portable media and video calls, in the quest family and supplied by candle with a 24-month warranty."
PRD0014,Vela Ridge 113,Home Entertainment,Vela,1339.17,983.21,2016,24,8.331,SKU-VEL00014,Smart Display,Ridge,Black,SUP014,Japan,2016-09-01,GST_STANDARD,Box,True,True,"smart display designed for music and spoken-content playback, in the ridge family and supplied by vela with a 24-month warranty."
PRD0015,Candle Arc 114,Audio,Candle,238.76,119.19,2014,12,0.612,SKU-CAN00015,Wireless Audio,Shift,Gold,SUP015,Vietnam,2014-03-24,GST_STANDARD,Protective case,False,True,"wireless audio designed for music during focused desk work, in the shift family and supplied by candle with a 12-month warranty."
PRD0016,Vela Echo 115,Smart Home,Vela,594.47,346.77,2014,12,0.341,SKU-VEL00016,Home Automation,Spark,Gold,SUP016,Australia,2014-01-01,GST_STANDARD,Box,True,True,"home automation designed for scheduled control of a household power outlet, in the spark family and supplied by vela with a 12-month warranty."
PRD0017,Candle Orbit 116,Gaming,Candle,1979.17,1149.19,2012,24,1.157,SKU-CAN00017,Gaming Hardware,Vista,Blue,SUP017,Korea,2012-09-16,GST_STANDARD,Protective case,False,True,"gaming hardware designed for casual games in a shared room, in the vista family and supplied by candle with a 24-month warranty."
PRD0018,Vela Spark 117,Wearable,Vela,1099.45,648.08,2015,12,0.12,SKU-VEL00018,Health Wearable,Wave,Red,SUP018,Vietnam,2015-08-14,GST_STANDARD,Protective case,True,True,"health wearable designed for walking and commute notifications, in the wave family and supplied by vela with a 12-month warranty."
PRD0019,Candle Bloom 118,Networking,Candle,1401.86,686.4,2013,24,0.714,SKU-CAN00019,Connected Network,Arc,Gold,SUP019,China,2013-02-16,GST_STANDARD,Protective case,True,True,"connected network designed for connecting several shared household devices, in the arc family and supplied by candle with a 24-month warranty."
PRD0020,Vela Halo 119,Accessory,Vela,47.5,33.73,2017,12,0.192,SKU-VEL00020,Mobile Accessory,Atlas,White,SUP020,Korea,2017-03-25,GST_STANDARD,Protective case,True,True,"mobile accessory designed for protective storage during travel, in the atlas family and supplied by vela with a 12-month warranty."
PRD0021,Candle Quest 120,Laptop,Candle,1347.38,915.34,2016,24,1.879,SKU-CAN00021,Ultrabook,Bloom,Graphite,SUP021,Malaysia,2016-06-11,GST_STANDARD,Box,True,True,"ultrabook designed for creative projects and media editing, in the bloom family and supplied by candle with a 24-month warranty."
PRD0022,Vela Wave 121,Smartphone,Vela,1480.38,738.61,2014,24,0.215,SKU-VEL00022,5G Smartphone,Core,Graphite,SUP022,Vietnam,2014-06-21,GST_STANDARD,Box,False,True,"5g smartphone designed for work calls and calendar management, in the core family and supplied by vela with a 24-month warranty."
PRD0023,Candle Edge 122,Tablet,Candle,688.53,517.09,2014,24,0.519,SKU-CAN00023,Productivity Tablet,Edge,Graphite,SUP023,Japan,2014-08-25,GST_STANDARD,Protective case,True,True,"productivity tablet designed for field forms and client presentations, in the edge family and supplied by candle with a 24-month warranty."
PRD0024,Vela Nova 123,Home Entertainment,Vela,2921.86,1754.03,2014,24,5.753,SKU-VEL00024,Smart Display,Echo,White,SUP024,Malaysia,2014-12-27,GST_STANDARD,Recycled box,True,True,"smart display designed for family media streaming, in the echo family and supplied by vela with a 24-month warranty."
PRD0025,Candle Shift 124,Audio,Candle,644.26,333.23,2013,12,0.627,SKU-CAN00025,Wireless Audio,Flux,Graphite,SUP025,Australia,2013-06-07,GST_STANDARD,Box,False,True,"wireless audio designed for video calls and online classes, in the flux family and supplied by candle with a 12-month warranty."
PRD0026,Vela Atlas 125,Smart Home,Vela,760.37,542.72,2015,12,0.467,SKU-VEL00026,Home Automation,Halo,Black,SUP026,Malaysia,2015-06-06,GST_STANDARD,Recycled box,True,True,"home automation designed for indoor temperature and humidity monitoring, in the halo family and supplied by vela with a 12-month warranty."
PRD0027,Candle Flux 126,Gaming,Candle,431.75,261.77,2016,24,1.041,SKU-CAN00027,Gaming Hardware,Lumen,Graphite,SUP027,Korea,2016-02-17,GST_STANDARD,Recycled box,True,True,"gaming hardware designed for competitive play and voice communication, in the lumen family and supplied by candle with a 24-month warranty."
PRD0028,Vela Pulse 127,Wearable,Vela,855.88,528.06,2012,12,0.108,SKU-VEL00028,Health Wearable,Nova,Green,SUP028,Vietnam,2012-11-07,GST_STANDARD,Protective case,False,True,"health wearable designed for exercise session summaries, in the nova family and supplied by vela with a 12-month warranty."
PRD0029,Candle Vista 128,Networking,Candle,1303.04,709.03,2017,24,0.794,SKU-CAN00029,Connected Network,Orbit,Red,SUP029,China,2017-06-07,GST_STANDARD,Box,True,True,"connected network designed for video meetings and media streaming, in the orbit family and supplied by candle with a 24-month warranty."
PRD0030,Vela Core 129,Accessory,Vela,405.09,300.17,2013,12,0.246,SKU-VEL00030,Mobile Accessory,Pulse,Silver,SUP030,China,2013-10-22,GST_STANDARD,Recycled box,True,True,"mobile accessory designed for charging-cable organisation, in the pulse family and supplied by vela with a 12-month warranty."
PRD0031,Candle Lumen 130,Laptop,Candle,1902.42,1056.1,2015,24,1.398,SKU-CAN00031,Ultrabook,Quest,Red,SUP031,Japan,2015-09-10,GST_STANDARD,Box,False,True,"ultrabook designed for shared home-office administration, in the quest family and supplied by candle with a 24-month warranty."
PRD0032,Vela Ridge 131,Smartphone,Vela,1124.96,753.77,2013,24,0.241,SKU-VEL00032,5G Smartphone,Ridge,Red,SUP032,Australia,2013-09-19,GST_STANDARD,Protective case,True,True,"5g smartphone designed for travel planning and media use, in the ridge family and supplied by vela with a 24-month warranty."
PRD0033,Candle Arc 132,Tablet,Candle,822.86,584.76,2013,24,0.587,SKU-CAN00033,Productivity Tablet,Shift,Green,SUP033,Vietnam,2013-02-18,GST_STANDARD,Recycled box,True,True,"productivity tablet designed for family learning and shared browsing, in the shift family and supplied by candle with a 24-month warranty."
PRD0034,Vela Echo 133,Home Entertainment,Vela,780.7,587.18,2014,24,8.347,SKU-VEL00034,Smart Display,Spark,White,SUP034,Vietnam,2014-09-04,GST_STANDARD,Recycled box,True,True,"smart display designed for casual living-room gaming, in the spark family and supplied by vela with a 24-month warranty."
PRD0035,Candle Orbit 134,Audio,Candle,879.72,488.44,2017,12,0.534,SKU-CAN00035,Wireless Audio,Vista,Blue,SUP035,China,2017-12-07,GST_STANDARD,Box,True,True,"wireless audio designed for shared-room music playback, in the vista family and supplied by candle with a 12-month warranty."
PRD0036,Vela Spark 135,Smart Home,Vela,355.76,233.83,2014,12,0.447,SKU-VEL00036,Home Automation,Wave,Black,SUP036,Japan,2014-06-19,GST_STANDARD,Box,True,True,"home automation designed for door and window activity alerts, in the wave family and supplied by vela with a 12-month warranty."
PRD0037,Candle Bloom 136,Gaming,Candle,2028.72,1169.61,2014,24,1.531,SKU-CAN00037,Gaming Hardware,Arc,Red,SUP037,Malaysia,2014-12-10,GST_STANDARD,Recycled box,True,True,"gaming hardware designed for portable gaming and travel, in the arc family and supplied by candle with a 24-month warranty."
PRD0038,Vela Halo 137,Wearable,Vela,769.34,583.52,2014,12,0.14,SKU-VEL00038,Health Wearable,Atlas,White,SUP001,Vietnam,2014-12-02,GST_STANDARD,Recycled box,True,True,"health wearable designed for calendar alerts and quick message checks, in the atlas family and supplied by vela with a 12-month warranty."
PRD0039,Candle Quest 138,Networking,Candle,150.51,105.27,2016,24,0.662,SKU-CAN00039,Connected Network,Bloom,White,SUP002,Vietnam,2016-12-10,GST_STANDARD,Recycled box,True,True,"connected network designed for guest-network and device management, in the bloom family and supplied by candle with a 24-month warranty."
PRD0040,Vela Wave 139,Accessory,Vela,283.76,195.23,2015,12,0.202,SKU-VEL00040,Mobile Accessory,Core,Blue,SUP003,China,2015-03-07,GST_STANDARD,Box,False,True,"mobile accessory designed for connecting several devices through one compact adapter, in the core family and supplied by vela with a 12-month warranty."
PRD0041,Candle Edge 140,Laptop,Candle,2661.08,1556.74,2015,24,2.009,SKU-CAN00041,Ultrabook,Edge,White,SUP004,China,2015-09-24,GST_STANDARD,Recycled box,True,True,"ultrabook designed for travel-based work and presentations, in the edge family and supplied by candle with a 24-month warranty."
PRD0042,Vela Nova 141,Smartphone,Vela,1480.28,861.58,2015,24,0.264,SKU-VEL00042,5G Smartphone,Echo,Red,SUP005,Australia,2015-08-07,GST_STANDARD,Recycled box,True,True,"5g smartphone designed for family communication and casual apps, in the echo family and supplied by vela with a 24-month warranty."
PRD0043,Candle Shift 142,Tablet,Candle,1338.85,985.41,2013,24,0.678,SKU-CAN00043,Productivity Tablet,Flux,Green,SUP006,Japan,2013-10-26,GST_STANDARD,Protective case,True,True,"productivity tablet designed for drawing and lightweight creative work, in the flux family and supplied by candle with a 24-month warranty."
PRD0044,Vela Atlas 143,Home Entertainment,Vela,2873.6,1835.17,2016,24,9.101,SKU-VEL00044,Smart Display,Halo,Black,SUP007,Korea,2016-11-19,GST_STANDARD,Box,True,True,"smart display designed for presentations and photo viewing, in the halo family and supplied by vela with a 24-month warranty."
PRD0045,Candle Flux 144,Audio,Candle,180.47,117.13,2014,12,0.511,SKU-CAN00045,Wireless Audio,Lumen,White,SUP008,Korea,2014-05-24,GST_STANDARD,Box,True,True,"wireless audio designed for long listening sessions at home, in the lumen family and supplied by candle with a 12-month warranty."
PRD0046,Vela Pulse 145,Smart Home,Vela,822.45,463.27,2014,12,0.313,SKU-VEL00046,Home Automation,Nova,Green,SUP009,Korea,2014-09-16,GST_STANDARD,Box,True,True,"home automation designed for automated blind and curtain routines, in the nova family and supplied by vela with a 12-month warranty."
PRD0047,Candle Vista 146,Gaming,Candle,64.28,31.07,2015,24,1.584,SKU-CAN00047,Gaming Hardware,Orbit,White,SUP010,Malaysia,2015-06-10,GST_STANDARD,Box,False,True,"gaming hardware designed for game streaming and media capture, in the orbit family and supplied by candle with a 24-month warranty."
PRD0048,Vela Core 147,Wearable,Vela,165.15,114.56,2012,12,0.088,SKU-VEL00048,Health Wearable,Pulse,Gold,SUP011,China,2012-07-16,GST_STANDARD,Recycled box,True,True,"health wearable designed for habit reminders and everyday timekeeping, in the pulse family and supplied by vela with a 12-month warranty."
PRD0049,Candle Lumen 148,Networking,Candle,740.34,414.41,2017,24,0.61,SKU-CAN00049,Connected Network,Quest,White,SUP012,China,2017-06-09,GST_STANDARD,Box,False,True,"connected network designed for extending coverage between rooms, in the quest family and supplied by candle with a 24-month warranty."
PRD0050,Vela Ridge 149,Accessory,Vela,191.67,118.19,2015,12,0.219,SKU-VEL00050,Mobile Accessory,Ridge,Red,SUP013,China,2015-02-01,GST_STANDARD,Protective case,True,True,"mobile accessory designed for hands-free device support in a shared workspace, in the ridge family and supplied by vela with a 12-month warranty."
PRD0051,Candle Arc 150,Laptop,Candle,2305.52,1693.92,2013,24,1.702,SKU-CAN00051,Ultrabook,Shift,Silver,SUP014,Australia,2013-05-06,GST_STANDARD,Protective case,False,True,"ultrabook designed for portable document work and video meetings, in the shift family and supplied by candle with a 24-month warranty."
PRD0052,Vela Echo 151,Smartphone,Vela,1015.78,534.5,2013,24,0.207,SKU-VEL00052,5G Smartphone,Spark,Silver,SUP015,Vietnam,2013-03-16,GST_STANDARD,Protective case,True,True,"5g smartphone designed for daily communication and navigation, in the spark family and supplied by vela with a 24-month warranty."
PRD0053,Candle Orbit 152,Tablet,Candle,1237.48,930.45,2015,24,0.554,SKU-CAN00053,Productivity Tablet,Vista,Green,SUP016,Japan,2015-03-02,GST_STANDARD,Protective case,True,True,"productivity tablet designed for reading, annotation and handwritten notes, in the vista family and supplied by candle with a 24-month warranty."
PRD0054,Vela Spark 153,Home Entertainment,Vela,4096.4,2090.54,2017,24,9.654,SKU-VEL00054,Smart Display,Wave,Gold,SUP017,Australia,2017-10-26,GST_STANDARD,Recycled box,True,True,"smart display designed for shared film and television viewing, in the wave family and supplied by vela with a 24-month warranty."
PRD0055,Candle Bloom 154,Audio,Candle,706.09,354.86,2012,12,0.639,SKU-CAN00055,Wireless Audio,Arc,Silver,SUP018,Australia,2012-06-12,GST_STANDARD,Protective case,False,True,"wireless audio designed for commuting and spoken-content listening, in the arc family and supplied by candle with a 12-month warranty."
PRD0056,Vela Halo 155,Smart Home,Vela,258.5,150.24,2014,12,0.435,SKU-VEL00056,Home Automation,Atlas,Blue,SUP019,Korea,2014-11-20,GST_STANDARD,Protective case,True,True,"home automation designed for app-controlled room lighting, in the atlas family and supplied by vela with a 12-month warranty."
PRD0057,Candle Quest 156,Gaming,Candle,1785.63,967.34,2013,24,1.395,SKU-CAN00057,Gaming Hardware,Bloom,Graphite,SUP020,Korea,2013-04-12,GST_STANDARD,Protective case,True,True,"gaming hardware designed for long desktop gaming sessions, in the bloom family and supplied by candle with a 24-month warranty."
PRD0058,Vela Wave 157,Wearable,Vela,243.69,125.06,2012,12,0.156,SKU-VEL00058,Health Wearable,Core,Green,SUP021,Korea,2012-10-22,GST_STANDARD,Protective case,False,True,"health wearable designed for daily activity and sleep tracking, in the core family and supplied by vela with a 12-month warranty."
PRD0059,Candle Edge 158,Networking,Candle,602.47,320.82,2012,24,0.831,SKU-CAN00059,Connected Network,Edge,Red,SUP022,Japan,2012-06-04,GST_STANDARD,Recycled box,True,True,"connected network designed for home-office wireless coverage, in the edge family and supplied by candle with a 24-month warranty."
PRD0060,Vela Nova 159,Accessory,Vela,170.83,108.08,2015,12,0.202,SKU-VEL00060,Mobile Accessory,Echo,Blue,SUP023,Australia,2015-05-05,GST_STANDARD,Recycled box,False,True,"mobile accessory designed for adjustable desk mounting and device positioning, in the echo family and supplied by vela with a 12-month warranty."
PRD0061,Candle Shift 160,Laptop,Candle,1754.84,1269.69,2012,24,1.336,SKU-CAN00061,Ultrabook,Flux,Gold,SUP024,Australia,2012-07-13,GST_STANDARD,Protective case,True,True,"ultrabook designed for study, research and note taking, in the flux family and supplied by candle with a 24-month warranty."
PRD0062,Vela Atlas 161,Smartphone,Vela,685.19,437.02,2012,24,0.229,SKU-VEL00062,5G Smartphone,Halo,Gold,SUP025,Australia,2012-12-13,GST_STANDARD,Protective case,False,True,"5g smartphone designed for mobile photography and messaging, in the halo family and supplied by vela with a 24-month warranty."
PRD0063,Candle Flux 162,Tablet,Candle,1165.11,662.56,2016,24,0.489,SKU-CAN00063,Productivity Tablet,Lumen,Red,SUP026,Japan,2016-02-26,GST_STANDARD,Protective case,False,True,"productivity tablet designed for portable media and video calls, in the lumen family and supplied by candle with a 24-month warranty."
PRD0064,Vela Pulse 163,Home Entertainment,Vela,3541.77,2618.29,2014,24,8.757,SKU-VEL00064,Smart Display,Nova,White,SUP027,Japan,2014-10-24,GST_STANDARD,Box,True,True,"smart display designed for music and spoken-content playback, in the nova family and supplied by vela with a 24-month warranty."
PRD0065,Candle Vista 164,Audio,Candle,1196.5,579.24,2014,12,0.473,SKU-CAN00065,Wireless Audio,Orbit,Blue,SUP028,Malaysia,2014-04-06,GST_STANDARD,Protective case,False,True,"wireless audio designed for music during focused desk work, in the orbit family and supplied by candle with a 12-month warranty."
PRD0066,Vela Core 165,Smart Home,Vela,291.03,220.22,2013,12,0.409,SKU-VEL00066,Home Automation,Pulse,Blue,SUP029,Australia,2013-03-16,GST_STANDARD,Box,True,True,"home automation designed for scheduled control of a household power outlet, in the pulse family and supplied by vela with a 12-month warranty."
PRD0067,Candle Lumen 166,Gaming,Candle,374.02,211.63,2012,24,1.521,SKU-CAN00067,Gaming Hardware,Quest,Green,SUP030,Japan,2012-05-17,GST_STANDARD,Protective case,True,True,"gaming hardware designed for casual games in a shared room, in the quest family and supplied by candle with a 24-month warranty."
PRD0068,Vela Ridge 167,Wearable,Vela,316.68,234.68,2015,12,0.127,SKU-VEL00068,Health Wearable,Ridge,Black,SUP031,Korea,2015-06-24,GST_STANDARD,Protective case,True,True,"health wearable designed for walking and commute notifications, in the ridge family and supplied by vela with a 12-month warranty."
PRD0069,Candle Arc 168,Networking,Candle,402.1,207.95,2016,24,0.871,SKU-CAN00069,Connected Network,Shift,Red,SUP032,China,2016-05-08,GST_STANDARD,Box,False,True,"connected network designed for connecting several shared household devices, in the shift family and supplied by candle with a 24-month warranty."
PRD0070,Vela Echo 169,Accessory,Vela,257.34,195.29,2016,12,0.247,SKU-VEL00070,Mobile Accessory,Spark,White,SUP033,Vietnam,2016-10-14,GST_STANDARD,Protective case,False,True,"mobile accessory designed for protective storage during travel, in the spark family and supplied by vela with a 12-month warranty."
PRD0071,Candle Orbit 170,Laptop,Candle,2671.31,1841.84,2013,24,2.069,SKU-CAN00071,Ultrabook,Vista,Blue,SUP034,Malaysia,2013-02-08,GST_STANDARD,Box,False,True,"ultrabook designed for creative projects and media editing, in the vista family and supplied by candle with a 24-month warranty."
PRD0072,Vela Spark 171,Smartphone,Vela,1642.51,1047.51,2012,24,0.241,SKU-VEL00072,5G Smartphone,Wave,Silver,SUP035,Korea,2012-09-26,GST_STANDARD,Box,True,False,"5g smartphone designed for work calls and calendar management, in the wave family and supplied by vela with a 24-month warranty."
PRD0073,Candle Bloom 172,Tablet,Candle,900.89,565.88,2012,24,0.542,SKU-CAN00073,Productivity Tablet,Arc,Green,SUP036,Korea,2012-03-22,GST_STANDARD,Protective case,True,True,"productivity tablet designed for field forms and client presentations, in the arc family and supplied by candle with a 24-month warranty."
PRD0074,Vela Halo 173,Home Entertainment,Vela,3772.69,2432.52,2014,24,7.889,SKU-VEL00074,Smart Display,Atlas,Black,SUP037,China,2014-11-17,GST_STANDARD,Recycled box,True,True,"smart display designed for family media streaming, in the atlas family and supplied by vela with a 24-month warranty."
PRD0075,Candle Quest 174,Audio,Candle,155.15,79.49,2017,12,0.628,SKU-CAN00075,Wireless Audio,Bloom,Black,SUP001,Malaysia,2017-04-16,GST_STANDARD,Box,True,True,"wireless audio designed for video calls and online classes, in the bloom family and supplied by candle with a 12-month warranty."
PRD0076,Vela Wave 175,Smart Home,Vela,705.93,424.01,2012,12,0.415,SKU-VEL00076,Home Automation,Core,Blue,SUP002,China,2012-05-25,GST_STANDARD,Box,True,True,"home automation designed for indoor temperature and humidity monitoring, in the core family and supplied by vela with a 12-month warranty."
PRD0077,Candle Edge 176,Gaming,Candle,2379.38,1413.05,2016,24,0.894,SKU-CAN00077,Gaming Hardware,Edge,Blue,SUP003,Australia,2016-06-18,GST_STANDARD,Protective case,True,True,"gaming hardware designed for competitive play and voice communication, in the edge family and supplied by candle with a 24-month warranty."
PRD0078,Vela Nova 177,Wearable,Vela,280.55,149.62,2016,12,0.132,SKU-VEL00078,Health Wearable,Echo,Silver,SUP004,China,2016-10-04,GST_STANDARD,Recycled box,True,True,"health wearable designed for exercise session summaries, in the echo family and supplied by vela with a 12-month warranty."
PRD0079,Candle Shift 178,Networking,Candle,211.65,118.84,2013,24,0.823,SKU-CAN00079,Connected Network,Flux,Silver,SUP005,Vietnam,2013-01-10,GST_STANDARD,Protective case,True,True,"connected network designed for video meetings and media streaming, in the flux family and supplied by candle with a 24-month warranty."
PRD0080,Vela Atlas 179,Accessory,Vela,60.33,31.79,2012,12,0.202,SKU-VEL00080,Mobile Accessory,Halo,Graphite,SUP006,Korea,2012-09-11,GST_STANDARD,Box,True,True,"mobile accessory designed for charging-cable organisation, in the halo family and supplied by vela with a 12-month warranty."
PRD0081,Candle Flux 180,Laptop,Candle,3046.5,1549.79,2015,24,1.346,SKU-CAN00081,Ultrabook,Lumen,Gold,SUP007,Korea,2015-01-11,GST_STANDARD,Box,False,True,"ultrabook designed for shared home-office administration, in the lumen family and supplied by candle with a 24-month warranty."
PRD0082,Vela Pulse 181,Smartphone,Vela,1101.3,550.66,2012,24,0.178,SKU-VEL00082,5G Smartphone,Nova,Black,SUP008,Vietnam,2012-03-20,GST_STANDARD,Box,True,True,"5g smartphone designed for travel planning and media use, in the nova family and supplied by vela with a 24-month warranty."
PRD0083,Candle Vista 182,Tablet,Candle,558.55,337.02,2016,24,0.764,SKU-CAN00083,Productivity Tablet,Orbit,Silver,SUP009,Korea,2016-07-25,GST_STANDARD,Protective case,False,True,"productivity tablet designed for family learning and shared browsing, in the orbit family and supplied by candle with a 24-month warranty."
PRD0084,Vela Core 183,Home Entertainment,Vela,3804.86,2013.03,2015,24,7.486,SKU-VEL00084,Smart Display,Pulse,Red,SUP010,Japan,2015-01-03,GST_STANDARD,Protective case,True,True,"smart display designed for casual living-room gaming, in the pulse family and supplied by vela with a 24-month warranty."
PRD0085,Candle Lumen 184,Audio,Candle,238.64,133.18,2016,12,0.349,SKU-CAN00085,Wireless Audio,Quest,White,SUP011,Japan,2016-10-10,GST_STANDARD,Protective case,False,True,"wireless audio designed for shared-room music playback, in the quest family and supplied by candle with a 12-month warranty."
PRD0086,Vela Ridge 185,Smart Home,Vela,669.12,353.36,2017,12,0.337,SKU-VEL00086,Home Automation,Ridge,Green,SUP012,Korea,2017-04-12,GST_STANDARD,Box,True,True,"home automation designed for door and window activity alerts, in the ridge family and supplied by vela with a 12-month warranty."
PRD0087,Candle Arc 186,Gaming,Candle,2316.68,1403.71,2017,24,1.082,SKU-CAN00087,Gaming Hardware,Shift,Black,SUP013,China,2017-08-16,GST_STANDARD,Protective case,True,True,"gaming hardware designed for portable gaming and travel, in the shift family and supplied by candle with a 24-month warranty."
PRD0088,Vela Echo 187,Wearable,Vela,466.29,232.22,2014,12,0.133,SKU-VEL00088,Health Wearable,Spark,Graphite,SUP014,Vietnam,2014-05-18,GST_STANDARD,Box,True,True,"health wearable designed for calendar alerts and quick message checks, in the spark family and supplied by vela with a 12-month warranty."
PRD0089,Candle Orbit 188,Networking,Candle,739.15,389.7,2015,24,0.626,SKU-CAN00089,Connected Network,Vista,Silver,SUP015,Malaysia,2015-03-05,GST_STANDARD,Recycled box,True,True,"connected network designed for guest-network and device management, in the vista family and supplied by candle with a 24-month warranty."
PRD0090,Vela Spark 189,Accessory,Vela,99.88,50.34,2014,12,0.187,SKU-VEL00090,Mobile Accessory,Wave,Black,SUP016,Australia,2014-12-18,GST_STANDARD,Protective case,True,True,"mobile accessory designed for connecting several devices through one compact adapter, in the wave family and supplied by vela with a 12-month warranty."
PRD0091,Candle Bloom 190,Laptop,Candle,2264.24,1279.17,2016,24,1.086,SKU-CAN00091,Ultrabook,Arc,Red,SUP017,Vietnam,2016-02-03,GST_STANDARD,Recycled box,True,True,"ultrabook designed for travel-based work and presentations, in the arc family and supplied by candle with a 24-month warranty."
PRD0092,Vela Halo 191,Smartphone,Vela,370.43,202.51,2016,24,0.289,SKU-VEL00092,5G Smartphone,Atlas,Graphite,SUP018,Korea,2016-12-11,GST_STANDARD,Recycled box,True,True,"5g smartphone designed for family communication and casual apps, in the atlas family and supplied by vela with a 24-month warranty."
PRD0093,Candle Quest 192,Tablet,Candle,1330.98,870.35,2016,24,0.605,SKU-CAN00093,Productivity Tablet,Bloom,Blue,SUP019,Japan,2016-11-06,GST_STANDARD,Recycled box,True,True,"productivity tablet designed for drawing and lightweight creative work, in the bloom family and supplied by candle with a 24-month warranty."
PRD0094,Vela Wave 193,Home Entertainment,Vela,3733.59,2797.97,2012,24,8.326,SKU-VEL00094,Smart Display,Core,Graphite,SUP020,Japan,2012-08-20,GST_STANDARD,Box,False,True,"smart display designed for presentations and photo viewing, in the core family and supplied by vela with a 24-month warranty."
PRD0095,Candle Edge 194,Audio,Candle,699.82,515.29,2012,12,0.394,SKU-CAN00095,Wireless Audio,Edge,Red,SUP021,Malaysia,2012-03-27,GST_STANDARD,Box,True,True,"wireless audio designed for long listening sessions at home, in the edge family and supplied by candle with a 12-month warranty."
PRD0096,Vela Nova 195,Smart Home,Vela,569.77,427.49,2016,12,0.355,SKU-VEL00096,Home Automation,Echo,White,SUP022,Japan,2016-10-25,GST_STANDARD,Box,True,True,"home automation designed for automated blind and curtain routines, in the echo family and supplied by vela with a 12-month warranty."
PRD0097,Candle Shift 196,Gaming,Candle,2083.5,1491.11,2012,24,1.198,SKU-CAN00097,Gaming Hardware,Flux,Black,SUP023,Australia,2012-04-05,GST_STANDARD,Box,True,True,"gaming hardware designed for game streaming and media capture, in the flux family and supplied by candle with a 24-month warranty."
PRD0098,Vela Atlas 197,Wearable,Vela,560.95,417.35,2012,12,0.122,SKU-VEL00098,Health Wearable,Halo,Green,SUP024,Malaysia,2012-01-22,GST_STANDARD,Recycled box,False,True,"health wearable designed for habit reminders and everyday timekeeping, in the halo family and supplied by vela with a 12-month warranty."
PRD0099,Candle Flux 198,Networking,Candle,1406.39,709.09,2013,24,0.721,SKU-CAN00099,Connected Network,Lumen,Gold,SUP025,China,2013-02-03,GST_STANDARD,Box,True,True,"connected network designed for extending coverage between rooms, in the lumen family and supplied by candle with a 24-month warranty."
PRD0100,Vela Pulse 199,Accessory,Vela,400.25,266.93,2017,12,0.248,SKU-VEL00100,Mobile Accessory,Nova,Silver,SUP026,Vietnam,2017-03-06,GST_STANDARD,Box,False,True,"mobile accessory designed for hands-free device support in a shared workspace, in the nova family and supplied by vela with a 12-month warranty."
PRD0101,Candle Vista 200,Laptop,Candle,1151.85,816.21,2016,24,1.349,SKU-CAN00101,Ultrabook,Orbit,Black,SUP027,Korea,2016-06-09,GST_STANDARD,Recycled box,True,True,"ultrabook designed for portable document work and video meetings, in the orbit family and supplied by candle with a 24-month warranty."
PRD0102,Vela Core 201,Smartphone,Vela,581.67,367.17,2015,24,0.19,SKU-VEL00102,5G Smartphone,Pulse,Green,SUP028,Vietnam,2015-12-14,GST_STANDARD,Recycled box,True,False,"5g smartphone designed for daily communication and navigation, in the pulse family and supplied by vela with a 24-month warranty."
PRD0103,Candle Lumen 202,Tablet,Candle,421.42,302.83,2013,24,0.481,SKU-CAN00103,Productivity Tablet,Quest,Black,SUP029,Korea,2013-01-13,GST_STANDARD,Protective case,True,True,"productivity tablet designed for reading, annotation and handwritten notes, in the quest family and supplied by candle with a 24-month warranty."
PRD0104,Vela Ridge 203,Home Entertainment,Vela,2802.96,2047.72,2013,24,8.313,SKU-VEL00104,Smart Display,Ridge,Blue,SUP030,Malaysia,2013-04-08,GST_STANDARD,Box,True,True,"smart display designed for shared film and television viewing, in the ridge family and supplied by vela with a 24-month warranty."
PRD0105,Candle Arc 204,Audio,Candle,325.21,157.19,2016,12,0.591,SKU-CAN00105,Wireless Audio,Shift,Gold,SUP031,Australia,2016-09-27,GST_STANDARD,Recycled box,False,True,"wireless audio designed for commuting and spoken-content listening, in the shift family and supplied by candle with a 12-month warranty."
PRD0106,Vela Echo 205,Smart Home,Vela,385.13,187.39,2017,12,0.443,SKU-VEL00106,Home Automation,Spark,Blue,SUP032,Malaysia,2017-03-17,GST_STANDARD,Box,True,True,"home automation designed for app-controlled room lighting, in the spark family and supplied by vela with a 12-month warranty."
PRD0107,Candle Orbit 206,Gaming,Candle,1601.0,1037.56,2012,24,1.379,SKU-CAN00107,Gaming Hardware,Vista,Red,SUP033,China,2012-09-04,GST_STANDARD,Protective case,True,True,"gaming hardware designed for long desktop gaming sessions, in the vista family and supplied by candle with a 24-month warranty."
PRD0108,Vela Spark 207,Wearable,Vela,323.48,235.99,2013,12,0.157,SKU-VEL00108,Health Wearable,Wave,Gold,SUP034,Vietnam,2013-03-15,GST_STANDARD,Protective case,True,True,"health wearable designed for daily activity and sleep tracking, in the wave family and supplied by vela with a 12-month warranty."
PRD0109,Candle Bloom 208,Networking,Candle,429.51,241.25,2013,24,0.567,SKU-CAN00109,Connected Network,Arc,White,SUP035,Korea,2013-07-22,GST_STANDARD,Protective case,False,True,"connected network designed for home-office wireless coverage, in the arc family and supplied by candle with a 24-month warranty."
PRD0110,Vela Halo 209,Accessory,Vela,113.31,62.38,2017,12,0.199,SKU-VEL00110,Mobile Accessory,Atlas,Gold,SUP036,Australia,2017-11-24,GST_STANDARD,Box,True,True,"mobile accessory designed for adjustable desk mounting and device positioning, in the atlas family and supplied by vela with a 12-month warranty."
PRD0111,Candle Quest 210,Laptop,Candle,2798.27,1969.45,2012,24,1.191,SKU-CAN00111,Ultrabook,Bloom,White,SUP037,China,2012-03-11,GST_STANDARD,Protective case,True,True,"ultrabook designed for study, research and note taking, in the bloom family and supplied by candle with a 24-month warranty."
PRD0112,Vela Wave 211,Smartphone,Vela,387.62,260.07,2014,24,0.245,SKU-VEL00112,5G Smartphone,Core,Black,SUP001,Japan,2014-07-03,GST_STANDARD,Box,True,True,"5g smartphone designed for mobile photography and messaging, in the core family and supplied by vela with a 24-month warranty."
PRD0113,Candle Edge 212,Tablet,Candle,795.05,555.77,2015,24,0.513,SKU-CAN00113,Productivity Tablet,Edge,Green,SUP002,Malaysia,2015-08-22,GST_STANDARD,Box,True,True,"productivity tablet designed for portable media and video calls, in the edge family and supplied by candle with a 24-month warranty."
PRD0114,Vela Nova 213,Home Entertainment,Vela,3925.54,2073.28,2015,24,7.718,SKU-VEL00114,Smart Display,Echo,Green,SUP003,China,2015-07-06,GST_STANDARD,Protective case,True,True,"smart display designed for music and spoken-content playback, in the echo family and supplied by vela with a 24-month warranty."
PRD0115,Candle Shift 214,Audio,Candle,855.33,620.66,2017,12,0.582,SKU-CAN00115,Wireless Audio,Flux,White,SUP004,China,2017-12-12,GST_STANDARD,Recycled box,True,True,"wireless audio designed for music during focused desk work, in the flux family and supplied by candle with a 12-month warranty."
PRD0116,Vela Atlas 215,Smart Home,Vela,295.88,219.23,2016,12,0.494,SKU-VEL00116,Home Automation,Halo,Red,SUP005,China,2016-06-08,GST_STANDARD,Box,True,True,"home automation designed for scheduled control of a household power outlet, in the halo family and supplied by vela with a 12-month warranty."
PRD0117,Candle Flux 216,Gaming,Candle,1297.02,943.59,2014,24,1.393,SKU-CAN00117,Gaming Hardware,Lumen,Black,SUP006,Korea,2014-08-14,GST_STANDARD,Protective case,False,True,"gaming hardware designed for casual games in a shared room, in the lumen family and supplied by candle with a 24-month warranty."
PRD0118,Vela Pulse 217,Wearable,Vela,148.01,95.01,2016,12,0.129,SKU-VEL00118,Health Wearable,Nova,Graphite,SUP007,Vietnam,2016-03-05,GST_STANDARD,Protective case,True,True,"health wearable designed for walking and commute notifications, in the nova family and supplied by vela with a 12-month warranty."
PRD0119,Candle Vista 218,Networking,Candle,1161.39,697.05,2016,24,0.583,SKU-CAN00119,Connected Network,Orbit,Red,SUP008,Vietnam,2016-02-04,GST_STANDARD,Box,True,False,"connected network designed for connecting several shared household devices, in the orbit family and supplied by candle with a 24-month warranty."
PRD0120,Vela Core 219,Accessory,Vela,348.09,194.04,2013,12,0.203,SKU-VEL00120,Mobile Accessory,Pulse,White,SUP009,Malaysia,2013-12-12,GST_STANDARD,Box,True,True,"mobile accessory designed for protective storage during travel, in the pulse family and supplied by vela with a 12-month warranty."
PRD0121,Candle Lumen 220,Laptop,Candle,3142.89,2000.28,2016,24,1.112,SKU-CAN00121,Ultrabook,Quest,Blue,SUP010,Japan,2016-03-17,GST_STANDARD,Box,True,True,"ultrabook designed for creative projects and media editing, in the quest family and supplied by candle with a 24-month warranty."
PRD0122,Vela Ridge 221,Smartphone,Vela,674.12,443.37,2015,24,0.232,SKU-VEL00122,5G Smartphone,Ridge,Green,SUP011,Australia,2015-04-20,GST_STANDARD,Recycled box,True,True,"5g smartphone designed for work calls and calendar management, in the ridge family and supplied by vela with a 24-month warranty."
PRD0123,Candle Arc 222,Tablet,Candle,1499.49,982.16,2017,24,0.731,SKU-CAN00123,Productivity Tablet,Shift,Black,SUP012,Malaysia,2017-06-20,GST_STANDARD,Box,True,True,"productivity tablet designed for field forms and client presentations, in the shift family and supplied by candle with a 24-month warranty."
PRD0124,Vela Echo 223,Home Entertainment,Vela,1400.78,838.01,2017,24,8.17,SKU-VEL00124,Smart Display,Spark,White,SUP013,Korea,2017-04-21,GST_STANDARD,Box,True,True,"smart display designed for family media streaming, in the spark family and supplied by vela with a 24-month warranty."
PRD0125,Candle Orbit 224,Audio,Candle,1104.8,775.78,2012,12,0.481,SKU-CAN00125,Wireless Audio,Vista,Red,SUP014,Australia,2012-08-15,GST_STANDARD,Recycled box,True,True,"wireless audio designed for video calls and online classes, in the vista family and supplied by candle with a 12-month warranty."
PRD0126,Vela Spark 225,Smart Home,Vela,464.05,275.98,2012,12,0.401,SKU-VEL00126,Home Automation,Wave,Red,SUP015,Vietnam,2012-09-21,GST_STANDARD,Protective case,False,True,"home automation designed for indoor temperature and humidity monitoring, in the wave family and supplied by vela with a 12-month warranty."
PRD0127,Candle Bloom 226,Gaming,Candle,599.05,368.01,2014,24,1.544,SKU-CAN00127,Gaming Hardware,Arc,Red,SUP016,China,2014-02-05,GST_STANDARD,Recycled box,False,True,"gaming hardware designed for competitive play and voice communication, in the arc family and supplied by candle with a 24-month warranty."
PRD0128,Vela Halo 227,Wearable,Vela,155.79,117.08,2014,12,0.134,SKU-VEL00128,Health Wearable,Atlas,Graphite,SUP017,Japan,2014-02-10,GST_STANDARD,Protective case,True,True,"health wearable designed for exercise session summaries, in the atlas family and supplied by vela with a 12-month warranty."
PRD0129,Candle Quest 228,Networking,Candle,349.4,221.72,2015,24,0.851,SKU-CAN00129,Connected Network,Bloom,Silver,SUP018,Vietnam,2015-09-13,GST_STANDARD,Protective case,True,True,"connected network designed for video meetings and media streaming, in the bloom family and supplied by candle with a 24-month warranty."
PRD0130,Vela Wave 229,Accessory,Vela,348.52,177.72,2014,12,0.248,SKU-VEL00130,Mobile Accessory,Core,Gold,SUP019,Japan,2014-01-15,GST_STANDARD,Box,True,True,"mobile accessory designed for charging-cable organisation, in the core family and supplied by vela with a 12-month warranty."
PRD0131,Candle Edge 230,Laptop,Candle,1311.04,903.78,2013,24,1.728,SKU-CAN00131,Ultrabook,Edge,Blue,SUP020,Japan,2013-08-23,GST_STANDARD,Protective case,True,True,"ultrabook designed for shared home-office administration, in the edge family and supplied by candle with a 24-month warranty."
PRD0132,Vela Nova 231,Smartphone,Vela,691.37,350.11,2016,24,0.199,SKU-VEL00132,5G Smartphone,Echo,Silver,SUP021,Malaysia,2016-07-25,GST_STANDARD,Protective case,True,True,"5g smartphone designed for travel planning and media use, in the echo family and supplied by vela with a 24-month warranty."
PRD0133,Candle Shift 232,Tablet,Candle,1145.34,831.6,2017,24,0.78,SKU-CAN00133,Productivity Tablet,Flux,Red,SUP022,Japan,2017-04-27,GST_STANDARD,Protective case,True,True,"productivity tablet designed for family learning and shared browsing, in the flux family and supplied by candle with a 24-month warranty."
PRD0134,Vela Atlas 233,Home Entertainment,Vela,3514.77,2356.29,2017,24,6.959,SKU-VEL00134,Smart Display,Halo,Silver,SUP023,Korea,2017-05-24,GST_STANDARD,Box,True,True,"smart display designed for casual living-room gaming, in the halo family and supplied by vela with a 24-month warranty."
PRD0135,Candle Flux 234,Audio,Candle,1040.75,774.29,2015,12,0.536,SKU-CAN00135,Wireless Audio,Lumen,Green,SUP024,Malaysia,2015-04-23,GST_STANDARD,Recycled box,True,False,"wireless audio designed for shared-room music playback, in the lumen family and supplied by candle with a 12-month warranty."
PRD0136,Vela Pulse 235,Smart Home,Vela,249.62,148.07,2014,12,0.284,SKU-VEL00136,Home Automation,Nova,Gold,SUP025,Malaysia,2014-10-05,GST_STANDARD,Protective case,True,True,"home automation designed for door and window activity alerts, in the nova family and supplied by vela with a 12-month warranty."
PRD0137,Candle Vista 236,Gaming,Candle,1155.19,641.31,2015,24,1.279,SKU-CAN00137,Gaming Hardware,Orbit,White,SUP026,Malaysia,2015-11-14,GST_STANDARD,Protective case,True,True,"gaming hardware designed for portable gaming and travel, in the orbit family and supplied by candle with a 24-month warranty."
PRD0138,Vela Core 237,Wearable,Vela,727.03,430.83,2017,12,0.15,SKU-VEL00138,Health Wearable,Pulse,Black,SUP027,Korea,2017-03-14,GST_STANDARD,Recycled box,False,True,"health wearable designed for calendar alerts and quick message checks, in the pulse family and supplied by vela with a 12-month warranty."
PRD0139,Candle Lumen 238,Networking,Candle,877.46,450.77,2015,24,0.84,SKU-CAN00139,Connected Network,Quest,Silver,SUP028,China,2015-05-06,GST_STANDARD,Box,True,True,"connected network designed for guest-network and device management, in the quest family and supplied by candle with a 24-month warranty."
PRD0140,Vela Ridge 239,Accessory,Vela,224.98,170.77,2014,12,0.164,SKU-VEL00140,Mobile Accessory,Ridge,Red,SUP029,Australia,2014-11-13,GST_STANDARD,Box,True,True,"mobile accessory designed for connecting several devices through one compact adapter, in the ridge family and supplied by vela with a 12-month warranty."
PRD0141,Candle Arc 240,Laptop,Candle,995.53,706.47,2013,24,2.009,SKU-CAN00141,Ultrabook,Shift,Silver,SUP030,Korea,2013-01-25,GST_STANDARD,Box,False,True,"ultrabook designed for travel-based work and presentations, in the shift family and supplied by candle with a 24-month warranty."
PRD0142,Vela Echo 241,Smartphone,Vela,1724.25,996.76,2014,24,0.219,SKU-VEL00142,5G Smartphone,Spark,White,SUP031,Korea,2014-08-13,GST_STANDARD,Box,True,True,"5g smartphone designed for family communication and casual apps, in the spark family and supplied by vela with a 24-month warranty."
PRD0143,Candle Orbit 242,Tablet,Candle,1276.25,739.07,2016,24,0.631,SKU-CAN00143,Productivity Tablet,Vista,Silver,SUP032,Japan,2016-01-02,GST_STANDARD,Recycled box,False,True,"productivity tablet designed for drawing and lightweight creative work, in the vista family and supplied by candle with a 24-month warranty."
PRD0144,Vela Spark 243,Home Entertainment,Vela,2170.55,1227.64,2015,24,7.371,SKU-VEL00144,Smart Display,Wave,Graphite,SUP033,Vietnam,2015-09-15,GST_STANDARD,Recycled box,False,True,"smart display designed for presentations and photo viewing, in the wave family and supplied by vela with a 24-month warranty."
PRD0145,Candle Bloom 244,Audio,Candle,672.85,410.65,2012,12,0.447,SKU-CAN00145,Wireless Audio,Arc,White,SUP034,Korea,2012-08-25,GST_STANDARD,Recycled box,True,True,"wireless audio designed for long listening sessions at home, in the arc family and supplied by candle with a 12-month warranty."
PRD0146,Vela Halo 245,Smart Home,Vela,510.27,327.41,2015,12,0.312,SKU-VEL00146,Home Automation,Atlas,Graphite,SUP035,Australia,2015-04-05,GST_STANDARD,Box,True,True,"home automation designed for automated blind and curtain routines, in the atlas family and supplied by vela with a 12-month warranty."
PRD0147,Candle Quest 246,Gaming,Candle,2453.24,1238.16,2016,24,1.447,SKU-CAN00147,Gaming Hardware,Bloom,Red,SUP036,Australia,2016-10-26,GST_STANDARD,Protective case,True,True,"gaming hardware designed for game streaming and media capture, in the bloom family and supplied by candle with a 24-month warranty."
PRD0148,Vela Wave 247,Wearable,Vela,1047.53,687.25,2017,12,0.138,SKU-VEL00148,Health Wearable,Core,White,SUP037,Korea,2017-11-18,GST_STANDARD,Box,False,True,"health wearable designed for habit reminders and everyday timekeeping, in the core family and supplied by vela with a 12-month warranty."
PRD0149,Candle Edge 248,Networking,Candle,119.35,64.95,2015,24,0.646,SKU-CAN00149,Connected Network,Edge,White,SUP001,Australia,2015-06-07,GST_STANDARD,Box,True,True,"connected network designed for extending coverage between rooms, in the edge family and supplied by candle with a 24-month warranty."
PRD0150,Vela Nova 249,Accessory,Vela,189.45,142.78,2014,12,0.131,SKU-VEL00150,Mobile Accessory,Echo,Red,SUP002,Japan,2014-12-10,GST_STANDARD,Recycled box,True,True,"mobile accessory designed for hands-free device support in a shared workspace, in the echo family and supplied by vela with a 12-month warranty."
PRD0151,Candle Shift 250,Laptop,Candle,2367.77,1448.99,2013,24,1.941,SKU-CAN00151,Ultrabook,Flux,Graphite,SUP003,Vietnam,2013-02-21,GST_STANDARD,Protective case,True,True,"ultrabook designed for portable document work and video meetings, in the flux family and supplied by candle with a 24-month warranty."
PRD0152,Vela Atlas 251,Smartphone,Vela,528.88,392.8,2016,24,0.246,SKU-VEL00152,5G Smartphone,Halo,Gold,SUP004,Vietnam,2016-05-17,GST_STANDARD,Box,False,True,"5g smartphone designed for daily communication and navigation, in the halo family and supplied by vela with a 24-month warranty."
PRD0153,Candle Flux 252,Tablet,Candle,638.8,411.93,2014,24,0.783,SKU-CAN00153,Productivity Tablet,Lumen,Gold,SUP005,Japan,2014-12-04,GST_STANDARD,Protective case,True,False,"productivity tablet designed for reading, annotation and handwritten notes, in the lumen family and supplied by candle with a 24-month warranty."
PRD0154,Vela Pulse 253,Home Entertainment,Vela,1129.84,823.75,2012,24,6.124,SKU-VEL00154,Smart Display,Nova,Graphite,SUP006,China,2012-03-05,GST_STANDARD,Box,False,True,"smart display designed for shared film and television viewing, in the nova family and supplied by vela with a 24-month warranty."
PRD0155,Candle Vista 254,Audio,Candle,171.72,111.04,2017,12,0.387,SKU-CAN00155,Wireless Audio,Orbit,White,SUP007,Vietnam,2017-06-11,GST_STANDARD,Protective case,True,True,"wireless audio designed for commuting and spoken-content listening, in the orbit family and supplied by candle with a 12-month warranty."
PRD0156,Vela Core 255,Smart Home,Vela,400.24,257.34,2015,12,0.463,SKU-VEL00156,Home Automation,Pulse,Blue,SUP008,Australia,2015-11-06,GST_STANDARD,Protective case,True,True,"home automation designed for app-controlled room lighting, in the pulse family and supplied by vela with a 12-month warranty."
PRD0157,Candle Lumen 256,Gaming,Candle,591.59,369.6,2013,24,1.51,SKU-CAN00157,Gaming Hardware,Quest,Gold,SUP009,Korea,2013-09-18,GST_STANDARD,Protective case,True,True,"gaming hardware designed for long desktop gaming sessions, in the quest family and supplied by candle with a 24-month warranty."
PRD0158,Vela Ridge 257,Wearable,Vela,751.25,477.4,2016,12,0.108,SKU-VEL00158,Health Wearable,Ridge,Graphite,SUP010,Australia,2016-03-11,GST_STANDARD,Box,True,True,"health wearable designed for daily activity and sleep tracking, in the ridge family and supplied by vela with a 12-month warranty."
PRD0159,Candle Arc 258,Networking,Candle,1281.12,838.75,2012,24,0.714,SKU-CAN00159,Connected Network,Shift,Green,SUP011,Australia,2012-06-14,GST_STANDARD,Box,True,True,"connected network designed for home-office wireless coverage, in the shift family and supplied by candle with a 24-month warranty."
PRD0160,Vela Echo 259,Accessory,Vela,361.95,275.02,2014,12,0.24,SKU-VEL00160,Mobile Accessory,Spark,Blue,SUP012,Malaysia,2014-05-16,GST_STANDARD,Protective case,True,True,"mobile accessory designed for adjustable desk mounting and device positioning, in the spark family and supplied by vela with a 12-month warranty."
PRD0161,Candle Orbit 260,Laptop,Candle,3173.56,1860.73,2013,24,1.168,SKU-CAN00161,Ultrabook,Vista,Blue,SUP013,Australia,2013-03-10,GST_STANDARD,Recycled box,True,True,"ultrabook designed for study, research and note taking, in the vista family and supplied by candle with a 24-month warranty."
PRD0162,Vela Spark 261,Smartphone,Vela,318.31,189.12,2012,24,0.228,SKU-VEL00162,5G Smartphone,Wave,Green,SUP014,Vietnam,2012-06-14,GST_STANDARD,Protective case,True,True,"5g smartphone designed for mobile photography and messaging, in the wave family and supplied by vela with a 24-month warranty."
PRD0163,Candle Bloom 262,Tablet,Candle,1426.46,1040.64,2012,24,0.45,SKU-CAN00163,Productivity Tablet,Arc,Gold,SUP015,Vietnam,2012-11-04,GST_STANDARD,Box,True,True,"productivity tablet designed for portable media and video calls, in the arc family and supplied by candle with a 24-month warranty."
PRD0164,Vela Halo 263,Home Entertainment,Vela,649.27,429.09,2016,24,8.677,SKU-VEL00164,Smart Display,Atlas,Blue,SUP016,Vietnam,2016-08-08,GST_STANDARD,Protective case,True,True,"smart display designed for music and spoken-content playback, in the atlas family and supplied by vela with a 24-month warranty."
PRD0165,Candle Quest 264,Audio,Candle,567.68,307.54,2015,12,0.459,SKU-CAN00165,Wireless Audio,Bloom,Gold,SUP017,Australia,2015-03-02,GST_STANDARD,Box,True,True,"wireless audio designed for music during focused desk work, in the bloom family and supplied by candle with a 12-month warranty."
PRD0166,Vela Wave 265,Smart Home,Vela,822.52,536.47,2015,12,0.309,SKU-VEL00166,Home Automation,Core,Green,SUP018,Vietnam,2015-04-23,GST_STANDARD,Recycled box,True,True,"home automation designed for scheduled control of a household power outlet, in the core family and supplied by vela with a 12-month warranty."
PRD0167,Candle Edge 266,Gaming,Candle,2512.16,1681.91,2016,24,1.049,SKU-CAN00167,Gaming Hardware,Edge,Green,SUP019,China,2016-09-03,GST_STANDARD,Protective case,True,True,"gaming hardware designed for casual games in a shared room, in the edge family and supplied by candle with a 24-month warranty."
PRD0168,Vela Nova 267,Wearable,Vela,341.32,189.75,2013,12,0.112,SKU-VEL00168,Health Wearable,Echo,Blue,SUP020,Japan,2013-07-20,GST_STANDARD,Recycled box,True,True,"health wearable designed for walking and commute notifications, in the echo family and supplied by vela with a 12-month warranty."
PRD0169,Candle Shift 268,Networking,Candle,1130.0,765.56,2015,24,0.722,SKU-CAN00169,Connected Network,Flux,Black,SUP021,Vietnam,2015-12-12,GST_STANDARD,Recycled box,False,False,"connected network designed for connecting several shared household devices, in the flux family and supplied by candle with a 24-month warranty."
PRD0170,Vela Atlas 269,Accessory,Vela,90.68,62.95,2016,12,0.163,SKU-VEL00170,Mobile Accessory,Halo,White,SUP022,Malaysia,2016-02-17,GST_STANDARD,Recycled box,False,True,"mobile accessory designed for protective storage during travel, in the halo family and supplied by vela with a 12-month warranty."
PRD0171,Candle Flux 270,Laptop,Candle,1970.35,1051.37,2012,24,1.937,SKU-CAN00171,Ultrabook,Lumen,Green,SUP023,Japan,2012-09-03,GST_STANDARD,Recycled box,True,True,"ultrabook designed for creative projects and media editing, in the lumen family and supplied by candle with a 24-month warranty."
PRD0172,Vela Pulse 271,Smartphone,Vela,594.18,411.6,2012,24,0.304,SKU-VEL00172,5G Smartphone,Nova,Green,SUP024,Japan,2012-05-21,GST_STANDARD,Protective case,False,True,"5g smartphone designed for work calls and calendar management, in the nova family and supplied by vela with a 24-month warranty."
PRD0173,Candle Vista 272,Tablet,Candle,906.06,623.73,2017,24,0.739,SKU-CAN00173,Productivity Tablet,Orbit,Blue,SUP025,Japan,2017-10-16,GST_STANDARD,Protective case,True,True,"productivity tablet designed for field forms and client presentations, in the orbit family and supplied by candle with a 24-month warranty."
PRD0174,Vela Core 273,Home Entertainment,Vela,3628.06,2474.72,2017,24,6.603,SKU-VEL00174,Smart Display,Pulse,Graphite,SUP026,China,2017-03-14,GST_STANDARD,Protective case,True,True,"smart display designed for family media streaming, in the pulse family and supplied by vela with a 24-month warranty."
PRD0175,Candle Lumen 274,Audio,Candle,1014.37,590.56,2013,12,0.394,SKU-CAN00175,Wireless Audio,Quest,Graphite,SUP027,Japan,2013-03-04,GST_STANDARD,Recycled box,True,True,"wireless audio designed for video calls and online classes, in the quest family and supplied by candle with a 12-month warranty."
PRD0176,Vela Ridge 275,Smart Home,Vela,653.3,394.12,2014,12,0.427,SKU-VEL00176,Home Automation,Ridge,Silver,SUP028,Australia,2014-09-10,GST_STANDARD,Protective case,False,True,"home automation designed for indoor temperature and humidity monitoring, in the ridge family and supplied by vela with a 12-month warranty."
PRD0177,Candle Arc 276,Gaming,Candle,1216.85,711.29,2014,24,1.001,SKU-CAN00177,Gaming Hardware,Shift,Green,SUP029,Australia,2014-02-10,GST_STANDARD,Box,True,True,"gaming hardware designed for competitive play and voice communication, in the shift family and supplied by candle with a 24-month warranty."
PRD0178,Vela Echo 277,Wearable,Vela,131.81,98.81,2014,12,0.165,SKU-VEL00178,Health Wearable,Spark,White,SUP030,Australia,2014-05-27,GST_STANDARD,Protective case,True,True,"health wearable designed for exercise session summaries, in the spark family and supplied by vela with a 12-month warranty."
PRD0179,Candle Orbit 278,Networking,Candle,1481.8,1017.08,2012,24,0.851,SKU-CAN00179,Connected Network,Vista,Gold,SUP031,Malaysia,2012-01-04,GST_STANDARD,Protective case,True,True,"connected network designed for video meetings and media streaming, in the vista family and supplied by candle with a 24-month warranty."
PRD0180,Vela Spark 279,Accessory,Vela,386.36,202.92,2015,12,0.135,SKU-VEL00180,Mobile Accessory,Wave,Graphite,SUP032,China,2015-08-04,GST_STANDARD,Recycled box,False,True,"mobile accessory designed for charging-cable organisation, in the wave family and supplied by vela with a 12-month warranty."
PRD0181,Candle Bloom 280,Laptop,Candle,2668.69,1985.51,2016,24,2.052,SKU-CAN00181,Ultrabook,Arc,Red,SUP033,Malaysia,2016-03-24,GST_STANDARD,Box,True,True,"ultrabook designed for shared home-office administration, in the arc family and supplied by candle with a 24-month warranty."
PRD0182,Vela Halo 281,Smartphone,Vela,331.32,221.79,2016,24,0.204,SKU-VEL00182,5G Smartphone,Atlas,Graphite,SUP034,Australia,2016-01-03,GST_STANDARD,Recycled box,False,True,"5g smartphone designed for travel planning and media use, in the atlas family and supplied by vela with a 24-month warranty."
PRD0183,Candle Quest 282,Tablet,Candle,1008.76,759.36,2013,24,0.781,SKU-CAN00183,Productivity Tablet,Bloom,White,SUP035,Korea,2013-09-21,GST_STANDARD,Recycled box,True,True,"productivity tablet designed for family learning and shared browsing, in the bloom family and supplied by candle with a 24-month warranty."
PRD0184,Vela Wave 283,Home Entertainment,Vela,607.47,305.08,2015,24,8.396,SKU-VEL00184,Smart Display,Core,Graphite,SUP036,Japan,2015-11-18,GST_STANDARD,Box,True,True,"smart display designed for casual living-room gaming, in the core family and supplied by vela with a 24-month warranty."
PRD0185,Candle Edge 284,Audio,Candle,1138.66,817.95,2015,12,0.549,SKU-CAN00185,Wireless Audio,Edge,Red,SUP037,Korea,2015-10-20,GST_STANDARD,Box,True,True,"wireless audio designed for shared-room music playback, in the edge family and supplied by candle with a 12-month warranty."
PRD0186,Vela Nova 285,Smart Home,Vela,480.83,280.0,2015,12,0.423,SKU-VEL00186,Home Automation,Echo,Black,SUP001,Korea,2015-09-01,GST_STANDARD,Box,True,True,"home automation designed for door and window activity alerts, in the echo family and supplied by vela with a 12-month warranty."
PRD0187,Candle Shift 286,Gaming,Candle,2390.01,1242.94,2015,24,0.874,SKU-CAN00187,Gaming Hardware,Flux,Green,SUP002,Malaysia,2015-12-10,GST_STANDARD,Protective case,True,False,"gaming hardware designed for portable gaming and travel, in the flux family and supplied by candle with a 24-month warranty."
PRD0188,Vela Atlas 287,Wearable,Vela,370.0,212.78,2012,12,0.106,SKU-VEL00188,Health Wearable,Halo,Green,SUP003,Malaysia,2012-07-27,GST_STANDARD,Box,True,True,"health wearable designed for calendar alerts and quick message checks, in the halo family and supplied by vela with a 12-month warranty."
PRD0189,Candle Flux 288,Networking,Candle,1162.73,686.53,2016,24,0.751,SKU-CAN00189,Connected Network,Lumen,Graphite,SUP004,Korea,2016-12-22,GST_STANDARD,Box,True,True,"connected network designed for guest-network and device management, in the lumen family and supplied by candle with a 24-month warranty."
PRD0190,Vela Pulse 289,Accessory,Vela,248.59,147.77,2012,12,0.134,SKU-VEL00190,Mobile Accessory,Nova,White,SUP005,Australia,2012-12-26,GST_STANDARD,Protective case,True,False,"mobile accessory designed for connecting several devices through one compact adapter, in the nova family and supplied by vela with a 12-month warranty."
PRD0191,Candle Vista 290,Laptop,Candle,1103.43,828.27,2012,24,1.804,SKU-CAN00191,Ultrabook,Orbit,Black,SUP006,Malaysia,2012-02-19,GST_STANDARD,Box,True,True,"ultrabook designed for travel-based work and presentations, in the orbit family and supplied by candle with a 24-month warranty."
PRD0192,Vela Core 291,Smartphone,Vela,1657.76,1093.06,2012,24,0.266,SKU-VEL00192,5G Smartphone,Pulse,Black,SUP007,China,2012-12-26,GST_STANDARD,Box,True,True,"5g smartphone designed for family communication and casual apps, in the pulse family and supplied by vela with a 24-month warranty."
PRD0193,Candle Lumen 292,Tablet,Candle,1208.58,621.66,2015,24,0.615,SKU-CAN00193,Productivity Tablet,Quest,Blue,SUP008,Vietnam,2015-12-08,GST_STANDARD,Recycled box,True,True,"productivity tablet designed for drawing and lightweight creative work, in the quest family and supplied by candle with a 24-month warranty."
PRD0194,Vela Ridge 293,Home Entertainment,Vela,2883.61,1635.69,2013,24,7.873,SKU-VEL00194,Smart Display,Ridge,Red,SUP009,Japan,2013-06-23,GST_STANDARD,Protective case,True,True,"smart display designed for presentations and photo viewing, in the ridge family and supplied by vela with a 24-month warranty."
PRD0195,Candle Arc 294,Audio,Candle,715.6,452.83,2013,12,0.657,SKU-CAN00195,Wireless Audio,Shift,Green,SUP010,Japan,2013-06-13,GST_STANDARD,Box,True,True,"wireless audio designed for long listening sessions at home, in the shift family and supplied by candle with a 12-month warranty."
PRD0196,Vela Echo 295,Smart Home,Vela,206.29,141.43,2015,12,0.262,SKU-VEL00196,Home Automation,Spark,Black,SUP011,Korea,2015-07-14,GST_STANDARD,Protective case,False,True,"home automation designed for automated blind and curtain routines, in the spark family and supplied by vela with a 12-month warranty."
PRD0197,Candle Orbit 296,Gaming,Candle,1972.76,1435.23,2017,24,1.228,SKU-CAN00197,Gaming Hardware,Vista,Silver,SUP012,Korea,2017-02-04,GST_STANDARD,Recycled box,True,True,"gaming hardware designed for game streaming and media capture, in the vista family and supplied by candle with a 24-month warranty."
PRD0198,Vela Spark 297,Wearable,Vela,492.76,304.19,2016,12,0.15,SKU-VEL00198,Health Wearable,Wave,Blue,SUP013,China,2016-05-24,GST_STANDARD,Protective case,True,True,"health wearable designed for habit reminders and everyday timekeeping, in the wave family and supplied by vela with a 12-month warranty."
PRD0199,Candle Bloom 298,Networking,Candle,1349.0,860.15,2012,24,0.92,SKU-CAN00199,Connected Network,Arc,Graphite,SUP014,China,2012-10-23,GST_STANDARD,Box,False,True,"connected network designed for extending coverage between rooms, in the arc family and supplied by candle with a 24-month warranty."
PRD0200,Vela Halo 299,Accessory,Vela,148.27,94.26,2012,12,0.181,SKU-VEL00200,Mobile Accessory,Atlas,Red,SUP015,Malaysia,2012-05-12,GST_STANDARD,Box,True,True,"mobile accessory designed for hands-free device support in a shared workspace, in the atlas family and supplied by vela with a 12-month warranty."
PRD0201,Candle Quest 300,Laptop,Candle,3066.38,1962.41,2014,24,1.081,SKU-CAN00201,Ultrabook,Bloom,Silver,SUP016,Korea,2014-02-23,GST_STANDARD,Box,True,True,"ultrabook designed for portable document work and video meetings, in the bloom family and supplied by candle with a 24-month warranty."
PRD0202,Vela Wave 301,Smartphone,Vela,1891.9,1297.03,2016,24,0.262,SKU-VEL00202,5G Smartphone,Core,White,SUP017,Australia,2016-12-05,GST_STANDARD,Recycled box,False,True,"5g smartphone designed for daily communication and navigation, in the core family and supplied by vela with a 24-month warranty."
PRD0203,Candle Edge 302,Tablet,Candle,427.62,284.36,2012,24,0.459,SKU-CAN00203,Productivity Tablet,Edge,Graphite,SUP018,China,2012-12-18,GST_STANDARD,Protective case,True,True,"productivity tablet designed for reading, annotation and handwritten notes, in the edge family and supplied by candle with a 24-month warranty."
PRD0204,Vela Nova 303,Home Entertainment,Vela,3651.04,2358.75,2012,24,5.652,SKU-VEL00204,Smart Display,Echo,Blue,SUP019,Korea,2012-06-16,GST_STANDARD,Protective case,False,True,"smart display designed for shared film and television viewing, in the echo family and supplied by vela with a 24-month warranty."
PRD0205,Candle Shift 304,Audio,Candle,1030.02,522.02,2015,12,0.539,SKU-CAN00205,Wireless Audio,Flux,Blue,SUP020,Japan,2015-11-27,GST_STANDARD,Recycled box,True,True,"wireless audio designed for commuting and spoken-content listening, in the flux family and supplied by candle with a 12-month warranty."
PRD0206,Vela Atlas 305,Smart Home,Vela,433.31,248.58,2014,12,0.3,SKU-VEL00206,Home Automation,Halo,Blue,SUP021,Malaysia,2014-09-05,GST_STANDARD,Recycled box,True,True,"home automation designed for app-controlled room lighting, in the halo family and supplied by vela with a 12-month warranty."
PRD0207,Candle Flux 306,Gaming,Candle,2341.74,1740.12,2012,24,0.909,SKU-CAN00207,Gaming Hardware,Lumen,Red,SUP022,Australia,2012-04-22,GST_STANDARD,Protective case,True,True,"gaming hardware designed for long desktop gaming sessions, in the lumen family and supplied by candle with a 24-month warranty."
PRD0208,Vela Pulse 307,Wearable,Vela,569.31,379.7,2013,12,0.124,SKU-VEL00208,Health Wearable,Nova,White,SUP023,China,2013-03-15,GST_STANDARD,Box,True,True,"health wearable designed for daily activity and sleep tracking, in the nova family and supplied by vela with a 12-month warranty."
PRD0209,Candle Vista 308,Networking,Candle,164.63,114.41,2016,24,0.735,SKU-CAN00209,Connected Network,Orbit,Gold,SUP024,Australia,2016-08-13,GST_STANDARD,Box,True,True,"connected network designed for home-office wireless coverage, in the orbit family and supplied by candle with a 24-month warranty."
PRD0210,Vela Core 309,Accessory,Vela,408.84,246.35,2014,12,0.208,SKU-VEL00210,Mobile Accessory,Pulse,Graphite,SUP025,Malaysia,2014-11-04,GST_STANDARD,Recycled box,True,True,"mobile accessory designed for adjustable desk mounting and device positioning, in the pulse family and supplied by vela with a 12-month warranty."
PRD0211,Candle Lumen 310,Laptop,Candle,901.64,460.96,2016,24,1.384,SKU-CAN00211,Ultrabook,Quest,Gold,SUP026,Malaysia,2016-12-11,GST_STANDARD,Box,False,True,"ultrabook designed for study, research and note taking, in the quest family and supplied by candle with a 24-month warranty."
PRD0212,Vela Ridge 311,Smartphone,Vela,1821.52,1170.5,2013,24,0.268,SKU-VEL00212,5G Smartphone,Ridge,Graphite,SUP027,Korea,2013-07-20,GST_STANDARD,Protective case,True,True,"5g smartphone designed for mobile photography and messaging, in the ridge family and supplied by vela with a 24-month warranty."
PRD0213,Candle Arc 312,Tablet,Candle,351.6,221.58,2012,24,0.478,SKU-CAN00213,Productivity Tablet,Shift,Green,SUP028,Japan,2012-02-11,GST_STANDARD,Recycled box,True,True,"productivity tablet designed for portable media and video calls, in the shift family and supplied by candle with a 24-month warranty."
PRD0214,Vela Echo 313,Home Entertainment,Vela,753.54,441.4,2014,24,6.152,SKU-VEL00214,Smart Display,Spark,Silver,SUP029,Japan,2014-12-18,GST_STANDARD,Recycled box,True,True,"smart display designed for music and spoken-content playback, in the spark family and supplied by vela with a 24-month warranty."
PRD0215,Candle Orbit 314,Audio,Candle,580.92,439.0,2015,12,0.464,SKU-CAN00215,Wireless Audio,Vista,Silver,SUP030,Vietnam,2015-08-12,GST_STANDARD,Recycled box,False,True,"wireless audio designed for music during focused desk work, in the vista family and supplied by candle with a 12-month warranty."
PRD0216,Vela Spark 315,Smart Home,Vela,823.62,424.53,2016,12,0.437,SKU-VEL00216,Home Automation,Wave,Gold,SUP031,Vietnam,2016-08-22,GST_STANDARD,Protective case,False,True,"home automation designed for scheduled control of a household power outlet, in the wave family and supplied by vela with a 12-month warranty."
PRD0217,Candle Bloom 316,Gaming,Candle,441.18,319.29,2013,24,1.519,SKU-CAN00217,Gaming Hardware,Arc,Gold,SUP032,Australia,2013-08-18,GST_STANDARD,Box,True,True,"gaming hardware designed for casual games in a shared room, in the arc family and supplied by candle with a 24-month warranty."
PRD0218,Vela Halo 317,Wearable,Vela,490.11,256.92,2012,12,0.117,SKU-VEL00218,Health Wearable,Atlas,Black,SUP033,China,2012-07-11,GST_STANDARD,Recycled box,True,True,"health wearable designed for walking and commute notifications, in the atlas family and supplied by vela with a 12-month warranty."
PRD0219,Candle Quest 318,Networking,Candle,1110.34,590.11,2015,24,0.607,SKU-CAN00219,Connected Network,Bloom,White,SUP034,China,2015-09-01,GST_STANDARD,Protective case,True,True,"connected network designed for connecting several shared household devices, in the bloom family and supplied by candle with a 24-month warranty."
PRD0220,Vela Wave 319,Accessory,Vela,201.85,109.71,2012,12,0.195,SKU-VEL00220,Mobile Accessory,Core,Graphite,SUP035,Japan,2012-06-15,GST_STANDARD,Recycled box,True,True,"mobile accessory designed for protective storage during travel, in the core family and supplied by vela with a 12-month warranty."
PRD0221,Candle Edge 320,Laptop,Candle,2253.19,1142.99,2014,24,1.091,SKU-CAN00221,Ultrabook,Edge,Blue,SUP036,Vietnam,2014-10-14,GST_STANDARD,Box,True,True,"ultrabook designed for creative projects and media editing, in the edge family and supplied by candle with a 24-month warranty."
PRD0222,Vela Nova 321,Smartphone,Vela,1721.64,1005.05,2014,24,0.185,SKU-VEL00222,5G Smartphone,Echo,Gold,SUP037,Korea,2014-08-05,GST_STANDARD,Box,True,True,"5g smartphone designed for work calls and calendar management, in the echo family and supplied by vela with a 24-month warranty."
PRD0223,Candle Shift 322,Tablet,Candle,1020.19,624.51,2016,24,0.744,SKU-CAN00223,Productivity Tablet,Flux,Black,SUP001,China,2016-08-04,GST_STANDARD,Recycled box,True,True,"productivity tablet designed for field forms and client presentations, in the flux family and supplied by candle with a 24-month warranty."
PRD0224,Vela Atlas 323,Home Entertainment,Vela,460.12,300.26,2014,24,6.657,SKU-VEL00224,Smart Display,Halo,Gold,SUP002,Australia,2014-09-21,GST_STANDARD,Recycled box,True,True,"smart display designed for family media streaming, in the halo family and supplied by vela with a 24-month warranty."
PRD0225,Candle Flux 324,Audio,Candle,255.65,193.93,2016,12,0.652,SKU-CAN00225,Wireless Audio,Lumen,Gold,SUP003,Australia,2016-04-25,GST_STANDARD,Box,False,True,"wireless audio designed for video calls and online classes, in the lumen family and supplied by candle with a 12-month warranty."
PRD0226,Vela Pulse 325,Smart Home,Vela,202.49,113.73,2015,12,0.433,SKU-VEL00226,Home Automation,Nova,Graphite,SUP004,Australia,2015-05-01,GST_STANDARD,Box,True,False,"home automation designed for indoor temperature and humidity monitoring, in the nova family and supplied by vela with a 12-month warranty."
PRD0227,Candle Vista 326,Gaming,Candle,853.87,569.34,2013,24,1.331,SKU-CAN00227,Gaming Hardware,Orbit,Gold,SUP005,Malaysia,2013-08-18,GST_STANDARD,Box,False,True,"gaming hardware designed for competitive play and voice communication, in the orbit family and supplied by candle with a 24-month warranty."
PRD0228,Vela Core 327,Wearable,Vela,419.86,287.44,2013,12,0.098,SKU-VEL00228,Health Wearable,Pulse,Silver,SUP006,Australia,2013-06-13,GST_STANDARD,Box,False,True,"health wearable designed for exercise session summaries, in the pulse family and supplied by vela with a 12-month warranty."
PRD0229,Candle Lumen 328,Networking,Candle,813.08,499.18,2017,24,0.893,SKU-CAN00229,Connected Network,Quest,Blue,SUP007,China,2017-06-22,GST_STANDARD,Protective case,False,True,"connected network designed for video meetings and media streaming, in the quest family and supplied by candle with a 24-month warranty."
PRD0230,Vela Ridge 329,Accessory,Vela,72.62,52.57,2014,12,0.202,SKU-VEL00230,Mobile Accessory,Ridge,Silver,SUP008,Malaysia,2014-06-09,GST_STANDARD,Recycled box,True,True,"mobile accessory designed for charging-cable organisation, in the ridge family and supplied by vela with a 12-month warranty."
PRD0231,Candle Arc 330,Laptop,Candle,1774.07,877.51,2015,24,1.317,SKU-CAN00231,Ultrabook,Shift,Red,SUP009,Japan,2015-06-12,GST_STANDARD,Box,False,True,"ultrabook designed for shared home-office administration, in the shift family and supplied by candle with a 24-month warranty."
PRD0232,Vela Echo 331,Smartphone,Vela,358.39,204.62,2013,24,0.175,SKU-VEL00232,5G Smartphone,Spark,Blue,SUP010,China,2013-01-26,GST_STANDARD,Protective case,False,True,"5g smartphone designed for travel planning and media use, in the spark family and supplied by vela with a 24-month warranty."
PRD0233,Candle Orbit 332,Tablet,Candle,1369.87,843.81,2012,24,0.6,SKU-CAN00233,Productivity Tablet,Vista,White,SUP011,Japan,2012-12-27,GST_STANDARD,Box,True,True,"productivity tablet designed for family learning and shared browsing, in the vista family and supplied by candle with a 24-month warranty."
PRD0234,Vela Spark 333,Home Entertainment,Vela,2457.44,1539.78,2014,24,5.44,SKU-VEL00234,Smart Display,Wave,Blue,SUP012,Malaysia,2014-03-22,GST_STANDARD,Recycled box,True,True,"smart display designed for casual living-room gaming, in the wave family and supplied by vela with a 24-month warranty."
PRD0235,Candle Bloom 334,Audio,Candle,158.61,106.98,2015,12,0.57,SKU-CAN00235,Wireless Audio,Arc,Silver,SUP013,Korea,2015-08-08,GST_STANDARD,Box,True,True,"wireless audio designed for shared-room music playback, in the arc family and supplied by candle with a 12-month warranty."
PRD0236,Vela Halo 335,Smart Home,Vela,135.01,68.58,2014,12,0.368,SKU-VEL00236,Home Automation,Atlas,Black,SUP014,Korea,2014-09-12,GST_STANDARD,Box,False,False,"home automation designed for door and window activity alerts, in the atlas family and supplied by vela with a 12-month warranty."
PRD0237,Candle Quest 336,Gaming,Candle,1587.04,849.6,2013,24,0.911,SKU-CAN00237,Gaming Hardware,Bloom,Red,SUP015,China,2013-09-26,GST_STANDARD,Protective case,False,True,"gaming hardware designed for portable gaming and travel, in the bloom family and supplied by candle with a 24-month warranty."
PRD0238,Vela Wave 337,Wearable,Vela,866.49,445.11,2015,12,0.101,SKU-VEL00238,Health Wearable,Core,Silver,SUP016,Malaysia,2015-03-12,GST_STANDARD,Protective case,True,False,"health wearable designed for calendar alerts and quick message checks, in the core family and supplied by vela with a 12-month warranty."
PRD0239,Candle Edge 338,Networking,Candle,271.25,176.63,2016,24,0.614,SKU-CAN00239,Connected Network,Edge,Silver,SUP017,Korea,2016-01-27,GST_STANDARD,Recycled box,True,True,"connected network designed for guest-network and device management, in the edge family and supplied by candle with a 24-month warranty."
PRD0240,Vela Nova 339,Accessory,Vela,371.29,196.14,2014,12,0.222,SKU-VEL00240,Mobile Accessory,Echo,Blue,SUP018,Korea,2014-12-13,GST_STANDARD,Recycled box,True,True,"mobile accessory designed for connecting several devices through one compact adapter, in the echo family and supplied by vela with a 12-month warranty."
PRD0241,Candle Shift 340,Laptop,Candle,2817.68,1897.31,2016,24,1.324,SKU-CAN00241,Ultrabook,Flux,Graphite,SUP019,Malaysia,2016-06-08,GST_STANDARD,Box,False,True,"ultrabook designed for travel-based work and presentations, in the flux family and supplied by candle with a 24-month warranty."
PRD0242,Vela Atlas 341,Smartphone,Vela,600.25,388.77,2012,24,0.224,SKU-VEL00242,5G Smartphone,Halo,Silver,SUP020,China,2012-02-06,GST_STANDARD,Recycled box,True,True,"5g smartphone designed for family communication and casual apps, in the halo family and supplied by vela with a 24-month warranty."
PRD0243,Candle Flux 342,Tablet,Candle,567.88,411.18,2015,24,0.452,SKU-CAN00243,Productivity Tablet,Lumen,Blue,SUP021,Japan,2015-01-04,GST_STANDARD,Protective case,True,True,"productivity tablet designed for drawing and lightweight creative work, in the lumen family and supplied by candle with a 24-month warranty."
PRD0244,Vela Pulse 343,Home Entertainment,Vela,2495.06,1496.18,2016,24,6.495,SKU-VEL00244,Smart Display,Nova,Green,SUP022,Vietnam,2016-10-17,GST_STANDARD,Box,True,True,"smart display designed for presentations and photo viewing, in the nova family and supplied by vela with a 24-month warranty."
PRD0245,Candle Vista 344,Audio,Candle,645.34,485.99,2012,12,0.627,SKU-CAN00245,Wireless Audio,Orbit,Red,SUP023,Vietnam,2012-09-18,GST_STANDARD,Box,True,True,"wireless audio designed for long listening sessions at home, in the orbit family and supplied by candle with a 12-month warranty."
PRD0246,Vela Core 345,Smart Home,Vela,362.52,182.15,2014,12,0.475,SKU-VEL00246,Home Automation,Pulse,Red,SUP024,Korea,2014-07-16,GST_STANDARD,Recycled box,True,True,"home automation designed for automated blind and curtain routines, in the pulse family and supplied by vela with a 12-month warranty."
PRD0247,Candle Lumen 346,Gaming,Candle,1770.54,1041.49,2014,24,1.378,SKU-CAN00247,Gaming Hardware,Quest,Blue,SUP025,Australia,2014-10-19,GST_STANDARD,Recycled box,True,True,"gaming hardware designed for game streaming and media capture, in the quest family and supplied by candle with a 24-month warranty."
PRD0248,Vela Ridge 347,Wearable,Vela,1065.71,520.85,2017,12,0.105,SKU-VEL00248,Health Wearable,Ridge,Blue,SUP026,Japan,2017-02-27,GST_STANDARD,Recycled box,False,True,"health wearable designed for habit reminders and everyday timekeeping, in the ridge family and supplied by vela with a 12-month warranty."
PRD0249,Candle Arc 348,Networking,Candle,871.19,550.88,2016,24,0.927,SKU-CAN00249,Connected Network,Shift,Green,SUP027,Australia,2016-04-18,GST_STANDARD,Recycled box,False,True,"connected network designed for extending coverage between rooms, in the shift family and supplied by candle with a 24-month warranty."
PRD0250,Vela Echo 349,Accessory,Vela,376.98,239.37,2017,12,0.182,SKU-VEL00250,Mobile Accessory,Spark,Black,SUP028,Vietnam,2017-01-04,GST_STANDARD,Protective case,True,True,"mobile accessory designed for hands-free device support in a shared workspace, in the spark family and supplied by vela with a 12-month warranty."
PRD0251,Candle Orbit 350,Laptop,Candle,1852.67,1273.0,2013,24,2.044,SKU-CAN00251,Ultrabook,Vista,Gold,SUP029,Vietnam,2013-03-07,GST_STANDARD,Recycled box,True,True,"ultrabook designed for portable document work and video meetings, in the vista family and supplied by candle with a 24-month warranty."
PRD0252,Vela Spark 351,Smartphone,Vela,1820.97,1331.12,2016,24,0.213,SKU-VEL00252,5G Smartphone,Wave,Gold,SUP030,China,2016-02-15,GST_STANDARD,Recycled box,True,True,"5g smartphone designed for daily communication and navigation, in the wave family and supplied by vela with a 24-month warranty."
PRD0253,Candle Bloom 352,Tablet,Candle,1391.34,677.56,2012,24,0.488,SKU-CAN00253,Productivity Tablet,Arc,Black,SUP031,Malaysia,2012-06-02,GST_STANDARD,Box,True,True,"productivity tablet designed for reading, annotation and handwritten notes, in the arc family and supplied by candle with a 24-month warranty."
PRD0254,Vela Halo 353,Home Entertainment,Vela,2250.67,1474.49,2012,24,7.315,SKU-VEL00254,Smart Display,Atlas,Gold,SUP032,Australia,2012-09-27,GST_STANDARD,Recycled box,True,True,"smart display designed for shared film and television viewing, in the atlas family and supplied by vela with a 24-month warranty."
PRD0255,Candle Quest 354,Audio,Candle,699.0,394.0,2013,12,0.501,SKU-CAN00255,Wireless Audio,Bloom,Gold,SUP033,Australia,2013-03-13,GST_STANDARD,Protective case,True,True,"wireless audio designed for commuting and spoken-content listening, in the bloom family and supplied by candle with a 12-month warranty."
PRD0256,Vela Wave 355,Smart Home,Vela,694.57,345.98,2013,12,0.272,SKU-VEL00256,Home Automation,Core,Graphite,SUP034,Japan,2013-04-02,GST_STANDARD,Protective case,True,True,"home automation designed for app-controlled room lighting, in the core family and supplied by vela with a 12-month warranty."
PRD0257,Candle Edge 356,Gaming,Candle,637.63,468.66,2014,24,1.608,SKU-CAN00257,Gaming Hardware,Edge,Red,SUP035,Japan,2014-05-10,GST_STANDARD,Protective case,True,True,"gaming hardware designed for long desktop gaming sessions, in the edge family and supplied by candle with a 24-month warranty."
PRD0258,Vela Nova 357,Wearable,Vela,133.79,98.42,2016,12,0.161,SKU-VEL00258,Health Wearable,Echo,Green,SUP036,Vietnam,2016-06-03,GST_STANDARD,Recycled box,False,True,"health wearable designed for daily activity and sleep tracking, in the echo family and supplied by vela with a 12-month warranty."
PRD0259,Candle Shift 358,Networking,Candle,409.08,198.29,2012,24,0.623,SKU-CAN00259,Connected Network,Flux,Graphite,SUP037,Australia,2012-08-12,GST_STANDARD,Box,False,True,"connected network designed for home-office wireless coverage, in the flux family and supplied by candle with a 24-month warranty."
PRD0260,Vela Atlas 359,Accessory,Vela,100.02,54.67,2016,12,0.226,SKU-VEL00260,Mobile Accessory,Halo,White,SUP001,China,2016-10-15,GST_STANDARD,Recycled box,True,True,"mobile accessory designed for adjustable desk mounting and device positioning, in the halo family and supplied by vela with a 12-month warranty."
PRD0261,Candle Flux 360,Laptop,Candle,2576.1,1787.73,2015,24,1.899,SKU-CAN00261,Ultrabook,Lumen,Green,SUP002,Malaysia,2015-09-07,GST_STANDARD,Recycled box,True,True,"ultrabook designed for study, research and note taking, in the lumen family and supplied by candle with a 24-month warranty."
PRD0262,Vela Pulse 361,Smartphone,Vela,1028.17,727.99,2015,24,0.231,SKU-VEL00262,5G Smartphone,Nova,Blue,SUP003,Japan,2015-10-23,GST_STANDARD,Protective case,True,True,"5g smartphone designed for mobile photography and messaging, in the nova family and supplied by vela with a 24-month warranty."
PRD0263,Candle Vista 362,Tablet,Candle,1205.78,693.31,2017,24,0.565,SKU-CAN00263,Productivity Tablet,Orbit,White,SUP004,Japan,2017-10-10,GST_STANDARD,Recycled box,False,True,"productivity tablet designed for portable media and video calls, in the orbit family and supplied by candle with a 24-month warranty."
PRD0264,Vela Core 363,Home Entertainment,Vela,3567.97,2572.42,2016,24,8.703,SKU-VEL00264,Smart Display,Pulse,Silver,SUP005,Korea,2016-02-12,GST_STANDARD,Protective case,True,True,"smart display designed for music and spoken-content playback, in the pulse family and supplied by vela with a 24-month warranty."
PRD0265,Candle Lumen 364,Audio,Candle,1188.22,598.41,2013,12,0.612,SKU-CAN00265,Wireless Audio,Quest,Green,SUP006,Australia,2013-09-17,GST_STANDARD,Recycled box,False,True,"wireless audio designed for music during focused desk work, in the quest family and supplied by candle with a 12-month warranty."
PRD0266,Vela Ridge 365,Smart Home,Vela,189.02,93.75,2013,12,0.432,SKU-VEL00266,Home Automation,Ridge,Red,SUP007,Japan,2013-05-06,GST_STANDARD,Box,True,True,"home automation designed for scheduled control of a household power outlet, in the ridge family and supplied by vela with a 12-month warranty."
PRD0267,Candle Arc 366,Gaming,Candle,2404.5,1316.09,2013,24,1.628,SKU-CAN00267,Gaming Hardware,Shift,Black,SUP008,Australia,2013-12-08,GST_STANDARD,Recycled box,False,True,"gaming hardware designed for casual games in a shared room, in the shift family and supplied by candle with a 24-month warranty."
PRD0268,Vela Echo 367,Wearable,Vela,1094.58,691.64,2017,12,0.092,SKU-VEL00268,Health Wearable,Spark,Gold,SUP009,Malaysia,2017-04-04,GST_STANDARD,Box,False,True,"health wearable designed for walking and commute notifications, in the spark family and supplied by vela with a 12-month warranty."
PRD0269,Candle Orbit 368,Networking,Candle,1258.42,921.93,2013,24,0.538,SKU-CAN00269,Connected Network,Vista,White,SUP010,Malaysia,2013-04-23,GST_STANDARD,Recycled box,True,True,"connected network designed for connecting several shared household devices, in the vista family and supplied by candle with a 24-month warranty."
PRD0270,Vela Spark 369,Accessory,Vela,154.55,113.6,2016,12,0.175,SKU-VEL00270,Mobile Accessory,Wave,Black,SUP011,Vietnam,2016-03-05,GST_STANDARD,Recycled box,False,True,"mobile accessory designed for protective storage during travel, in the wave family and supplied by vela with a 12-month warranty."
PRD0271,Candle Bloom 370,Laptop,Candle,1523.72,960.79,2013,24,1.447,SKU-CAN00271,Ultrabook,Arc,Black,SUP012,Japan,2013-03-09,GST_STANDARD,Protective case,False,True,"ultrabook designed for creative projects and media editing, in the arc family and supplied by candle with a 24-month warranty."
PRD0272,Vela Halo 371,Smartphone,Vela,1161.16,596.9,2016,24,0.175,SKU-VEL00272,5G Smartphone,Atlas,Silver,SUP013,Vietnam,2016-01-26,GST_STANDARD,Recycled box,True,True,"5g smartphone designed for work calls and calendar management, in the atlas family and supplied by vela with a 24-month warranty."
PRD0273,Candle Quest 372,Tablet,Candle,469.96,243.38,2014,24,0.63,SKU-CAN00273,Productivity Tablet,Bloom,Blue,SUP014,China,2014-04-10,GST_STANDARD,Box,False,True,"productivity tablet designed for field forms and client presentations, in the bloom family and supplied by candle with a 24-month warranty."
PRD0274,Vela Wave 373,Home Entertainment,Vela,1538.07,763.93,2015,24,8.811,SKU-VEL00274,Smart Display,Core,White,SUP015,Japan,2015-02-11,GST_STANDARD,Protective case,False,True,"smart display designed for family media streaming, in the core family and supplied by vela with a 24-month warranty."
PRD0275,Candle Edge 374,Audio,Candle,687.49,457.66,2014,12,0.514,SKU-CAN00275,Wireless Audio,Edge,Red,SUP016,Korea,2014-11-10,GST_STANDARD,Recycled box,True,True,"wireless audio designed for video calls and online classes, in the edge family and supplied by candle with a 12-month warranty."
PRD0276,Vela Nova 375,Smart Home,Vela,337.93,221.95,2014,12,0.431,SKU-VEL00276,Home Automation,Echo,Red,SUP017,Japan,2014-07-06,GST_STANDARD,Recycled box,True,True,"home automation designed for indoor temperature and humidity monitoring, in the echo family and supplied by vela with a 12-month warranty."
PRD0277,Candle Shift 376,Gaming,Candle,1153.48,596.68,2013,24,1.49,SKU-CAN00277,Gaming Hardware,Flux,White,SUP018,Vietnam,2013-08-13,GST_STANDARD,Box,True,True,"gaming hardware designed for competitive play and voice communication, in the flux family and supplied by candle with a 24-month warranty."
PRD0278,Vela Atlas 377,Wearable,Vela,509.34,326.1,2015,12,0.124,SKU-VEL00278,Health Wearable,Halo,Gold,SUP019,Australia,2015-09-06,GST_STANDARD,Box,True,True,"health wearable designed for exercise session summaries, in the halo family and supplied by vela with a 12-month warranty."
PRD0279,Candle Flux 378,Networking,Candle,1450.59,810.97,2017,24,0.659,SKU-CAN00279,Connected Network,Lumen,Gold,SUP020,Malaysia,2017-05-06,GST_STANDARD,Box,True,True,"connected network designed for video meetings and media streaming, in the lumen family and supplied by candle with a 24-month warranty."
PRD0280,Vela Pulse 379,Accessory,Vela,105.66,65.68,2016,12,0.224,SKU-VEL00280,Mobile Accessory,Nova,Silver,SUP021,Korea,2016-10-01,GST_STANDARD,Box,False,True,"mobile accessory designed for charging-cable organisation, in the nova family and supplied by vela with a 12-month warranty."
PRD0281,Candle Vista 380,Laptop,Candle,2324.84,1476.06,2015,24,1.35,SKU-CAN00281,Ultrabook,Orbit,Graphite,SUP022,Korea,2015-08-21,GST_STANDARD,Recycled box,False,True,"ultrabook designed for shared home-office administration, in the orbit family and supplied by candle with a 24-month warranty."
PRD0282,Vela Core 381,Smartphone,Vela,1632.77,869.43,2013,24,0.209,SKU-VEL00282,5G Smartphone,Pulse,Graphite,SUP023,Vietnam,2013-12-18,GST_STANDARD,Protective case,False,True,"5g smartphone designed for travel planning and media use, in the pulse family and supplied by vela with a 24-month warranty."
PRD0283,Candle Lumen 382,Tablet,Candle,1338.12,825.05,2012,24,0.653,SKU-CAN00283,Productivity Tablet,Quest,Red,SUP024,Australia,2012-11-04,GST_STANDARD,Box,True,True,"productivity tablet designed for family learning and shared browsing, in the quest family and supplied by candle with a 24-month warranty."
PRD0284,Vela Ridge 383,Home Entertainment,Vela,600.42,440.74,2012,24,7.382,SKU-VEL00284,Smart Display,Ridge,Green,SUP025,Vietnam,2012-06-18,GST_STANDARD,Protective case,False,True,"smart display designed for casual living-room gaming, in the ridge family and supplied by vela with a 24-month warranty."
PRD0285,Candle Arc 384,Audio,Candle,1110.14,755.19,2013,12,0.604,SKU-CAN00285,Wireless Audio,Shift,Gold,SUP026,Korea,2013-08-15,GST_STANDARD,Protective case,True,True,"wireless audio designed for shared-room music playback, in the shift family and supplied by candle with a 12-month warranty."
PRD0286,Vela Echo 385,Smart Home,Vela,725.81,408.07,2016,12,0.479,SKU-VEL00286,Home Automation,Spark,Graphite,SUP027,Vietnam,2016-03-08,GST_STANDARD,Recycled box,False,True,"home automation designed for door and window activity alerts, in the spark family and supplied by vela with a 12-month warranty."
PRD0287,Candle Orbit 386,Gaming,Candle,1095.91,613.16,2016,24,0.914,SKU-CAN00287,Gaming Hardware,Vista,White,SUP028,Vietnam,2016-03-21,GST_STANDARD,Protective case,True,True,"gaming hardware designed for portable gaming and travel, in the vista family and supplied by candle with a 24-month warranty."
PRD0288,Vela Spark 387,Wearable,Vela,920.06,617.3,2017,12,0.164,SKU-VEL00288,Health Wearable,Wave,Green,SUP029,Vietnam,2017-01-17,GST_STANDARD,Box,False,True,"health wearable designed for calendar alerts and quick message checks, in the wave family and supplied by vela with a 12-month warranty."
PRD0289,Candle Bloom 388,Networking,Candle,1441.37,1066.71,2014,24,0.567,SKU-CAN00289,Connected Network,Arc,Black,SUP030,China,2014-10-02,GST_STANDARD,Box,True,True,"connected network designed for guest-network and device management, in the arc family and supplied by candle with a 24-month warranty."
PRD0290,Vela Halo 389,Accessory,Vela,154.65,100.69,2014,12,0.169,SKU-VEL00290,Mobile Accessory,Atlas,Silver,SUP031,China,2014-08-11,GST_STANDARD,Box,False,True,"mobile accessory designed for connecting several devices through one compact adapter, in the atlas family and supplied by vela with a 12-month warranty."
PRD0291,Candle Quest 390,Laptop,Candle,2310.69,1724.41,2013,24,1.612,SKU-CAN00291,Ultrabook,Bloom,Blue,SUP032,Malaysia,2013-07-04,GST_STANDARD,Recycled box,True,True,"ultrabook designed for travel-based work and presentations, in the bloom family and supplied by candle with a 24-month warranty."
PRD0292,Vela Wave 391,Smartphone,Vela,1810.91,982.43,2017,24,0.246,SKU-VEL00292,5G Smartphone,Core,Silver,SUP033,Australia,2017-07-20,GST_STANDARD,Box,True,True,"5g smartphone designed for family communication and casual apps, in the core family and supplied by vela with a 24-month warranty."
PRD0293,Candle Edge 392,Tablet,Candle,1383.27,786.47,2015,24,0.703,SKU-CAN00293,Productivity Tablet,Edge,Graphite,SUP034,Australia,2015-10-27,GST_STANDARD,Box,False,True,"productivity tablet designed for drawing and lightweight creative work, in the edge family and supplied by candle with a 24-month warranty."
PRD0294,Vela Nova 393,Home Entertainment,Vela,4059.32,2858.16,2014,24,8.647,SKU-VEL00294,Smart Display,Echo,Silver,SUP035,Vietnam,2014-01-08,GST_STANDARD,Recycled box,False,True,"smart display designed for presentations and photo viewing, in the echo family and supplied by vela with a 24-month warranty."
PRD0295,Candle Shift 394,Audio,Candle,979.25,637.4,2014,12,0.445,SKU-CAN00295,Wireless Audio,Flux,White,SUP036,Japan,2014-04-07,GST_STANDARD,Box,True,True,"wireless audio designed for long listening sessions at home, in the flux family and supplied by candle with a 12-month warranty."
PRD0296,Vela Atlas 395,Smart Home,Vela,440.13,297.55,2016,12,0.465,SKU-VEL00296,Home Automation,Halo,Red,SUP037,Malaysia,2016-05-19,GST_STANDARD,Recycled box,True,True,"home automation designed for automated blind and curtain routines, in the halo family and supplied by vela with a 12-month warranty."
PRD0297,Candle Flux 396,Gaming,Candle,1360.98,978.11,2014,24,1.544,SKU-CAN00297,Gaming Hardware,Lumen,Gold,SUP001,Australia,2014-10-26,GST_STANDARD,Protective case,True,True,"gaming hardware designed for game streaming and media capture, in the lumen family and supplied by candle with a 24-month warranty."
PRD0298,Vela Pulse 397,Wearable,Vela,275.37,209.11,2017,12,0.096,SKU-VEL00298,Health Wearable,Nova,Green,SUP002,Japan,2017-01-07,GST_STANDARD,Protective case,True,True,"health wearable designed for habit reminders and everyday timekeeping, in the nova family and supplied by vela with a 12-month warranty."
PRD0299,Candle Vista 398,Networking,Candle,1391.83,920.54,2015,24,0.77,SKU-CAN00299,Connected Network,Orbit,Black,SUP003,Malaysia,2015-09-03,GST_STANDARD,Protective case,False,True,"connected network designed for extending coverage between rooms, in the orbit family and supplied by candle with a 24-month warranty."
PRD0300,Vela Core 399,Accessory,Vela,158.44,102.19,2016,12,0.132,SKU-VEL00300,Mobile Accessory,Pulse,Red,SUP004,Japan,2016-11-02,GST_STANDARD,Recycled box,True,True,"mobile accessory designed for hands-free device support in a shared workspace, in the pulse family and supplied by vela with a 12-month warranty."
PRD0301,Candle Lumen 400,Laptop,Candle,1938.69,1370.95,2016,24,1.937,SKU-CAN00301,Ultrabook,Quest,Red,SUP005,Vietnam,2016-06-06,GST_STANDARD,Recycled box,False,True,"ultrabook designed for portable document work and video meetings, in the quest family and supplied by candle with a 24-month warranty."
PRD0302,Vela Ridge 401,Smartphone,Vela,1259.27,660.37,2013,24,0.181,SKU-VEL00302,5G Smartphone,Ridge,Green,SUP006,China,2013-11-05,GST_STANDARD,Recycled box,False,True,"5g smartphone designed for daily communication and navigation, in the ridge family and supplied by vela with a 24-month warranty."
PRD0303,Candle Arc 402,Tablet,Candle,1407.52,967.17,2014,24,0.706,SKU-CAN00303,Productivity Tablet,Shift,White,SUP007,Australia,2014-07-09,GST_STANDARD,Recycled box,True,True,"productivity tablet designed for reading, annotation and handwritten notes, in the shift family and supplied by candle with a 24-month warranty."
PRD0304,Vela Echo 403,Home Entertainment,Vela,4012.3,2664.24,2012,24,9.993,SKU-VEL00304,Smart Display,Spark,Black,SUP008,Australia,2012-01-04,GST_STANDARD,Box,True,True,"smart display designed for shared film and television viewing, in the spark family and supplied by vela with a 24-month warranty."
PRD0305,Candle Orbit 404,Audio,Candle,387.39,275.67,2015,12,0.568,SKU-CAN00305,Wireless Audio,Vista,Graphite,SUP009,China,2015-06-13,GST_STANDARD,Protective case,True,True,"wireless audio designed for commuting and spoken-content listening, in the vista family and supplied by candle with a 12-month warranty."
PRD0306,Vela Spark 405,Smart Home,Vela,677.68,428.06,2014,12,0.45,SKU-VEL00306,Home Automation,Wave,Graphite,SUP010,China,2014-03-11,GST_STANDARD,Recycled box,True,True,"home automation designed for app-controlled room lighting, in the wave family and supplied by vela with a 12-month warranty."
PRD0307,Candle Bloom 406,Gaming,Candle,2209.06,1632.16,2016,24,1.124,SKU-CAN00307,Gaming Hardware,Arc,Gold,SUP011,Korea,2016-02-25,GST_STANDARD,Protective case,True,True,"gaming hardware designed for long desktop gaming sessions, in the arc family and supplied by candle with a 24-month warranty."
PRD0308,Vela Halo 407,Wearable,Vela,779.32,496.7,2015,12,0.092,SKU-VEL00308,Health Wearable,Atlas,Blue,SUP012,Korea,2015-03-16,GST_STANDARD,Box,True,True,"health wearable designed for daily activity and sleep tracking, in the atlas family and supplied by vela with a 12-month warranty."
PRD0309,Candle Quest 408,Networking,Candle,332.31,199.01,2014,24,0.709,SKU-CAN00309,Connected Network,Bloom,Graphite,SUP013,Korea,2014-04-15,GST_STANDARD,Box,False,True,"connected network designed for home-office wireless coverage, in the bloom family and supplied by candle with a 24-month warranty."
PRD0310,Vela Wave 409,Accessory,Vela,351.06,179.0,2013,12,0.195,SKU-VEL00310,Mobile Accessory,Core,Red,SUP014,Korea,2013-08-20,GST_STANDARD,Protective case,True,True,"mobile accessory designed for adjustable desk mounting and device positioning, in the core family and supplied by vela with a 12-month warranty."
PRD0311,Candle Edge 410,Laptop,Candle,3180.87,1944.6,2016,24,1.518,SKU-CAN00311,Ultrabook,Edge,Graphite,SUP015,Vietnam,2016-05-14,GST_STANDARD,Recycled box,True,True,"ultrabook designed for study, research and note taking, in the edge family and supplied by candle with a 24-month warranty."
PRD0312,Vela Nova 411,Smartphone,Vela,523.23,265.25,2016,24,0.16,SKU-VEL00312,5G Smartphone,Echo,Green,SUP016,Vietnam,2016-11-20,GST_STANDARD,Protective case,False,True,"5g smartphone designed for mobile photography and messaging, in the echo family and supplied by vela with a 24-month warranty."
PRD0313,Candle Shift 412,Tablet,Candle,1471.48,899.68,2014,24,0.794,SKU-CAN00313,Productivity Tablet,Flux,Blue,SUP017,Vietnam,2014-06-14,GST_STANDARD,Protective case,True,True,"productivity tablet designed for portable media and video calls, in the flux family and supplied by candle with a 24-month warranty."
PRD0314,Vela Atlas 413,Home Entertainment,Vela,1247.26,904.91,2015,24,9.426,SKU-VEL00314,Smart Display,Halo,Green,SUP018,Vietnam,2015-03-05,GST_STANDARD,Box,True,True,"smart display designed for music and spoken-content playback, in the halo family and supplied by vela with a 24-month warranty."
PRD0315,Candle Flux 414,Audio,Candle,74.41,41.33,2017,12,0.575,SKU-CAN00315,Wireless Audio,Lumen,White,SUP019,Vietnam,2017-09-09,GST_STANDARD,Recycled box,True,True,"wireless audio designed for music during focused desk work, in the lumen family and supplied by candle with a 12-month warranty."
PRD0316,Vela Pulse 415,Smart Home,Vela,816.98,581.27,2015,12,0.32,SKU-VEL00316,Home Automation,Nova,Gold,SUP020,Japan,2015-04-14,GST_STANDARD,Protective case,False,True,"home automation designed for scheduled control of a household power outlet, in the nova family and supplied by vela with a 12-month warranty."
PRD0317,Candle Vista 416,Gaming,Candle,1797.93,1211.34,2016,24,1.102,SKU-CAN00317,Gaming Hardware,Orbit,Gold,SUP021,Vietnam,2016-08-18,GST_STANDARD,Box,True,True,"gaming hardware designed for casual games in a shared room, in the orbit family and supplied by candle with a 24-month warranty."
PRD0318,Vela Core 417,Wearable,Vela,115.57,82.8,2017,12,0.088,SKU-VEL00318,Health Wearable,Pulse,Black,SUP022,Australia,2017-07-13,GST_STANDARD,Protective case,True,True,"health wearable designed for walking and commute notifications, in the pulse family and supplied by vela with a 12-month warranty."
PRD0319,Candle Lumen 418,Networking,Candle,1422.45,693.51,2017,24,0.734,SKU-CAN00319,Connected Network,Quest,Gold,SUP023,Malaysia,2017-09-18,GST_STANDARD,Box,False,True,"connected network designed for connecting several shared household devices, in the quest family and supplied by candle with a 24-month warranty."
PRD0320,Vela Ridge 419,Accessory,Vela,154.64,93.6,2016,12,0.131,SKU-VEL00320,Mobile Accessory,Ridge,Green,SUP024,Vietnam,2016-10-22,GST_STANDARD,Box,True,True,"mobile accessory designed for protective storage during travel, in the ridge family and supplied by vela with a 12-month warranty."
PRD0321,Candle Arc 420,Laptop,Candle,1131.25,575.74,2015,24,1.13,SKU-CAN00321,Ultrabook,Shift,Silver,SUP025,Australia,2015-09-26,GST_STANDARD,Recycled box,True,True,"ultrabook designed for creative projects and media editing, in the shift family and supplied by candle with a 24-month warranty."
PRD0322,Vela Echo 421,Smartphone,Vela,1844.93,1096.59,2012,24,0.229,SKU-VEL00322,5G Smartphone,Spark,Graphite,SUP026,China,2012-10-18,GST_STANDARD,Recycled box,True,False,"5g smartphone designed for work calls and calendar management, in the spark family and supplied by vela with a 24-month warranty."
PRD0323,Candle Orbit 422,Tablet,Candle,1220.6,706.79,2016,24,0.616,SKU-CAN00323,Productivity Tablet,Vista,Black,SUP027,Korea,2016-07-18,GST_STANDARD,Protective case,True,True,"productivity tablet designed for field forms and client presentations, in the vista family and supplied by candle with a 24-month warranty."
PRD0324,Vela Spark 423,Home Entertainment,Vela,3123.09,1543.09,2016,24,9.311,SKU-VEL00324,Smart Display,Wave,Gold,SUP028,Australia,2016-12-08,GST_STANDARD,Box,False,True,"smart display designed for family media streaming, in the wave family and supplied by vela with a 24-month warranty."
PRD0325,Candle Bloom 424,Audio,Candle,161.7,92.94,2016,12,0.541,SKU-CAN00325,Wireless Audio,Arc,Blue,SUP029,Australia,2016-07-26,GST_STANDARD,Protective case,True,True,"wireless audio designed for video calls and online classes, in the arc family and supplied by candle with a 12-month warranty."
PRD0326,Vela Halo 425,Smart Home,Vela,828.92,518.52,2012,12,0.315,SKU-VEL00326,Home Automation,Atlas,Black,SUP030,Japan,2012-08-13,GST_STANDARD,Recycled box,True,True,"home automation designed for indoor temperature and humidity monitoring, in the atlas family and supplied by vela with a 12-month warranty."
PRD0327,Candle Quest 426,Gaming,Candle,122.19,90.97,2015,24,0.903,SKU-CAN00327,Gaming Hardware,Bloom,Red,SUP031,Malaysia,2015-01-24,GST_STANDARD,Box,True,False,"gaming hardware designed for competitive play and voice communication, in the bloom family and supplied by candle with a 24-month warranty."
PRD0328,Vela Wave 427,Wearable,Vela,634.48,383.01,2012,12,0.094,SKU-VEL00328,Health Wearable,Core,Gold,SUP032,Japan,2012-12-06,GST_STANDARD,Box,True,True,"health wearable designed for exercise session summaries, in the core family and supplied by vela with a 12-month warranty."
PRD0329,Candle Edge 428,Networking,Candle,1326.77,844.16,2014,24,0.691,SKU-CAN00329,Connected Network,Edge,Red,SUP033,Korea,2014-09-04,GST_STANDARD,Box,True,True,"connected network designed for video meetings and media streaming, in the edge family and supplied by candle with a 24-month warranty."
PRD0330,Vela Nova 429,Accessory,Vela,265.81,170.68,2014,12,0.242,SKU-VEL00330,Mobile Accessory,Echo,Green,SUP034,Malaysia,2014-10-22,GST_STANDARD,Recycled box,True,True,"mobile accessory designed for charging-cable organisation, in the echo family and supplied by vela with a 12-month warranty."
PRD0331,Candle Shift 430,Laptop,Candle,1570.55,946.03,2016,24,1.724,SKU-CAN00331,Ultrabook,Flux,White,SUP035,Malaysia,2016-01-23,GST_STANDARD,Box,True,True,"ultrabook designed for shared home-office administration, in the flux family and supplied by candle with a 24-month warranty."
PRD0332,Vela Atlas 431,Smartphone,Vela,858.21,501.52,2017,24,0.291,SKU-VEL00332,5G Smartphone,Halo,Green,SUP036,Korea,2017-05-25,GST_STANDARD,Protective case,True,True,"5g smartphone designed for travel planning and media use, in the halo family and supplied by vela with a 24-month warranty."
PRD0333,Candle Flux 432,Tablet,Candle,454.01,252.58,2013,24,0.489,SKU-CAN00333,Productivity Tablet,Lumen,Blue,SUP037,China,2013-06-23,GST_STANDARD,Recycled box,False,True,"productivity tablet designed for family learning and shared browsing, in the lumen family and supplied by candle with a 24-month warranty."
PRD0334,Vela Pulse 433,Home Entertainment,Vela,1182.39,717.74,2015,24,7.43,SKU-VEL00334,Smart Display,Nova,Gold,SUP001,Australia,2015-11-20,GST_STANDARD,Box,True,True,"smart display designed for casual living-room gaming, in the nova family and supplied by vela with a 24-month warranty."
PRD0335,Candle Vista 434,Audio,Candle,1165.89,847.27,2014,12,0.659,SKU-CAN00335,Wireless Audio,Orbit,Silver,SUP002,Japan,2014-08-14,GST_STANDARD,Recycled box,True,True,"wireless audio designed for shared-room music playback, in the orbit family and supplied by candle with a 12-month warranty."
PRD0336,Vela Core 435,Smart Home,Vela,761.65,423.75,2016,12,0.378,SKU-VEL00336,Home Automation,Pulse,Red,SUP003,Japan,2016-04-01,GST_STANDARD,Protective case,True,True,"home automation designed for door and window activity alerts, in the pulse family and supplied by vela with a 12-month warranty."
PRD0337,Candle Lumen 436,Gaming,Candle,842.79,561.25,2016,24,1.166,SKU-CAN00337,Gaming Hardware,Quest,Red,SUP004,Japan,2016-02-01,GST_STANDARD,Box,False,True,"gaming hardware designed for portable gaming and travel, in the quest family and supplied by candle with a 24-month warranty."
PRD0338,Vela Ridge 437,Wearable,Vela,472.36,301.82,2012,12,0.163,SKU-VEL00338,Health Wearable,Ridge,Red,SUP005,Malaysia,2012-06-23,GST_STANDARD,Box,True,True,"health wearable designed for calendar alerts and quick message checks, in the ridge family and supplied by vela with a 12-month warranty."
PRD0339,Candle Arc 438,Networking,Candle,536.34,381.76,2014,24,0.527,SKU-CAN00339,Connected Network,Shift,Green,SUP006,Korea,2014-03-15,GST_STANDARD,Protective case,True,True,"connected network designed for guest-network and device management, in the shift family and supplied by candle with a 24-month warranty."
PRD0340,Vela Echo 439,Accessory,Vela,382.9,185.84,2013,12,0.242,SKU-VEL00340,Mobile Accessory,Spark,Silver,SUP007,Malaysia,2013-06-19,GST_STANDARD,Recycled box,False,True,"mobile accessory designed for connecting several devices through one compact adapter, in the spark family and supplied by vela with a 12-month warranty."
PRD0341,Candle Orbit 440,Laptop,Candle,1098.33,648.71,2013,24,1.751,SKU-CAN00341,Ultrabook,Vista,Black,SUP008,Japan,2013-06-11,GST_STANDARD,Box,True,True,"ultrabook designed for travel-based work and presentations, in the vista family and supplied by candle with a 24-month warranty."
PRD0342,Vela Spark 441,Smartphone,Vela,1179.87,638.6,2017,24,0.164,SKU-VEL00342,5G Smartphone,Wave,Green,SUP009,Korea,2017-10-14,GST_STANDARD,Protective case,True,True,"5g smartphone designed for family communication and casual apps, in the wave family and supplied by vela with a 24-month warranty."
PRD0343,Candle Bloom 442,Tablet,Candle,634.07,454.89,2014,24,0.6,SKU-CAN00343,Productivity Tablet,Arc,Blue,SUP010,Malaysia,2014-04-18,GST_STANDARD,Recycled box,True,True,"productivity tablet designed for drawing and lightweight creative work, in the arc family and supplied by candle with a 24-month warranty."
PRD0344,Vela Halo 443,Home Entertainment,Vela,1481.0,1092.64,2017,24,10.056,SKU-VEL00344,Smart Display,Atlas,White,SUP011,Japan,2017-01-01,GST_STANDARD,Box,False,True,"smart display designed for presentations and photo viewing, in the atlas family and supplied by vela with a 24-month warranty."
PRD0345,Candle Quest 444,Audio,Candle,1050.02,537.23,2014,12,0.443,SKU-CAN00345,Wireless Audio,Bloom,Gold,SUP012,Malaysia,2014-05-15,GST_STANDARD,Box,True,True,"wireless audio designed for long listening sessions at home, in the bloom family and supplied by candle with a 12-month warranty."
PRD0346,Vela Wave 445,Smart Home,Vela,470.11,317.83,2017,12,0.3,SKU-VEL00346,Home Automation,Core,Silver,SUP013,Vietnam,2017-10-26,GST_STANDARD,Protective case,True,True,"home automation designed for automated blind and curtain routines, in the core family and supplied by vela with a 12-month warranty."
PRD0347,Candle Edge 446,Gaming,Candle,1228.43,896.9,2017,24,1.338,SKU-CAN00347,Gaming Hardware,Edge,Red,SUP014,Australia,2017-06-23,GST_STANDARD,Box,True,True,"gaming hardware designed for game streaming and media capture, in the edge family and supplied by candle with a 24-month warranty."
PRD0348,Vela Nova 447,Wearable,Vela,643.07,350.54,2015,12,0.116,SKU-VEL00348,Health Wearable,Echo,Blue,SUP015,Australia,2015-11-08,GST_STANDARD,Box,True,True,"health wearable designed for habit reminders and everyday timekeeping, in the echo family and supplied by vela with a 12-month warranty."
PRD0349,Candle Shift 448,Networking,Candle,1342.94,824.24,2014,24,0.643,SKU-CAN00349,Connected Network,Flux,Blue,SUP016,Malaysia,2014-04-12,GST_STANDARD,Box,True,True,"connected network designed for extending coverage between rooms, in the flux family and supplied by candle with a 24-month warranty."
PRD0350,Vela Atlas 449,Accessory,Vela,142.11,103.73,2013,12,0.15,SKU-VEL00350,Mobile Accessory,Halo,Gold,SUP017,Japan,2013-09-14,GST_STANDARD,Box,True,True,"mobile accessory designed for hands-free device support in a shared workspace, in the halo family and supplied by vela with a 12-month warranty."
PRD0351,Candle Flux 450,Laptop,Candle,1461.95,735.57,2016,24,1.306,SKU-CAN00351,Ultrabook,Lumen,Graphite,SUP018,Malaysia,2016-10-14,GST_STANDARD,Recycled box,True,True,"ultrabook designed for portable document work and video meetings, in the lumen family and supplied by candle with a 24-month warranty."
PRD0352,Vela Pulse 451,Smartphone,Vela,1553.05,979.67,2013,24,0.278,SKU-VEL00352,5G Smartphone,Nova,White,SUP019,Malaysia,2013-12-07,GST_STANDARD,Box,True,True,"5g smartphone designed for daily communication and navigation, in the nova family and supplied by vela with a 24-month warranty."
PRD0353,Candle Vista 452,Tablet,Candle,1077.75,575.45,2013,24,0.497,SKU-CAN00353,Productivity Tablet,Orbit,Silver,SUP020,Korea,2013-07-06,GST_STANDARD,Box,True,False,"productivity tablet designed for reading, annotation and handwritten notes, in the orbit family and supplied by candle with a 24-month warranty."
PRD0354,Vela Core 453,Home Entertainment,Vela,1130.05,780.87,2013,24,8.63,SKU-VEL00354,Smart Display,Pulse,Green,SUP021,China,2013-12-10,GST_STANDARD,Box,True,True,"smart display designed for shared film and television viewing, in the pulse family and supplied by vela with a 24-month warranty."
PRD0355,Candle Lumen 454,Audio,Candle,714.36,366.82,2012,12,0.661,SKU-CAN00355,Wireless Audio,Quest,Silver,SUP022,Malaysia,2012-04-10,GST_STANDARD,Box,True,True,"wireless audio designed for commuting and spoken-content listening, in the quest family and supplied by candle with a 12-month warranty."
PRD0356,Vela Ridge 455,Smart Home,Vela,365.08,202.71,2014,12,0.45,SKU-VEL00356,Home Automation,Ridge,Silver,SUP023,Australia,2014-02-26,GST_STANDARD,Protective case,True,True,"home automation designed for app-controlled room lighting, in the ridge family and supplied by vela with a 12-month warranty."
PRD0357,Candle Arc 456,Gaming,Candle,902.95,474.62,2013,24,1.464,SKU-CAN00357,Gaming Hardware,Shift,Black,SUP024,Korea,2013-11-05,GST_STANDARD,Protective case,False,False,"gaming hardware designed for long desktop gaming sessions, in the shift family and supplied by candle with a 24-month warranty."
PRD0358,Vela Echo 457,Wearable,Vela,761.53,442.71,2013,12,0.136,SKU-VEL00358,Health Wearable,Spark,Green,SUP025,Australia,2013-11-26,GST_STANDARD,Box,True,True,"health wearable designed for daily activity and sleep tracking, in the spark family and supplied by vela with a 12-month warranty."
PRD0359,Candle Orbit 458,Networking,Candle,196.54,125.42,2014,24,0.725,SKU-CAN00359,Connected Network,Vista,Graphite,SUP026,China,2014-08-22,GST_STANDARD,Protective case,False,True,"connected network designed for home-office wireless coverage, in the vista family and supplied by candle with a 24-month warranty."
PRD0360,Vela Spark 459,Accessory,Vela,387.48,218.82,2017,12,0.218,SKU-VEL00360,Mobile Accessory,Wave,Green,SUP027,Japan,2017-02-06,GST_STANDARD,Protective case,False,True,"mobile accessory designed for adjustable desk mounting and device positioning, in the wave family and supplied by vela with a 12-month warranty."
PRD0361,Candle Bloom 460,Laptop,Candle,2730.19,1891.08,2013,24,2.038,SKU-CAN00361,Ultrabook,Arc,Gold,SUP028,Vietnam,2013-02-22,GST_STANDARD,Box,True,True,"ultrabook designed for study, research and note taking, in the arc family and supplied by candle with a 24-month warranty."
PRD0362,Vela Halo 461,Smartphone,Vela,1208.57,610.9,2016,24,0.164,SKU-VEL00362,5G Smartphone,Atlas,Silver,SUP029,China,2016-02-03,GST_STANDARD,Box,True,True,"5g smartphone designed for mobile photography and messaging, in the atlas family and supplied by vela with a 24-month warranty."
PRD0363,Candle Quest 462,Tablet,Candle,924.17,532.11,2014,24,0.479,SKU-CAN00363,Productivity Tablet,Bloom,Green,SUP030,Korea,2014-01-21,GST_STANDARD,Recycled box,True,True,"productivity tablet designed for portable media and video calls, in the bloom family and supplied by candle with a 24-month warranty."
PRD0364,Vela Wave 463,Home Entertainment,Vela,4084.62,2521.69,2017,24,9.569,SKU-VEL00364,Smart Display,Core,Graphite,SUP031,Vietnam,2017-03-09,GST_STANDARD,Recycled box,True,True,"smart display designed for music and spoken-content playback, in the core family and supplied by vela with a 24-month warranty."
PRD0365,Candle Edge 464,Audio,Candle,489.23,315.77,2013,12,0.384,SKU-CAN00365,Wireless Audio,Edge,Graphite,SUP032,Australia,2013-04-10,GST_STANDARD,Box,True,True,"wireless audio designed for music during focused desk work, in the edge family and supplied by candle with a 12-month warranty."
PRD0366,Vela Nova 465,Smart Home,Vela,547.49,355.86,2015,12,0.343,SKU-VEL00366,Home Automation,Echo,Red,SUP033,Malaysia,2015-03-05,GST_STANDARD,Box,False,True,"home automation designed for scheduled control of a household power outlet, in the echo family and supplied by vela with a 12-month warranty."
PRD0367,Candle Shift 466,Gaming,Candle,1143.76,637.51,2012,24,1.245,SKU-CAN00367,Gaming Hardware,Flux,Red,SUP034,Malaysia,2012-10-05,GST_STANDARD,Box,True,True,"gaming hardware designed for casual games in a shared room, in the flux family and supplied by candle with a 24-month warranty."
PRD0368,Vela Atlas 467,Wearable,Vela,919.95,624.35,2014,12,0.106,SKU-VEL00368,Health Wearable,Halo,Graphite,SUP035,Malaysia,2014-11-12,GST_STANDARD,Box,True,True,"health wearable designed for walking and commute notifications, in the halo family and supplied by vela with a 12-month warranty."
PRD0369,Candle Flux 468,Networking,Candle,429.26,227.49,2012,24,0.926,SKU-CAN00369,Connected Network,Lumen,Graphite,SUP036,China,2012-09-20,GST_STANDARD,Protective case,False,True,"connected network designed for connecting several shared household devices, in the lumen family and supplied by candle with a 24-month warranty."
PRD0370,Vela Pulse 469,Accessory,Vela,206.12,145.09,2012,12,0.146,SKU-VEL00370,Mobile Accessory,Nova,White,SUP037,Malaysia,2012-03-24,GST_STANDARD,Box,True,True,"mobile accessory designed for protective storage during travel, in the nova family and supplied by vela with a 12-month warranty."
PRD0371,Candle Vista 470,Laptop,Candle,2628.93,1416.75,2014,24,1.751,SKU-CAN00371,Ultrabook,Orbit,Gold,SUP001,Vietnam,2014-05-14,GST_STANDARD,Recycled box,False,True,"ultrabook designed for creative projects and media editing, in the orbit family and supplied by candle with a 24-month warranty."
PRD0372,Vela Core 471,Smartphone,Vela,1308.61,984.58,2016,24,0.202,SKU-VEL00372,5G Smartphone,Pulse,Graphite,SUP002,Malaysia,2016-12-05,GST_STANDARD,Box,False,True,"5g smartphone designed for work calls and calendar management, in the pulse family and supplied by vela with a 24-month warranty."
PRD0373,Candle Lumen 472,Tablet,Candle,1277.27,959.43,2013,24,0.592,SKU-CAN00373,Productivity Tablet,Quest,Graphite,SUP003,Korea,2013-03-27,GST_STANDARD,Protective case,False,True,"productivity tablet designed for field forms and client presentations, in the quest family and supplied by candle with a 24-month warranty."
PRD0374,Vela Ridge 473,Home Entertainment,Vela,772.23,374.09,2012,24,9.777,SKU-VEL00374,Smart Display,Ridge,Gold,SUP004,Australia,2012-02-25,GST_STANDARD,Recycled box,True,True,"smart display designed for family media streaming, in the ridge family and supplied by vela with a 24-month warranty."
PRD0375,Candle Arc 474,Audio,Candle,495.35,298.91,2015,12,0.592,SKU-CAN00375,Wireless Audio,Shift,Graphite,SUP005,China,2015-05-21,GST_STANDARD,Protective case,True,True,"wireless audio designed for video calls and online classes, in the shift family and supplied by candle with a 12-month warranty."
PRD0376,Vela Echo 475,Smart Home,Vela,810.62,472.25,2012,12,0.274,SKU-VEL00376,Home Automation,Spark,White,SUP006,Malaysia,2012-09-11,GST_STANDARD,Recycled box,True,True,"home automation designed for indoor temperature and humidity monitoring, in the spark family and supplied by vela with a 12-month warranty."
PRD0377,Candle Orbit 476,Gaming,Candle,726.19,410.26,2015,24,0.995,SKU-CAN00377,Gaming Hardware,Vista,Gold,SUP007,Korea,2015-01-09,GST_STANDARD,Protective case,False,True,"gaming hardware designed for competitive play and voice communication, in the vista family and supplied by candle with a 24-month warranty."
PRD0378,Vela Spark 477,Wearable,Vela,857.8,462.89,2016,12,0.146,SKU-VEL00378,Health Wearable,Wave,Red,SUP008,Malaysia,2016-06-25,GST_STANDARD,Recycled box,False,True,"health wearable designed for exercise session summaries, in the wave family and supplied by vela with a 12-month warranty."
PRD0379,Candle Bloom 478,Networking,Candle,989.35,484.1,2014,24,0.861,SKU-CAN00379,Connected Network,Arc,Black,SUP009,Korea,2014-02-02,GST_STANDARD,Recycled box,True,True,"connected network designed for video meetings and media streaming, in the arc family and supplied by candle with a 24-month warranty."
PRD0380,Vela Halo 479,Accessory,Vela,318.45,213.71,2015,12,0.183,SKU-VEL00380,Mobile Accessory,Atlas,White,SUP010,Australia,2015-06-25,GST_STANDARD,Box,False,False,"mobile accessory designed for charging-cable organisation, in the atlas family and supplied by vela with a 12-month warranty."
PRD0381,Candle Quest 480,Laptop,Candle,2181.63,1550.4,2017,24,1.517,SKU-CAN00381,Ultrabook,Bloom,Silver,SUP011,Malaysia,2017-10-23,GST_STANDARD,Protective case,True,False,"ultrabook designed for shared home-office administration, in the bloom family and supplied by candle with a 24-month warranty."
PRD0382,Vela Wave 481,Smartphone,Vela,1213.23,830.25,2014,24,0.213,SKU-VEL00382,5G Smartphone,Core,Red,SUP012,Australia,2014-06-14,GST_STANDARD,Box,True,True,"5g smartphone designed for travel planning and media use, in the core family and supplied by vela with a 24-month warranty."
PRD0383,Candle Edge 482,Tablet,Candle,584.39,415.48,2017,24,0.688,SKU-CAN00383,Productivity Tablet,Edge,Gold,SUP013,Vietnam,2017-07-26,GST_STANDARD,Box,False,True,"productivity tablet designed for family learning and shared browsing, in the edge family and supplied by candle with a 24-month warranty."
PRD0384,Vela Nova 483,Home Entertainment,Vela,2575.32,1889.1,2013,24,6.064,SKU-VEL00384,Smart Display,Echo,Gold,SUP014,Japan,2013-12-14,GST_STANDARD,Box,False,True,"smart display designed for casual living-room gaming, in the echo family and supplied by vela with a 24-month warranty."
PRD0385,Candle Shift 484,Audio,Candle,812.79,482.62,2015,12,0.637,SKU-CAN00385,Wireless Audio,Flux,Gold,SUP015,Malaysia,2015-03-04,GST_STANDARD,Box,True,True,"wireless audio designed for shared-room music playback, in the flux family and supplied by candle with a 12-month warranty."
PRD0386,Vela Atlas 485,Smart Home,Vela,167.3,97.8,2013,12,0.262,SKU-VEL00386,Home Automation,Halo,Silver,SUP016,Malaysia,2013-02-01,GST_STANDARD,Box,True,True,"home automation designed for door and window activity alerts, in the halo family and supplied by vela with a 12-month warranty."
PRD0387,Candle Flux 486,Gaming,Candle,2583.21,1881.28,2017,24,1.208,SKU-CAN00387,Gaming Hardware,Lumen,Blue,SUP017,China,2017-06-20,GST_STANDARD,Recycled box,True,True,"gaming hardware designed for portable gaming and travel, in the lumen family and supplied by candle with a 24-month warranty."
PRD0388,Vela Pulse 487,Wearable,Vela,652.95,315.3,2014,12,0.089,SKU-VEL00388,Health Wearable,Nova,Green,SUP018,Vietnam,2014-11-01,GST_STANDARD,Protective case,True,True,"health wearable designed for calendar alerts and quick message checks, in the nova family and supplied by vela with a 12-month warranty."
PRD0389,Candle Vista 488,Networking,Candle,562.64,328.95,2013,24,0.616,SKU-CAN00389,Connected Network,Orbit,Red,SUP019,Australia,2013-07-22,GST_STANDARD,Protective case,True,True,"connected network designed for guest-network and device management, in the orbit family and supplied by candle with a 24-month warranty."
PRD0390,Vela Core 489,Accessory,Vela,254.28,191.2,2017,12,0.152,SKU-VEL00390,Mobile Accessory,Pulse,Blue,SUP020,Korea,2017-08-04,GST_STANDARD,Box,True,True,"mobile accessory designed for connecting several devices through one compact adapter, in the pulse family and supplied by vela with a 12-month warranty."
PRD0391,Candle Lumen 490,Laptop,Candle,1640.32,898.84,2016,24,1.818,SKU-CAN00391,Ultrabook,Quest,Gold,SUP021,Japan,2016-04-25,GST_STANDARD,Recycled box,True,False,"ultrabook designed for travel-based work and presentations, in the quest family and supplied by candle with a 24-month warranty."
PRD0392,Vela Ridge 491,Smartphone,Vela,827.61,437.97,2012,24,0.185,SKU-VEL00392,5G Smartphone,Ridge,Silver,SUP022,Japan,2012-07-08,GST_STANDARD,Protective case,True,True,"5g smartphone designed for family communication and casual apps, in the ridge family and supplied by vela with a 24-month warranty."
PRD0393,Candle Arc 492,Tablet,Candle,310.3,233.97,2013,24,0.689,SKU-CAN00393,Productivity Tablet,Shift,Blue,SUP023,China,2013-08-03,GST_STANDARD,Recycled box,False,True,"productivity tablet designed for drawing and lightweight creative work, in the shift family and supplied by candle with a 24-month warranty."
PRD0394,Vela Echo 493,Home Entertainment,Vela,3851.33,2008.75,2017,24,6.463,SKU-VEL00394,Smart Display,Spark,Silver,SUP024,Vietnam,2017-07-23,GST_STANDARD,Protective case,True,True,"smart display designed for presentations and photo viewing, in the spark family and supplied by vela with a 24-month warranty."
PRD0395,Candle Orbit 494,Audio,Candle,700.42,379.4,2012,12,0.507,SKU-CAN00395,Wireless Audio,Vista,Red,SUP025,Korea,2012-06-20,GST_STANDARD,Recycled box,True,True,"wireless audio designed for long listening sessions at home, in the vista family and supplied by candle with a 12-month warranty."
PRD0396,Vela Spark 495,Smart Home,Vela,385.11,278.99,2012,12,0.372,SKU-VEL00396,Home Automation,Wave,Gold,SUP026,Malaysia,2012-05-17,GST_STANDARD,Protective case,True,True,"home automation designed for automated blind and curtain routines, in the wave family and supplied by vela with a 12-month warranty."
PRD0397,Candle Bloom 496,Gaming,Candle,719.35,460.57,2017,24,0.965,SKU-CAN00397,Gaming Hardware,Arc,Graphite,SUP027,Japan,2017-10-22,GST_STANDARD,Protective case,False,True,"gaming hardware designed for game streaming and media capture, in the arc family and supplied by candle with a 24-month warranty."
PRD0398,Vela Halo 497,Wearable,Vela,809.04,453.62,2014,12,0.139,SKU-VEL00398,Health Wearable,Atlas,White,SUP028,Korea,2014-06-23,GST_STANDARD,Protective case,True,True,"health wearable designed for habit reminders and everyday timekeeping, in the atlas family and supplied by vela with a 12-month warranty."
PRD0399,Candle Quest 498,Networking,Candle,545.36,378.94,2012,24,0.831,SKU-CAN00399,Connected Network,Bloom,Graphite,SUP029,Japan,2012-04-05,GST_STANDARD,Box,True,True,"connected network designed for extending coverage between rooms, in the bloom family and supplied by candle with a 24-month warranty."
PRD0400,Vela Wave 499,Accessory,Vela,249.11,185.57,2017,12,0.243,SKU-VEL00400,Mobile Accessory,Core,Red,SUP030,Japan,2017-12-22,GST_STANDARD,Recycled box,False,True,"mobile accessory designed for hands-free device support in a shared workspace, in the core family and supplied by vela with a 12-month warranty."
PRD0401,Candle Edge 500,Laptop,Candle,1079.31,579.77,2012,24,1.608,SKU-CAN00401,Ultrabook,Edge,Silver,SUP031,Vietnam,2012-11-22,GST_STANDARD,Recycled box,False,True,"ultrabook designed for portable document work and video meetings, in the edge family and supplied by candle with a 24-month warranty."
PRD0402,Vela Nova 501,Smartphone,Vela,400.07,245.29,2015,24,0.213,SKU-VEL00402,5G Smartphone,Echo,Blue,SUP032,Malaysia,2015-01-13,GST_STANDARD,Box,False,True,"5g smartphone designed for daily communication and navigation, in the echo family and supplied by vela with a 24-month warranty."
PRD0403,Candle Shift 502,Tablet,Candle,1021.92,615.25,2017,24,0.496,SKU-CAN00403,Productivity Tablet,Flux,Green,SUP033,Australia,2017-05-06,GST_STANDARD,Box,True,True,"productivity tablet designed for reading, annotation and handwritten notes, in the flux family and supplied by candle with a 24-month warranty."
PRD0404,Vela Atlas 503,Home Entertainment,Vela,3000.72,1708.1,2013,24,7.335,SKU-VEL00404,Smart Display,Halo,Green,SUP034,Korea,2013-01-17,GST_STANDARD,Protective case,True,True,"smart display designed for shared film and television viewing, in the halo family and supplied by vela with a 24-month warranty."
PRD0405,Candle Flux 504,Audio,Candle,842.76,549.21,2012,12,0.637,SKU-CAN00405,Wireless Audio,Lumen,Red,SUP035,Vietnam,2012-07-09,GST_STANDARD,Protective case,False,True,"wireless audio designed for commuting and spoken-content listening, in the lumen family and supplied by candle with a 12-month warranty."
PRD0406,Vela Pulse 505,Smart Home,Vela,482.25,360.6,2016,12,0.277,SKU-VEL00406,Home Automation,Nova,White,SUP036,Malaysia,2016-02-17,GST_STANDARD,Recycled box,False,False,"home automation designed for app-controlled room lighting, in the nova family and supplied by vela with a 12-month warranty."
PRD0407,Candle Vista 506,Gaming,Candle,2508.69,1226.5,2015,24,1.063,SKU-CAN00407,Gaming Hardware,Orbit,Green,SUP037,Korea,2015-07-11,GST_STANDARD,Recycled box,False,True,"gaming hardware designed for long desktop gaming sessions, in the orbit family and supplied by candle with a 24-month warranty."
PRD0408,Vela Core 507,Wearable,Vela,402.17,217.91,2012,12,0.125,SKU-VEL00408,Health Wearable,Pulse,Silver,SUP001,Malaysia,2012-12-26,GST_STANDARD,Box,False,True,"health wearable designed for daily activity and sleep tracking, in the pulse family and supplied by vela with a 12-month warranty."
PRD0409,Candle Lumen 508,Networking,Candle,200.48,138.52,2013,24,0.608,SKU-CAN00409,Connected Network,Quest,Black,SUP002,Malaysia,2013-02-01,GST_STANDARD,Protective case,True,True,"connected network designed for home-office wireless coverage, in the quest family and supplied by candle with a 24-month warranty."
PRD0410,Vela Ridge 509,Accessory,Vela,401.28,297.82,2014,12,0.159,SKU-VEL00410,Mobile Accessory,Ridge,Gold,SUP003,Japan,2014-04-08,GST_STANDARD,Recycled box,True,True,"mobile accessory designed for adjustable desk mounting and device positioning, in the ridge family and supplied by vela with a 12-month warranty."
PRD0411,Candle Arc 510,Laptop,Candle,1693.96,836.9,2015,24,1.692,SKU-CAN00411,Ultrabook,Shift,White,SUP004,Malaysia,2015-06-26,GST_STANDARD,Recycled box,False,True,"ultrabook designed for study, research and note taking, in the shift family and supplied by candle with a 24-month warranty."
PRD0412,Vela Echo 511,Smartphone,Vela,1872.56,1195.48,2016,24,0.276,SKU-VEL00412,5G Smartphone,Spark,Blue,SUP005,Malaysia,2016-05-03,GST_STANDARD,Recycled box,True,True,"5g smartphone designed for mobile photography and messaging, in the spark family and supplied by vela with a 24-month warranty."
PRD0413,Candle Orbit 512,Tablet,Candle,420.29,317.53,2014,24,0.539,SKU-CAN00413,Productivity Tablet,Vista,Gold,SUP006,Korea,2014-08-18,GST_STANDARD,Protective case,True,False,"productivity tablet designed for portable media and video calls, in the vista family and supplied by candle with a 24-month warranty."
PRD0414,Vela Spark 513,Home Entertainment,Vela,2893.28,1992.37,2015,24,9.012,SKU-VEL00414,Smart Display,Wave,Graphite,SUP007,Vietnam,2015-08-18,GST_STANDARD,Box,True,True,"smart display designed for music and spoken-content playback, in the wave family and supplied by vela with a 24-month warranty."
PRD0415,Candle Bloom 514,Audio,Candle,111.92,81.99,2012,12,0.504,SKU-CAN00415,Wireless Audio,Arc,White,SUP008,Korea,2012-12-23,GST_STANDARD,Box,True,True,"wireless audio designed for music during focused desk work, in the arc family and supplied by candle with a 12-month warranty."
PRD0416,Vela Halo 515,Smart Home,Vela,749.76,524.76,2012,12,0.457,SKU-VEL00416,Home Automation,Atlas,Red,SUP009,Korea,2012-10-11,GST_STANDARD,Protective case,True,True,"home automation designed for scheduled control of a household power outlet, in the atlas family and supplied by vela with a 12-month warranty."
PRD0417,Candle Quest 516,Gaming,Candle,876.48,571.36,2016,24,0.909,SKU-CAN00417,Gaming Hardware,Bloom,Graphite,SUP010,Vietnam,2016-09-03,GST_STANDARD,Box,False,True,"gaming hardware designed for casual games in a shared room, in the bloom family and supplied by candle with a 24-month warranty."
PRD0418,Vela Wave 517,Wearable,Vela,584.01,354.22,2014,12,0.13,SKU-VEL00418,Health Wearable,Core,White,SUP011,Japan,2014-09-11,GST_STANDARD,Box,True,True,"health wearable designed for walking and commute notifications, in the core family and supplied by vela with a 12-month warranty."
PRD0419,Candle Edge 518,Networking,Candle,100.25,67.34,2014,24,0.57,SKU-CAN00419,Connected Network,Edge,White,SUP012,Korea,2014-04-16,GST_STANDARD,Recycled box,True,True,"connected network designed for connecting several shared household devices, in the edge family and supplied by candle with a 24-month warranty."
PRD0420,Vela Nova 519,Accessory,Vela,399.59,242.53,2014,12,0.202,SKU-VEL00420,Mobile Accessory,Echo,Graphite,SUP013,China,2014-05-25,GST_STANDARD,Recycled box,True,True,"mobile accessory designed for protective storage during travel, in the echo family and supplied by vela with a 12-month warranty."
PRD0421,Candle Shift 520,Laptop,Candle,1234.35,838.67,2012,24,1.315,SKU-CAN00421,Ultrabook,Flux,White,SUP014,Korea,2012-03-08,GST_STANDARD,Box,True,True,"ultrabook designed for creative projects and media editing, in the flux family and supplied by candle with a 24-month warranty."
PRD0422,Vela Atlas 521,Smartphone,Vela,359.3,183.17,2013,24,0.277,SKU-VEL00422,5G Smartphone,Halo,Red,SUP015,Australia,2013-05-26,GST_STANDARD,Box,True,True,"5g smartphone designed for work calls and calendar management, in the halo family and supplied by vela with a 24-month warranty."
PRD0423,Candle Flux 522,Tablet,Candle,684.99,415.74,2017,24,0.588,SKU-CAN00423,Productivity Tablet,Lumen,White,SUP016,Korea,2017-02-21,GST_STANDARD,Protective case,True,True,"productivity tablet designed for field forms and client presentations, in the lumen family and supplied by candle with a 24-month warranty."
PRD0424,Vela Pulse 523,Home Entertainment,Vela,937.77,608.59,2016,24,6.928,SKU-VEL00424,Smart Display,Nova,Green,SUP017,Japan,2016-08-21,GST_STANDARD,Box,False,True,"smart display designed for family media streaming, in the nova family and supplied by vela with a 24-month warranty."
PRD0425,Candle Vista 524,Audio,Candle,932.26,473.05,2012,12,0.359,SKU-CAN00425,Wireless Audio,Orbit,Black,SUP018,Korea,2012-10-09,GST_STANDARD,Protective case,True,True,"wireless audio designed for video calls and online classes, in the orbit family and supplied by candle with a 12-month warranty."
PRD0426,Vela Core 525,Smart Home,Vela,690.03,465.49,2015,12,0.468,SKU-VEL00426,Home Automation,Pulse,Gold,SUP019,Malaysia,2015-02-19,GST_STANDARD,Protective case,True,True,"home automation designed for indoor temperature and humidity monitoring, in the pulse family and supplied by vela with a 12-month warranty."
PRD0427,Candle Lumen 526,Gaming,Candle,241.58,122.19,2014,24,0.983,SKU-CAN00427,Gaming Hardware,Quest,Graphite,SUP020,Vietnam,2014-08-25,GST_STANDARD,Box,False,True,"gaming hardware designed for competitive play and voice communication, in the quest family and supplied by candle with a 24-month warranty."
PRD0428,Vela Ridge 527,Wearable,Vela,1044.38,726.47,2013,12,0.087,SKU-VEL00428,Health Wearable,Ridge,Blue,SUP021,China,2013-02-14,GST_STANDARD,Protective case,False,True,"health wearable designed for exercise session summaries, in the ridge family and supplied by vela with a 12-month warranty."
PRD0429,Candle Arc 528,Networking,Candle,251.33,137.98,2012,24,0.586,SKU-CAN00429,Connected Network,Shift,Blue,SUP022,Australia,2012-03-27,GST_STANDARD,Box,True,True,"connected network designed for video meetings and media streaming, in the shift family and supplied by candle with a 24-month warranty."
PRD0430,Vela Echo 529,Accessory,Vela,397.28,271.1,2013,12,0.131,SKU-VEL00430,Mobile Accessory,Spark,Green,SUP023,Vietnam,2013-06-25,GST_STANDARD,Box,True,False,"mobile accessory designed for charging-cable organisation, in the spark family and supplied by vela with a 12-month warranty."
PRD0431,Candle Orbit 530,Laptop,Candle,1892.24,1150.87,2014,24,1.384,SKU-CAN00431,Ultrabook,Vista,Gold,SUP024,Vietnam,2014-05-01,GST_STANDARD,Protective case,True,True,"ultrabook designed for shared home-office administration, in the vista family and supplied by candle with a 24-month warranty."
PRD0432,Vela Spark 531,Smartphone,Vela,390.19,210.29,2014,24,0.159,SKU-VEL00432,5G Smartphone,Wave,Green,SUP025,China,2014-01-11,GST_STANDARD,Box,True,True,"5g smartphone designed for travel planning and media use, in the wave family and supplied by vela with a 24-month warranty."
PRD0433,Candle Bloom 532,Tablet,Candle,456.5,245.89,2016,24,0.813,SKU-CAN00433,Productivity Tablet,Arc,Graphite,SUP026,Malaysia,2016-09-03,GST_STANDARD,Protective case,True,False,"productivity tablet designed for family learning and shared browsing, in the arc family and supplied by candle with a 24-month warranty."
PRD0434,Vela Halo 533,Home Entertainment,Vela,1483.17,729.41,2014,24,5.489,SKU-VEL00434,Smart Display,Atlas,Red,SUP027,Japan,2014-09-05,GST_STANDARD,Box,True,True,"smart display designed for casual living-room gaming, in the atlas family and supplied by vela with a 24-month warranty."
PRD0435,Candle Quest 534,Audio,Candle,306.84,183.9,2013,12,0.418,SKU-CAN00435,Wireless Audio,Bloom,Black,SUP028,Korea,2013-06-05,GST_STANDARD,Recycled box,True,True,"wireless audio designed for shared-room music playback, in the bloom family and supplied by candle with a 12-month warranty."
PRD0436,Vela Wave 535,Smart Home,Vela,180.16,130.33,2016,12,0.39,SKU-VEL00436,Home Automation,Core,Gold,SUP029,Australia,2016-10-16,GST_STANDARD,Recycled box,True,True,"home automation designed for door and window activity alerts, in the core family and supplied by vela with a 12-month warranty."
PRD0437,Candle Edge 536,Gaming,Candle,2045.28,1169.56,2012,24,1.013,SKU-CAN00437,Gaming Hardware,Edge,Graphite,SUP030,Malaysia,2012-02-11,GST_STANDARD,Box,True,True,"gaming hardware designed for portable gaming and travel, in the edge family and supplied by candle with a 24-month warranty."
PRD0438,Vela Nova 537,Wearable,Vela,767.87,420.6,2016,12,0.14,SKU-VEL00438,Health Wearable,Echo,Green,SUP031,Japan,2016-04-06,GST_STANDARD,Recycled box,True,True,"health wearable designed for calendar alerts and quick message checks, in the echo family and supplied by vela with a 12-month warranty."
PRD0439,Candle Shift 538,Networking,Candle,74.96,49.32,2016,24,0.733,SKU-CAN00439,Connected Network,Flux,Red,SUP032,Korea,2016-01-16,GST_STANDARD,Protective case,True,True,"connected network designed for guest-network and device management, in the flux family and supplied by candle with a 24-month warranty."
PRD0440,Vela Atlas 539,Accessory,Vela,413.05,252.48,2016,12,0.182,SKU-VEL00440,Mobile Accessory,Halo,Black,SUP033,Japan,2016-06-23,GST_STANDARD,Protective case,False,True,"mobile accessory designed for connecting several devices through one compact adapter, in the halo family and supplied by vela with a 12-month warranty."
PRD0441,Candle Flux 540,Laptop,Candle,1203.85,672.38,2017,24,1.736,SKU-CAN00441,Ultrabook,Lumen,Graphite,SUP034,Malaysia,2017-06-11,GST_STANDARD,Box,True,True,"ultrabook designed for travel-based work and presentations, in the lumen family and supplied by candle with a 24-month warranty."
PRD0442,Vela Pulse 541,Smartphone,Vela,1758.97,1262.05,2016,24,0.205,SKU-VEL00442,5G Smartphone,Nova,Red,SUP035,Korea,2016-08-26,GST_STANDARD,Protective case,True,True,"5g smartphone designed for family communication and casual apps, in the nova family and supplied by vela with a 24-month warranty."
PRD0443,Candle Vista 542,Tablet,Candle,681.97,449.6,2013,24,0.595,SKU-CAN00443,Productivity Tablet,Orbit,White,SUP036,Australia,2013-12-09,GST_STANDARD,Protective case,True,True,"productivity tablet designed for drawing and lightweight creative work, in the orbit family and supplied by candle with a 24-month warranty."
PRD0444,Vela Core 543,Home Entertainment,Vela,1415.02,878.63,2012,24,7.671,SKU-VEL00444,Smart Display,Pulse,Graphite,SUP037,Malaysia,2012-06-05,GST_STANDARD,Recycled box,True,True,"smart display designed for presentations and photo viewing, in the pulse family and supplied by vela with a 24-month warranty."
PRD0445,Candle Lumen 544,Audio,Candle,830.34,607.55,2017,12,0.614,SKU-CAN00445,Wireless Audio,Quest,Blue,SUP001,Vietnam,2017-08-19,GST_STANDARD,Protective case,True,True,"wireless audio designed for long listening sessions at home, in the quest family and supplied by candle with a 12-month warranty."
PRD0446,Vela Ridge 545,Smart Home,Vela,168.08,81.86,2014,12,0.358,SKU-VEL00446,Home Automation,Ridge,White,SUP002,China,2014-11-19,GST_STANDARD,Recycled box,False,True,"home automation designed for automated blind and curtain routines, in the ridge family and supplied by vela with a 12-month warranty."
PRD0447,Candle Arc 546,Gaming,Candle,1044.91,548.16,2012,24,1.547,SKU-CAN00447,Gaming Hardware,Shift,Graphite,SUP003,Vietnam,2012-11-21,GST_STANDARD,Protective case,False,True,"gaming hardware designed for game streaming and media capture, in the shift family and supplied by candle with a 24-month warranty."
PRD0448,Vela Echo 547,Wearable,Vela,1025.21,577.17,2012,12,0.141,SKU-VEL00448,Health Wearable,Spark,White,SUP004,China,2012-07-09,GST_STANDARD,Protective case,False,True,"health wearable designed for habit reminders and everyday timekeeping, in the spark family and supplied by vela with a 12-month warranty."
PRD0449,Candle Orbit 548,Networking,Candle,168.36,121.17,2012,24,0.894,SKU-CAN00449,Connected Network,Vista,Graphite,SUP005,Vietnam,2012-05-07,GST_STANDARD,Box,True,True,"connected network designed for extending coverage between rooms, in the vista family and supplied by candle with a 24-month warranty."
PRD0450,Vela Spark 549,Accessory,Vela,212.69,132.66,2012,12,0.222,SKU-VEL00450,Mobile Accessory,Wave,Gold,SUP006,Australia,2012-02-25,GST_STANDARD,Recycled box,False,True,"mobile accessory designed for hands-free device support in a shared workspace, in the wave family and supplied by vela with a 12-month warranty."
PRD0451,Candle Bloom 550,Laptop,Candle,2985.26,1557.32,2016,24,1.453,SKU-CAN00451,Ultrabook,Arc,Green,SUP007,Australia,2016-08-01,GST_STANDARD,Recycled box,True,True,"ultrabook designed for portable document work and video meetings, in the arc family and supplied by candle with a 24-month warranty."
PRD0452,Vela Halo 551,Smartphone,Vela,1373.84,880.15,2013,24,0.18,SKU-VEL00452,5G Smartphone,Atlas,Green,SUP008,China,2013-11-24,GST_STANDARD,Box,True,True,"5g smartphone designed for daily communication and navigation, in the atlas family and supplied by vela with a 24-month warranty."
PRD0453,Candle Quest 552,Tablet,Candle,481.9,293.78,2013,24,0.701,SKU-CAN00453,Productivity Tablet,Bloom,Green,SUP009,Australia,2013-03-26,GST_STANDARD,Box,True,True,"productivity tablet designed for reading, annotation and handwritten notes, in the bloom family and supplied by candle with a 24-month warranty."
PRD0454,Vela Wave 553,Home Entertainment,Vela,1083.26,575.41,2017,24,5.788,SKU-VEL00454,Smart Display,Core,Gold,SUP010,Malaysia,2017-11-01,GST_STANDARD,Box,True,True,"smart display designed for shared film and television viewing, in the core family and supplied by vela with a 24-month warranty."
PRD0455,Candle Edge 554,Audio,Candle,191.31,98.94,2014,12,0.523,SKU-CAN00455,Wireless Audio,Edge,Green,SUP011,Korea,2014-08-02,GST_STANDARD,Protective case,True,True,"wireless audio designed for commuting and spoken-content listening, in the edge family and supplied by candle with a 12-month warranty."
PRD0456,Vela Nova 555,Smart Home,Vela,690.03,426.97,2014,12,0.292,SKU-VEL00456,Home Automation,Echo,Silver,SUP012,Australia,2014-01-22,GST_STANDARD,Protective case,False,True,"home automation designed for app-controlled room lighting, in the echo family and supplied by vela with a 12-month warranty."
PRD0457,Candle Shift 556,Gaming,Candle,514.55,372.33,2016,24,1.297,SKU-CAN00457,Gaming Hardware,Flux,Gold,SUP013,Korea,2016-04-10,GST_STANDARD,Box,True,True,"gaming hardware designed for long desktop gaming sessions, in the flux family and supplied by candle with a 24-month warranty."
PRD0458,Vela Atlas 557,Wearable,Vela,242.85,159.93,2012,12,0.141,SKU-VEL00458,Health Wearable,Halo,Black,SUP014,Malaysia,2012-12-08,GST_STANDARD,Recycled box,False,True,"health wearable designed for daily activity and sleep tracking, in the halo family and supplied by vela with a 12-month warranty."
PRD0459,Candle Flux 558,Networking,Candle,1343.7,884.4,2015,24,0.662,SKU-CAN00459,Connected Network,Lumen,Green,SUP015,Vietnam,2015-04-13,GST_STANDARD,Recycled box,False,True,"connected network designed for home-office wireless coverage, in the lumen family and supplied by candle with a 24-month warranty."
PRD0460,Vela Pulse 559,Accessory,Vela,19.84,13.48,2016,12,0.214,SKU-VEL00460,Mobile Accessory,Nova,Green,SUP016,Japan,2016-05-06,GST_STANDARD,Box,True,True,"mobile accessory designed for adjustable desk mounting and device positioning, in the nova family and supplied by vela with a 12-month warranty."
PRD0461,Candle Vista 560,Laptop,Candle,3147.14,2093.66,2013,24,1.556,SKU-CAN00461,Ultrabook,Orbit,Blue,SUP017,Vietnam,2013-01-19,GST_STANDARD,Box,True,True,"ultrabook designed for study, research and note taking, in the orbit family and supplied by candle with a 24-month warranty."
PRD0462,Vela Core 561,Smartphone,Vela,1832.75,1268.85,2013,24,0.21,SKU-VEL00462,5G Smartphone,Pulse,Graphite,SUP018,Japan,2013-11-10,GST_STANDARD,Protective case,True,True,"5g smartphone designed for mobile photography and messaging, in the pulse family and supplied by vela with a 24-month warranty."
PRD0463,Candle Lumen 562,Tablet,Candle,1250.22,937.89,2015,24,0.633,SKU-CAN00463,Productivity Tablet,Quest,Black,SUP019,Australia,2015-07-15,GST_STANDARD,Box,False,True,"productivity tablet designed for portable media and video calls, in the quest family and supplied by candle with a 24-month warranty."
PRD0464,Vela Ridge 563,Home Entertainment,Vela,4106.6,2069.11,2015,24,9.344,SKU-VEL00464,Smart Display,Ridge,Blue,SUP020,China,2015-01-27,GST_STANDARD,Box,False,True,"smart display designed for music and spoken-content playback, in the ridge family and supplied by vela with a 24-month warranty."
PRD0465,Candle Arc 564,Audio,Candle,61.33,45.88,2017,12,0.444,SKU-CAN00465,Wireless Audio,Shift,White,SUP021,Vietnam,2017-08-04,GST_STANDARD,Protective case,True,True,"wireless audio designed for music during focused desk work, in the shift family and supplied by candle with a 12-month warranty."
PRD0466,Vela Echo 565,Smart Home,Vela,362.96,273.77,2014,12,0.279,SKU-VEL00466,Home Automation,Spark,Graphite,SUP022,Japan,2014-10-24,GST_STANDARD,Protective case,True,True,"home automation designed for scheduled control of a household power outlet, in the spark family and supplied by vela with a 12-month warranty."
PRD0467,Candle Orbit 566,Gaming,Candle,2512.22,1615.76,2017,24,1.175,SKU-CAN00467,Gaming Hardware,Vista,Red,SUP023,Vietnam,2017-08-10,GST_STANDARD,Box,True,True,"gaming hardware designed for casual games in a shared room, in the vista family and supplied by candle with a 24-month warranty."
PRD0468,Vela Spark 567,Wearable,Vela,254.35,170.7,2015,12,0.099,SKU-VEL00468,Health Wearable,Wave,Blue,SUP024,China,2015-08-09,GST_STANDARD,Box,False,True,"health wearable designed for walking and commute notifications, in the wave family and supplied by vela with a 12-month warranty."
PRD0469,Candle Bloom 568,Networking,Candle,552.84,360.15,2016,24,0.667,SKU-CAN00469,Connected Network,Arc,Blue,SUP025,China,2016-06-09,GST_STANDARD,Protective case,True,True,"connected network designed for connecting several shared household devices, in the arc family and supplied by candle with a 24-month warranty."
PRD0470,Vela Halo 569,Accessory,Vela,91.58,60.47,2014,12,0.217,SKU-VEL00470,Mobile Accessory,Atlas,Silver,SUP026,Korea,2014-01-19,GST_STANDARD,Protective case,True,True,"mobile accessory designed for protective storage during travel, in the atlas family and supplied by vela with a 12-month warranty."
PRD0471,Candle Quest 570,Laptop,Candle,2188.61,1473.13,2014,24,1.225,SKU-CAN00471,Ultrabook,Bloom,Red,SUP027,China,2014-04-16,GST_STANDARD,Protective case,False,True,"ultrabook designed for creative projects and media editing, in the bloom family and supplied by candle with a 24-month warranty."
PRD0472,Vela Wave 571,Smartphone,Vela,1677.61,1177.87,2012,24,0.302,SKU-VEL00472,5G Smartphone,Core,Graphite,SUP028,Australia,2012-03-10,GST_STANDARD,Protective case,True,True,"5g smartphone designed for work calls and calendar management, in the core family and supplied by vela with a 24-month warranty."
PRD0473,Candle Edge 572,Tablet,Candle,1300.2,752.51,2012,24,0.806,SKU-CAN00473,Productivity Tablet,Edge,White,SUP029,Japan,2012-11-17,GST_STANDARD,Box,True,True,"productivity tablet designed for field forms and client presentations, in the edge family and supplied by candle with a 24-month warranty."
PRD0474,Vela Nova 573,Home Entertainment,Vela,1816.04,1022.21,2015,24,7.234,SKU-VEL00474,Smart Display,Echo,White,SUP030,China,2015-05-03,GST_STANDARD,Recycled box,True,True,"smart display designed for family media streaming, in the echo family and supplied by vela with a 24-month warranty."
PRD0475,Candle Shift 574,Audio,Candle,559.21,350.99,2016,12,0.616,SKU-CAN00475,Wireless Audio,Flux,White,SUP031,Japan,2016-12-06,GST_STANDARD,Recycled box,False,True,"wireless audio designed for video calls and online classes, in the flux family and supplied by candle with a 12-month warranty."
PRD0476,Vela Atlas 575,Smart Home,Vela,787.22,422.78,2014,12,0.26,SKU-VEL00476,Home Automation,Halo,Black,SUP032,Korea,2014-10-08,GST_STANDARD,Recycled box,False,True,"home automation designed for indoor temperature and humidity monitoring, in the halo family and supplied by vela with a 12-month warranty."
PRD0477,Candle Flux 576,Gaming,Candle,1380.73,765.52,2013,24,1.249,SKU-CAN00477,Gaming Hardware,Lumen,Blue,SUP033,Australia,2013-01-22,GST_STANDARD,Recycled box,True,True,"gaming hardware designed for competitive play and voice communication, in the lumen family and supplied by candle with a 24-month warranty."
PRD0478,Vela Pulse 577,Wearable,Vela,966.98,656.36,2016,12,0.099,SKU-VEL00478,Health Wearable,Nova,Silver,SUP034,China,2016-10-08,GST_STANDARD,Box,False,True,"health wearable designed for exercise session summaries, in the nova family and supplied by vela with a 12-month warranty."
PRD0479,Candle Vista 578,Networking,Candle,1360.38,723.89,2012,24,0.67,SKU-CAN00479,Connected Network,Orbit,Graphite,SUP035,Vietnam,2012-01-10,GST_STANDARD,Recycled box,True,True,"connected network designed for video meetings and media streaming, in the orbit family and supplied by candle with a 24-month warranty."
PRD0480,Vela Core 579,Accessory,Vela,303.23,166.09,2013,12,0.132,SKU-VEL00480,Mobile Accessory,Pulse,Graphite,SUP036,Australia,2013-10-01,GST_STANDARD,Box,False,True,"mobile accessory designed for charging-cable organisation, in the pulse family and supplied by vela with a 12-month warranty."
PRD0481,Candle Lumen 580,Laptop,Candle,3068.96,1666.29,2014,24,1.515,SKU-CAN00481,Ultrabook,Quest,White,SUP037,Korea,2014-02-12,GST_STANDARD,Box,True,True,"ultrabook designed for shared home-office administration, in the quest family and supplied by candle with a 24-month warranty."
PRD0482,Vela Ridge 581,Smartphone,Vela,1837.18,1342.06,2013,24,0.174,SKU-VEL00482,5G Smartphone,Ridge,Green,SUP001,Japan,2013-07-15,GST_STANDARD,Recycled box,True,True,"5g smartphone designed for travel planning and media use, in the ridge family and supplied by vela with a 24-month warranty."
PRD0483,Candle Arc 582,Tablet,Candle,436.08,267.23,2015,24,0.482,SKU-CAN00483,Productivity Tablet,Shift,Silver,SUP002,Vietnam,2015-12-14,GST_STANDARD,Recycled box,True,True,"productivity tablet designed for family learning and shared browsing, in the shift family and supplied by candle with a 24-month warranty."
PRD0484,Vela Echo 583,Home Entertainment,Vela,1342.84,694.91,2012,24,5.599,SKU-VEL00484,Smart Display,Spark,Black,SUP003,Australia,2012-10-11,GST_STANDARD,Box,True,True,"smart display designed for casual living-room gaming, in the spark family and supplied by vela with a 24-month warranty."
PRD0485,Candle Orbit 584,Audio,Candle,283.51,154.27,2013,12,0.501,SKU-CAN00485,Wireless Audio,Vista,Graphite,SUP004,Malaysia,2013-01-16,GST_STANDARD,Box,True,True,"wireless audio designed for shared-room music playback, in the vista family and supplied by candle with a 12-month warranty."
PRD0486,Vela Spark 585,Smart Home,Vela,706.44,420.22,2012,12,0.268,SKU-VEL00486,Home Automation,Wave,Graphite,SUP005,Vietnam,2012-08-16,GST_STANDARD,Protective case,True,True,"home automation designed for door and window activity alerts, in the wave family and supplied by vela with a 12-month warranty."
PRD0487,Candle Bloom 586,Gaming,Candle,322.51,186.88,2013,24,1.361,SKU-CAN00487,Gaming Hardware,Arc,Red,SUP006,Malaysia,2013-06-23,GST_STANDARD,Recycled box,True,True,"gaming hardware designed for portable gaming and travel, in the arc family and supplied by candle with a 24-month warranty."
PRD0488,Vela Halo 587,Wearable,Vela,281.31,184.93,2012,12,0.093,SKU-VEL00488,Health Wearable,Atlas,White,SUP007,Vietnam,2012-08-23,GST_STANDARD,Box,False,True,"health wearable designed for calendar alerts and quick message checks, in the atlas family and supplied by vela with a 12-month warranty."
PRD0489,Candle Quest 588,Networking,Candle,1103.05,659.11,2014,24,0.677,SKU-CAN00489,Connected Network,Bloom,Silver,SUP008,China,2014-09-18,GST_STANDARD,Box,True,True,"connected network designed for guest-network and device management, in the bloom family and supplied by candle with a 24-month warranty."
PRD0490,Vela Wave 589,Accessory,Vela,289.49,187.14,2015,12,0.136,SKU-VEL00490,Mobile Accessory,Core,Green,SUP009,Vietnam,2015-10-03,GST_STANDARD,Box,False,True,"mobile accessory designed for connecting several devices through one compact adapter, in the core family and supplied by vela with a 12-month warranty."
PRD0491,Candle Edge 590,Laptop,Candle,2132.04,1311.85,2013,24,1.477,SKU-CAN00491,Ultrabook,Edge,Black,SUP010,China,2013-09-02,GST_STANDARD,Recycled box,True,True,"ultrabook designed for travel-based work and presentations, in the edge family and supplied by candle with a 24-month warranty."
PRD0492,Vela Nova 591,Smartphone,Vela,1105.9,561.02,2012,24,0.238,SKU-VEL00492,5G Smartphone,Echo,White,SUP011,Korea,2012-01-23,GST_STANDARD,Protective case,True,True,"5g smartphone designed for family communication and casual apps, in the echo family and supplied by vela with a 24-month warranty."
PRD0493,Candle Shift 592,Tablet,Candle,417.81,235.83,2014,24,0.615,SKU-CAN00493,Productivity Tablet,Flux,White,SUP012,Malaysia,2014-02-12,GST_STANDARD,Recycled box,True,True,"productivity tablet designed for drawing and lightweight creative work, in the flux family and supplied by candle with a 24-month warranty."
PRD0494,Vela Atlas 593,Home Entertainment,Vela,2097.54,1405.13,2014,24,7.612,SKU-VEL00494,Smart Display,Halo,Green,SUP013,China,2014-06-23,GST_STANDARD,Recycled box,True,True,"smart display designed for presentations and photo viewing, in the halo family and supplied by vela with a 24-month warranty."
PRD0495,Candle Flux 594,Audio,Candle,752.39,421.44,2015,12,0.493,SKU-CAN00495,Wireless Audio,Lumen,Blue,SUP014,Australia,2015-06-24,GST_STANDARD,Box,True,True,"wireless audio designed for long listening sessions at home, in the lumen family and supplied by candle with a 12-month warranty."
PRD0496,Vela Pulse 595,Smart Home,Vela,619.97,452.3,2013,12,0.478,SKU-VEL00496,Home Automation,Nova,Gold,SUP015,Japan,2013-03-13,GST_STANDARD,Protective case,False,True,"home automation designed for automated blind and curtain routines, in the nova family and supplied by vela with a 12-month warranty."
PRD0497,Candle Vista 596,Gaming,Candle,1019.05,764.4,2017,24,1.056,SKU-CAN00497,Gaming Hardware,Orbit,White,SUP016,Malaysia,2017-12-05,GST_STANDARD,Protective case,False,True,"gaming hardware designed for game streaming and media capture, in the orbit family and supplied by candle with a 24-month warranty."
PRD0498,Vela Core 597,Wearable,Vela,201.0,127.13,2015,12,0.154,SKU-VEL00498,Health Wearable,Pulse,Red,SUP017,Australia,2015-05-22,GST_STANDARD,Recycled box,True,True,"health wearable designed for habit reminders and everyday timekeeping, in the pulse family and supplied by vela with a 12-month warranty."
PRD0499,Candle Lumen 598,Networking,Candle,1328.97,758.0,2017,24,0.711,SKU-CAN00499,Connected Network,Quest,Gold,SUP018,Japan,2017-04-01,GST_STANDARD,Protective case,True,True,"connected network designed for extending coverage between rooms, in the quest family and supplied by candle with a 24-month warranty."
PRD0500,Vela Ridge 599,Accessory,Vela,408.62,238.42,2014,12,0.166,SKU-VEL00500,Mobile Accessory,Ridge,Red,SUP019,China,2014-02-24,GST_STANDARD,Box,True,True,"mobile accessory designed for hands-free device support in a shared workspace, in the ridge family and supplied by vela with a 12-month warranty."
PRD0501,Candle Arc 600,Laptop,Candle,2192.16,1592.4,2017,24,1.436,SKU-CAN00501,Ultrabook,Shift,Blue,SUP020,Malaysia,2017-04-15,GST_STANDARD,Protective case,True,True,"ultrabook designed for portable document work and video meetings, in the shift family and supplied by candle with a 24-month warranty."
PRD0502,Vela Echo 601,Smartphone,Vela,1590.33,1002.15,2013,24,0.291,SKU-VEL00502,5G Smartphone,Spark,Red,SUP021,Japan,2013-10-15,GST_STANDARD,Box,True,True,"5g smartphone designed for daily communication and navigation, in the spark family and supplied by vela with a 24-month warranty."
PRD0503,Candle Orbit 602,Tablet,Candle,1009.94,508.26,2017,24,0.551,SKU-CAN00503,Productivity Tablet,Vista,Red,SUP022,Malaysia,2017-12-05,GST_STANDARD,Protective case,False,True,"productivity tablet designed for reading, annotation and handwritten notes, in the vista family and supplied by candle with a 24-month warranty."
PRD0504,Vela Spark 603,Home Entertainment,Vela,3243.43,1647.19,2012,24,6.967,SKU-VEL00504,Smart Display,Wave,Silver,SUP023,Japan,2012-03-08,GST_STANDARD,Protective case,True,True,"smart display designed for shared film and television viewing, in the wave family and supplied by vela with a 24-month warranty."
PRD0505,Candle Bloom 604,Audio,Candle,350.13,242.52,2015,12,0.606,SKU-CAN00505,Wireless Audio,Arc,Gold,SUP024,Korea,2015-07-06,GST_STANDARD,Recycled box,True,True,"wireless audio designed for commuting and spoken-content listening, in the arc family and supplied by candle with a 12-month warranty."
PRD0506,Vela Halo 605,Smart Home,Vela,551.69,277.55,2016,12,0.304,SKU-VEL00506,Home Automation,Atlas,White,SUP025,Vietnam,2016-09-18,GST_STANDARD,Box,True,True,"home automation designed for app-controlled room lighting, in the atlas family and supplied by vela with a 12-month warranty."
PRD0507,Candle Quest 606,Gaming,Candle,954.32,470.84,2014,24,1.21,SKU-CAN00507,Gaming Hardware,Bloom,Graphite,SUP026,Australia,2014-06-24,GST_STANDARD,Protective case,True,True,"gaming hardware designed for long desktop gaming sessions, in the bloom family and supplied by candle with a 24-month warranty."
PRD0508,Vela Wave 607,Wearable,Vela,513.6,329.86,2015,12,0.094,SKU-VEL00508,Health Wearable,Core,Graphite,SUP027,Australia,2015-09-03,GST_STANDARD,Recycled box,False,True,"health wearable designed for daily activity and sleep tracking, in the core family and supplied by vela with a 12-month warranty."
PRD0509,Candle Edge 608,Networking,Candle,246.73,155.5,2014,24,0.872,SKU-CAN00509,Connected Network,Edge,Silver,SUP028,Vietnam,2014-06-15,GST_STANDARD,Box,True,True,"connected network designed for home-office wireless coverage, in the edge family and supplied by candle with a 24-month warranty."
PRD0510,Vela Nova 609,Accessory,Vela,267.14,166.89,2017,12,0.18,SKU-VEL00510,Mobile Accessory,Echo,Green,SUP029,Malaysia,2017-09-27,GST_STANDARD,Protective case,True,True,"mobile accessory designed for adjustable desk mounting and device positioning, in the echo family and supplied by vela with a 12-month warranty."
PRD0511,Candle Shift 610,Laptop,Candle,1327.08,1005.92,2015,24,1.651,SKU-CAN00511,Ultrabook,Flux,Gold,SUP030,Vietnam,2015-04-16,GST_STANDARD,Recycled box,True,True,"ultrabook designed for study, research and note taking, in the flux family and supplied by candle with a 24-month warranty."
PRD0512,Vela Atlas 611,Smartphone,Vela,853.36,522.37,2017,24,0.19,SKU-VEL00512,5G Smartphone,Halo,Graphite,SUP031,Korea,2017-06-21,GST_STANDARD,Box,True,True,"5g smartphone designed for mobile photography and messaging, in the halo family and supplied by vela with a 24-month warranty."
PRD0513,Candle Flux 612,Tablet,Candle,1335.99,985.65,2016,24,0.488,SKU-CAN00513,Productivity Tablet,Lumen,White,SUP032,China,2016-12-20,GST_STANDARD,Recycled box,False,True,"productivity tablet designed for portable media and video calls, in the lumen family and supplied by candle with a 24-month warranty."
PRD0514,Vela Pulse 613,Home Entertainment,Vela,2741.93,1578.43,2013,24,10.189,SKU-VEL00514,Smart Display,Nova,Graphite,SUP033,China,2013-10-06,GST_STANDARD,Box,False,True,"smart display designed for music and spoken-content playback, in the nova family and supplied by vela with a 24-month warranty."
PRD0515,Candle Vista 614,Audio,Candle,987.71,741.45,2013,12,0.505,SKU-CAN00515,Wireless Audio,Orbit,Black,SUP034,Japan,2013-03-24,GST_STANDARD,Recycled box,True,True,"wireless audio designed for music during focused desk work, in the orbit family and supplied by candle with a 12-month warranty."
PRD0516,Vela Core 615,Smart Home,Vela,339.27,172.76,2013,12,0.307,SKU-VEL00516,Home Automation,Pulse,Black,SUP035,Vietnam,2013-01-25,GST_STANDARD,Recycled box,True,True,"home automation designed for scheduled control of a household power outlet, in the pulse family and supplied by vela with a 12-month warranty."
PRD0517,Candle Lumen 616,Gaming,Candle,1601.01,1110.16,2014,24,0.891,SKU-CAN00517,Gaming Hardware,Quest,Green,SUP036,Malaysia,2014-11-16,GST_STANDARD,Box,True,True,"gaming hardware designed for casual games in a shared room, in the quest family and supplied by candle with a 24-month warranty."
PRD0518,Vela Ridge 617,Wearable,Vela,271.63,157.58,2015,12,0.141,SKU-VEL00518,Health Wearable,Ridge,Silver,SUP037,Australia,2015-09-07,GST_STANDARD,Protective case,True,True,"health wearable designed for walking and commute notifications, in the ridge family and supplied by vela with a 12-month warranty."
PRD0519,Candle Arc 618,Networking,Candle,154.53,80.45,2017,24,0.854,SKU-CAN00519,Connected Network,Shift,White,SUP001,Malaysia,2017-07-02,GST_STANDARD,Protective case,True,True,"connected network designed for connecting several shared household devices, in the shift family and supplied by candle with a 24-month warranty."
PRD0520,Vela Echo 619,Accessory,Vela,331.38,162.81,2016,12,0.226,SKU-VEL00520,Mobile Accessory,Spark,Red,SUP002,Vietnam,2016-08-07,GST_STANDARD,Box,True,True,"mobile accessory designed for protective storage during travel, in the spark family and supplied by vela with a 12-month warranty."
PRD0521,Candle Orbit 620,Laptop,Candle,1257.03,836.54,2013,24,1.175,SKU-CAN00521,Ultrabook,Vista,Blue,SUP003,Malaysia,2013-07-26,GST_STANDARD,Box,True,True,"ultrabook designed for creative projects and media editing, in the vista family and supplied by candle with a 24-month warranty."
PRD0522,Vela Spark 621,Smartphone,Vela,1754.68,1312.08,2014,24,0.266,SKU-VEL00522,5G Smartphone,Wave,Green,SUP004,China,2014-02-20,GST_STANDARD,Protective case,False,True,"5g smartphone designed for work calls and calendar management, in the wave family and supplied by vela with a 24-month warranty."
PRD0523,Candle Bloom 622,Tablet,Candle,911.73,575.83,2013,24,0.706,SKU-CAN00523,Productivity Tablet,Arc,White,SUP005,Vietnam,2013-11-21,GST_STANDARD,Box,True,True,"productivity tablet designed for field forms and client presentations, in the arc family and supplied by candle with a 24-month warranty."
PRD0524,Vela Halo 623,Home Entertainment,Vela,2636.76,1420.73,2012,24,10.012,SKU-VEL00524,Smart Display,Atlas,Black,SUP006,Vietnam,2012-07-13,GST_STANDARD,Box,False,True,"smart display designed for family media streaming, in the atlas family and supplied by vela with a 24-month warranty."
PRD0525,Candle Quest 624,Audio,Candle,1134.69,755.67,2014,12,0.657,SKU-CAN00525,Wireless Audio,Bloom,Silver,SUP007,Australia,2014-12-01,GST_STANDARD,Protective case,True,True,"wireless audio designed for video calls and online classes, in the bloom family and supplied by candle with a 12-month warranty."
PRD0526,Vela Wave 625,Smart Home,Vela,208.36,148.3,2015,12,0.385,SKU-VEL00526,Home Automation,Core,Green,SUP008,Korea,2015-06-11,GST_STANDARD,Protective case,True,True,"home automation designed for indoor temperature and humidity monitoring, in the core family and supplied by vela with a 12-month warranty."
PRD0527,Candle Edge 626,Gaming,Candle,1407.36,869.54,2016,24,0.966,SKU-CAN00527,Gaming Hardware,Edge,Blue,SUP009,Malaysia,2016-08-24,GST_STANDARD,Protective case,False,True,"gaming hardware designed for competitive play and voice communication, in the edge family and supplied by candle with a 24-month warranty."
PRD0528,Vela Nova 627,Wearable,Vela,478.44,307.92,2017,12,0.142,SKU-VEL00528,Health Wearable,Echo,Blue,SUP010,Japan,2017-06-03,GST_STANDARD,Box,True,True,"health wearable designed for exercise session summaries, in the echo family and supplied by vela with a 12-month warranty."
PRD0529,Candle Shift 628,Networking,Candle,952.92,630.5,2015,24,0.712,SKU-CAN00529,Connected Network,Flux,White,SUP011,Vietnam,2015-04-15,GST_STANDARD,Recycled box,True,True,"connected network designed for video meetings and media streaming, in the flux family and supplied by candle with a 24-month warranty."
PRD0530,Vela Atlas 629,Accessory,Vela,14.38,8.34,2014,12,0.203,SKU-VEL00530,Mobile Accessory,Halo,Graphite,SUP012,China,2014-11-05,GST_STANDARD,Protective case,True,True,"mobile accessory designed for charging-cable organisation, in the halo family and supplied by vela with a 12-month warranty."
PRD0531,Candle Flux 630,Laptop,Candle,2895.4,1852.62,2012,24,1.921,SKU-CAN00531,Ultrabook,Lumen,Red,SUP013,Malaysia,2012-08-19,GST_STANDARD,Recycled box,True,True,"ultrabook designed for shared home-office administration, in the lumen family and supplied by candle with a 24-month warranty."
PRD0532,Vela Pulse 631,Smartphone,Vela,1457.77,701.91,2015,24,0.263,SKU-VEL00532,5G Smartphone,Nova,White,SUP014,Korea,2015-07-07,GST_STANDARD,Protective case,False,True,"5g smartphone designed for travel planning and media use, in the nova family and supplied by vela with a 24-month warranty."
PRD0533,Candle Vista 632,Tablet,Candle,789.09,531.12,2012,24,0.779,SKU-CAN00533,Productivity Tablet,Orbit,Green,SUP015,Korea,2012-01-08,GST_STANDARD,Box,True,True,"productivity tablet designed for family learning and shared browsing, in the orbit family and supplied by candle with a 24-month warranty."
PRD0534,Vela Core 633,Home Entertainment,Vela,781.55,590.11,2012,24,8.312,SKU-VEL00534,Smart Display,Pulse,Graphite,SUP016,Japan,2012-04-18,GST_STANDARD,Protective case,True,True,"smart display designed for casual living-room gaming, in the pulse family and supplied by vela with a 24-month warranty."
PRD0535,Candle Lumen 634,Audio,Candle,536.13,401.52,2014,12,0.568,SKU-CAN00535,Wireless Audio,Quest,White,SUP017,Australia,2014-05-23,GST_STANDARD,Protective case,True,True,"wireless audio designed for shared-room music playback, in the quest family and supplied by candle with a 12-month warranty."
PRD0536,Vela Ridge 635,Smart Home,Vela,825.29,588.37,2012,12,0.305,SKU-VEL00536,Home Automation,Ridge,Silver,SUP018,Australia,2012-09-24,GST_STANDARD,Protective case,False,True,"home automation designed for door and window activity alerts, in the ridge family and supplied by vela with a 12-month warranty."
PRD0537,Candle Arc 636,Gaming,Candle,1904.34,915.96,2013,24,1.596,SKU-CAN00537,Gaming Hardware,Shift,Green,SUP019,Australia,2013-09-08,GST_STANDARD,Recycled box,False,True,"gaming hardware designed for portable gaming and travel, in the shift family and supplied by candle with a 24-month warranty."
PRD0538,Vela Echo 637,Wearable,Vela,1028.4,763.71,2015,12,0.097,SKU-VEL00538,Health Wearable,Spark,Gold,SUP020,China,2015-03-07,GST_STANDARD,Protective case,True,True,"health wearable designed for calendar alerts and quick message checks, in the spark family and supplied by vela with a 12-month warranty."
PRD0539,Candle Orbit 638,Networking,Candle,1463.75,822.15,2012,24,0.887,SKU-CAN00539,Connected Network,Vista,Green,SUP021,Malaysia,2012-09-02,GST_STANDARD,Recycled box,True,True,"connected network designed for guest-network and device management, in the vista family and supplied by candle with a 24-month warranty."
PRD0540,Vela Spark 639,Accessory,Vela,16.38,9.56,2012,12,0.225,SKU-VEL00540,Mobile Accessory,Wave,Black,SUP022,Australia,2012-07-03,GST_STANDARD,Box,True,True,"mobile accessory designed for connecting several devices through one compact adapter, in the wave family and supplied by vela with a 12-month warranty."
PRD0541,Candle Bloom 640,Laptop,Candle,1257.3,820.27,2016,24,1.566,SKU-CAN00541,Ultrabook,Arc,Green,SUP023,Australia,2016-10-11,GST_STANDARD,Box,False,True,"ultrabook designed for travel-based work and presentations, in the arc family and supplied by candle with a 24-month warranty."
PRD0542,Vela Halo 641,Smartphone,Vela,1879.25,1341.32,2015,24,0.227,SKU-VEL00542,5G Smartphone,Atlas,Red,SUP024,China,2015-05-07,GST_STANDARD,Protective case,True,True,"5g smartphone designed for family communication and casual apps, in the atlas family and supplied by vela with a 24-month warranty."
PRD0543,Candle Quest 642,Tablet,Candle,336.97,231.66,2013,24,0.626,SKU-CAN00543,Productivity Tablet,Bloom,Black,SUP025,Australia,2013-12-23,GST_STANDARD,Box,True,True,"productivity tablet designed for drawing and lightweight creative work, in the bloom family and supplied by candle with a 24-month warranty."
PRD0544,Vela Wave 643,Home Entertainment,Vela,1611.97,1052.23,2013,24,6.183,SKU-VEL00544,Smart Display,Core,Graphite,SUP026,China,2013-01-23,GST_STANDARD,Protective case,False,False,"smart display designed for presentations and photo viewing, in the core family and supplied by vela with a 24-month warranty."
PRD0545,Candle Edge 644,Audio,Candle,1080.38,623.94,2013,12,0.502,SKU-CAN00545,Wireless Audio,Edge,White,SUP027,Malaysia,2013-08-08,GST_STANDARD,Recycled box,True,True,"wireless audio designed for long listening sessions at home, in the edge family and supplied by candle with a 12-month warranty."
PRD0546,Vela Nova 645,Smart Home,Vela,227.79,171.18,2013,12,0.426,SKU-VEL00546,Home Automation,Echo,Black,SUP028,Australia,2013-09-05,GST_STANDARD,Protective case,True,True,"home automation designed for automated blind and curtain routines, in the echo family and supplied by vela with a 12-month warranty."
PRD0547,Candle Shift 646,Gaming,Candle,1638.11,879.64,2015,24,1.031,SKU-CAN00547,Gaming Hardware,Flux,Black,SUP029,Korea,2015-04-23,GST_STANDARD,Protective case,True,True,"gaming hardware designed for game streaming and media capture, in the flux family and supplied by candle with a 24-month warranty."
PRD0548,Vela Atlas 647,Wearable,Vela,952.05,531.24,2017,12,0.142,SKU-VEL00548,Health Wearable,Halo,Black,SUP030,Malaysia,2017-02-13,GST_STANDARD,Protective case,True,True,"health wearable designed for habit reminders and everyday timekeeping, in the halo family and supplied by vela with a 12-month warranty."
PRD0549,Candle Flux 648,Networking,Candle,660.48,351.17,2015,24,0.67,SKU-CAN00549,Connected Network,Lumen,Black,SUP031,Korea,2015-08-15,GST_STANDARD,Recycled box,True,True,"connected network designed for extending coverage between rooms, in the lumen family and supplied by candle with a 24-month warranty."
PRD0550,Vela Pulse 649,Accessory,Vela,112.99,71.39,2013,12,0.131,SKU-VEL00550,Mobile Accessory,Nova,Red,SUP032,Japan,2013-01-11,GST_STANDARD,Recycled box,True,True,"mobile accessory designed for hands-free device support in a shared workspace, in the nova family and supplied by vela with a 12-month warranty."
PRD0551,Candle Vista 650,Laptop,Candle,2204.48,1649.06,2017,24,1.678,SKU-CAN00551,Ultrabook,Orbit,Green,SUP033,Australia,2017-07-21,GST_STANDARD,Protective case,True,True,"ultrabook designed for portable document work and video meetings, in the orbit family and supplied by candle with a 24-month warranty."
PRD0552,Vela Core 651,Smartphone,Vela,643.85,340.59,2015,24,0.186,SKU-VEL00552,5G Smartphone,Pulse,Graphite,SUP034,Vietnam,2015-06-20,GST_STANDARD,Protective case,True,True,"5g smartphone designed for daily communication and navigation, in the pulse family and supplied by vela with a 24-month warranty."
PRD0553,Candle Lumen 652,Tablet,Candle,941.32,491.05,2015,24,0.466,SKU-CAN00553,Productivity Tablet,Quest,White,SUP035,Malaysia,2015-01-25,GST_STANDARD,Recycled box,True,True,"productivity tablet designed for reading, annotation and handwritten notes, in the quest family and supplied by candle with a 24-month warranty."
PRD0554,Vela Ridge 653,Home Entertainment,Vela,1054.0,771.5,2016,24,7.263,SKU-VEL00554,Smart Display,Ridge,Black,SUP036,Korea,2016-08-07,GST_STANDARD,Protective case,True,True,"smart display designed for shared film and television viewing, in the ridge family and supplied by vela with a 24-month warranty."
PRD0555,Candle Arc 654,Audio,Candle,159.32,120.68,2015,12,0.627,SKU-CAN00555,Wireless Audio,Shift,Graphite,SUP037,Australia,2015-09-26,GST_STANDARD,Protective case,True,True,"wireless audio designed for commuting and spoken-content listening, in the shift family and supplied by candle with a 12-month warranty."
PRD0556,Vela Echo 655,Smart Home,Vela,365.44,251.8,2012,12,0.423,SKU-VEL00556,Home Automation,Spark,Red,SUP001,China,2012-11-20,GST_STANDARD,Recycled box,True,True,"home automation designed for app-controlled room lighting, in the spark family and supplied by vela with a 12-month warranty."
PRD0557,Candle Orbit 656,Gaming,Candle,114.56,82.41,2013,24,1.218,SKU-CAN00557,Gaming Hardware,Vista,Gold,SUP002,Australia,2013-11-18,GST_STANDARD,Recycled box,True,True,"gaming hardware designed for long desktop gaming sessions, in the vista family and supplied by candle with a 24-month warranty."
PRD0558,Vela Spark 657,Wearable,Vela,383.39,207.5,2016,12,0.134,SKU-VEL00558,Health Wearable,Wave,Black,SUP003,Vietnam,2016-03-22,GST_STANDARD,Protective case,True,True,"health wearable designed for daily activity and sleep tracking, in the wave family and supplied by vela with a 12-month warranty."
PRD0559,Candle Bloom 658,Networking,Candle,531.55,268.03,2015,24,0.742,SKU-CAN00559,Connected Network,Arc,Blue,SUP004,Japan,2015-05-13,GST_STANDARD,Box,True,True,"connected network designed for home-office wireless coverage, in the arc family and supplied by candle with a 24-month warranty."
PRD0560,Vela Halo 659,Accessory,Vela,176.65,102.92,2012,12,0.183,SKU-VEL00560,Mobile Accessory,Atlas,Green,SUP005,Vietnam,2012-09-09,GST_STANDARD,Recycled box,False,True,"mobile accessory designed for adjustable desk mounting and device positioning, in the atlas family and supplied by vela with a 12-month warranty."
PRD0561,Candle Quest 660,Laptop,Candle,1381.26,923.56,2017,24,1.269,SKU-CAN00561,Ultrabook,Bloom,White,SUP006,Vietnam,2017-12-13,GST_STANDARD,Recycled box,True,True,"ultrabook designed for study, research and note taking, in the bloom family and supplied by candle with a 24-month warranty."
PRD0562,Vela Wave 661,Smartphone,Vela,670.44,324.12,2013,24,0.221,SKU-VEL00562,5G Smartphone,Core,Gold,SUP007,China,2013-11-08,GST_STANDARD,Recycled box,True,True,"5g smartphone designed for mobile photography and messaging, in the core family and supplied by vela with a 24-month warranty."
PRD0563,Candle Edge 662,Tablet,Candle,1356.35,766.76,2015,24,0.651,SKU-CAN00563,Productivity Tablet,Edge,Black,SUP008,Japan,2015-08-18,GST_STANDARD,Protective case,False,True,"productivity tablet designed for portable media and video calls, in the edge family and supplied by candle with a 24-month warranty."
PRD0564,Vela Nova 663,Home Entertainment,Vela,2199.8,1105.11,2014,24,6.205,SKU-VEL00564,Smart Display,Echo,Green,SUP009,Australia,2014-03-19,GST_STANDARD,Recycled box,False,True,"smart display designed for music and spoken-content playback, in the echo family and supplied by vela with a 24-month warranty."
PRD0565,Candle Shift 664,Audio,Candle,1021.79,721.13,2016,12,0.377,SKU-CAN00565,Wireless Audio,Flux,Blue,SUP010,Australia,2016-08-05,GST_STANDARD,Protective case,False,True,"wireless audio designed for music during focused desk work, in the flux family and supplied by candle with a 12-month warranty."
PRD0566,Vela Atlas 665,Smart Home,Vela,150.7,97.57,2014,12,0.396,SKU-VEL00566,Home Automation,Halo,Green,SUP011,Australia,2014-07-16,GST_STANDARD,Protective case,True,True,"home automation designed for scheduled control of a household power outlet, in the halo family and supplied by vela with a 12-month warranty."
PRD0567,Candle Flux 666,Gaming,Candle,179.96,128.93,2017,24,1.094,SKU-CAN00567,Gaming Hardware,Lumen,White,SUP012,Malaysia,2017-03-01,GST_STANDARD,Box,True,True,"gaming hardware designed for casual games in a shared room, in the lumen family and supplied by candle with a 24-month warranty."
PRD0568,Vela Pulse 667,Wearable,Vela,670.01,446.93,2013,12,0.123,SKU-VEL00568,Health Wearable,Nova,Blue,SUP013,Malaysia,2013-07-24,GST_STANDARD,Protective case,True,True,"health wearable designed for walking and commute notifications, in the nova family and supplied by vela with a 12-month warranty."
PRD0569,Candle Vista 668,Networking,Candle,870.85,469.96,2013,24,0.925,SKU-CAN00569,Connected Network,Orbit,Graphite,SUP014,Korea,2013-05-19,GST_STANDARD,Recycled box,False,True,"connected network designed for connecting several shared household devices, in the orbit family and supplied by candle with a 24-month warranty."
PRD0570,Vela Core 669,Accessory,Vela,277.01,161.87,2012,12,0.147,SKU-VEL00570,Mobile Accessory,Pulse,White,SUP015,Australia,2012-05-09,GST_STANDARD,Box,True,True,"mobile accessory designed for protective storage during travel, in the pulse family and supplied by vela with a 12-month warranty."
PRD0571,Candle Lumen 670,Laptop,Candle,3063.56,1776.32,2012,24,1.788,SKU-CAN00571,Ultrabook,Quest,Red,SUP016,Japan,2012-09-23,GST_STANDARD,Protective case,True,True,"ultrabook designed for creative projects and media editing, in the quest family and supplied by candle with a 24-month warranty."
PRD0572,Vela Ridge 671,Smartphone,Vela,1338.04,963.6,2014,24,0.248,SKU-VEL00572,5G Smartphone,Ridge,Blue,SUP017,Korea,2014-06-14,GST_STANDARD,Box,True,True,"5g smartphone designed for work calls and calendar management, in the ridge family and supplied by vela with a 24-month warranty."
PRD0573,Candle Arc 672,Tablet,Candle,1409.7,918.44,2013,24,0.548,SKU-CAN00573,Productivity Tablet,Shift,White,SUP018,Malaysia,2013-07-11,GST_STANDARD,Recycled box,False,True,"productivity tablet designed for field forms and client presentations, in the shift family and supplied by candle with a 24-month warranty."
PRD0574,Vela Echo 673,Home Entertainment,Vela,2952.04,1997.95,2017,24,9.0,SKU-VEL00574,Smart Display,Spark,Blue,SUP019,Japan,2017-08-11,GST_STANDARD,Protective case,True,True,"smart display designed for family media streaming, in the spark family and supplied by vela with a 24-month warranty."
PRD0575,Candle Orbit 674,Audio,Candle,222.44,144.72,2015,12,0.436,SKU-CAN00575,Wireless Audio,Vista,Green,SUP020,China,2015-12-25,GST_STANDARD,Recycled box,True,True,"wireless audio designed for video calls and online classes, in the vista family and supplied by candle with a 12-month warranty."
PRD0576,Vela Spark 675,Smart Home,Vela,261.6,185.18,2013,12,0.409,SKU-VEL00576,Home Automation,Wave,Graphite,SUP021,Malaysia,2013-05-04,GST_STANDARD,Recycled box,True,True,"home automation designed for indoor temperature and humidity monitoring, in the wave family and supplied by vela with a 12-month warranty."
PRD0577,Candle Bloom 676,Gaming,Candle,1656.23,983.76,2015,24,1.343,SKU-CAN00577,Gaming Hardware,Arc,White,SUP022,Japan,2015-05-18,GST_STANDARD,Recycled box,False,True,"gaming hardware designed for competitive play and voice communication, in the arc family and supplied by candle with a 24-month warranty."
PRD0578,Vela Halo 677,Wearable,Vela,625.32,381.01,2015,12,0.142,SKU-VEL00578,Health Wearable,Atlas,Green,SUP023,China,2015-07-04,GST_STANDARD,Box,True,True,"health wearable designed for exercise session summaries, in the atlas family and supplied by vela with a 12-month warranty."
PRD0579,Candle Quest 678,Networking,Candle,1322.97,791.62,2013,24,0.866,SKU-CAN00579,Connected Network,Bloom,Gold,SUP024,China,2013-04-15,GST_STANDARD,Protective case,True,True,"connected network designed for video meetings and media streaming, in the bloom family and supplied by candle with a 24-month warranty."
PRD0580,Vela Wave 679,Accessory,Vela,109.85,61.44,2015,12,0.174,SKU-VEL00580,Mobile Accessory,Core,Gold,SUP025,Malaysia,2015-08-11,GST_STANDARD,Recycled box,True,True,"mobile accessory designed for charging-cable organisation, in the core family and supplied by vela with a 12-month warranty."
PRD0581,Candle Edge 680,Laptop,Candle,1767.18,1306.94,2016,24,1.6,SKU-CAN00581,Ultrabook,Edge,Green,SUP026,Australia,2016-09-12,GST_STANDARD,Recycled box,True,True,"ultrabook designed for shared home-office administration, in the edge family and supplied by candle with a 24-month warranty."
PRD0582,Vela Nova 681,Smartphone,Vela,622.36,453.91,2017,24,0.232,SKU-VEL00582,5G Smartphone,Echo,Red,SUP027,Malaysia,2017-03-01,GST_STANDARD,Box,True,True,"5g smartphone designed for travel planning and media use, in the echo family and supplied by vela with a 24-month warranty."
PRD0583,Candle Shift 682,Tablet,Candle,1198.86,804.05,2017,24,0.622,SKU-CAN00583,Productivity Tablet,Flux,Gold,SUP028,Vietnam,2017-03-06,GST_STANDARD,Recycled box,True,True,"productivity tablet designed for family learning and shared browsing, in the flux family and supplied by candle with a 24-month warranty."
PRD0584,Vela Atlas 683,Home Entertainment,Vela,2508.46,1254.44,2013,24,10.06,SKU-VEL00584,Smart Display,Halo,White,SUP029,Malaysia,2013-06-06,GST_STANDARD,Protective case,True,True,"smart display designed for casual living-room gaming, in the halo family and supplied by vela with a 24-month warranty."
PRD0585,Candle Flux 684,Audio,Candle,855.14,561.72,2016,12,0.586,SKU-CAN00585,Wireless Audio,Lumen,Blue,SUP030,Japan,2016-12-26,GST_STANDARD,Recycled box,True,True,"wireless audio designed for shared-room music playback, in the lumen family and supplied by candle with a 12-month warranty."
PRD0586,Vela Pulse 685,Smart Home,Vela,754.59,509.11,2012,12,0.465,SKU-VEL00586,Home Automation,Nova,White,SUP031,Vietnam,2012-09-13,GST_STANDARD,Recycled box,False,True,"home automation designed for door and window activity alerts, in the nova family and supplied by vela with a 12-month warranty."
PRD0587,Candle Vista 686,Gaming,Candle,2586.72,1349.72,2013,24,1.254,SKU-CAN00587,Gaming Hardware,Orbit,Blue,SUP032,China,2013-05-25,GST_STANDARD,Recycled box,True,True,"gaming hardware designed for portable gaming and travel, in the orbit family and supplied by candle with a 24-month warranty."
PRD0588,Vela Core 687,Wearable,Vela,277.14,166.4,2016,12,0.116,SKU-VEL00588,Health Wearable,Pulse,Gold,SUP033,Australia,2016-01-09,GST_STANDARD,Box,True,True,"health wearable designed for calendar alerts and quick message checks, in the pulse family and supplied by vela with a 12-month warranty."
PRD0589,Candle Lumen 688,Networking,Candle,671.85,351.2,2017,24,0.881,SKU-CAN00589,Connected Network,Quest,Silver,SUP034,Australia,2017-04-20,GST_STANDARD,Protective case,True,True,"connected network designed for guest-network and device management, in the quest family and supplied by candle with a 24-month warranty."
PRD0590,Vela Ridge 689,Accessory,Vela,54.96,36.43,2012,12,0.156,SKU-VEL00590,Mobile Accessory,Ridge,Green,SUP035,Vietnam,2012-01-14,GST_STANDARD,Recycled box,True,True,"mobile accessory designed for connecting several devices through one compact adapter, in the ridge family and supplied by vela with a 12-month warranty."
PRD0591,Candle Arc 690,Laptop,Candle,2365.48,1465.77,2014,24,1.156,SKU-CAN00591,Ultrabook,Shift,Graphite,SUP036,China,2014-11-05,GST_STANDARD,Recycled box,False,True,"ultrabook designed for travel-based work and presentations, in the shift family and supplied by candle with a 24-month warranty."
PRD0592,Vela Echo 691,Smartphone,Vela,301.86,180.39,2016,24,0.211,SKU-VEL00592,5G Smartphone,Spark,Silver,SUP037,Australia,2016-10-19,GST_STANDARD,Box,False,True,"5g smartphone designed for family communication and casual apps, in the spark family and supplied by vela with a 24-month warranty."
PRD0593,Candle Orbit 692,Tablet,Candle,356.64,241.78,2012,24,0.812,SKU-CAN00593,Productivity Tablet,Vista,Black,SUP001,Australia,2012-10-13,GST_STANDARD,Recycled box,True,True,"productivity tablet designed for drawing and lightweight creative work, in the vista family and supplied by candle with a 24-month warranty."
PRD0594,Vela Spark 693,Home Entertainment,Vela,2821.84,2132.09,2014,24,8.647,SKU-VEL00594,Smart Display,Wave,Silver,SUP002,Vietnam,2014-09-04,GST_STANDARD,Protective case,True,True,"smart display designed for presentations and photo viewing, in the wave family and supplied by vela with a 24-month warranty."
PRD0595,Candle Bloom 694,Audio,Candle,108.82,64.46,2014,12,0.526,SKU-CAN00595,Wireless Audio,Arc,Green,SUP003,Japan,2014-01-11,GST_STANDARD,Protective case,False,True,"wireless audio designed for long listening sessions at home, in the arc family and supplied by candle with a 12-month warranty."
PRD0596,Vela Halo 695,Smart Home,Vela,596.4,351.52,2013,12,0.335,SKU-VEL00596,Home Automation,Atlas,Black,SUP004,Vietnam,2013-08-17,GST_STANDARD,Box,False,True,"home automation designed for automated blind and curtain routines, in the atlas family and supplied by vela with a 12-month warranty."
PRD0597,Candle Quest 696,Gaming,Candle,2470.13,1312.6,2014,24,1.549,SKU-CAN00597,Gaming Hardware,Bloom,Black,SUP005,China,2014-06-07,GST_STANDARD,Box,False,True,"gaming hardware designed for game streaming and media capture, in the bloom family and supplied by candle with a 24-month warranty."
PRD0598,Vela Wave 697,Wearable,Vela,723.86,420.38,2015,12,0.093,SKU-VEL00598,Health Wearable,Core,Gold,SUP006,Vietnam,2015-01-13,GST_STANDARD,Protective case,True,True,"health wearable designed for habit reminders and everyday timekeeping, in the core family and supplied by vela with a 12-month warranty."
PRD0599,Candle Edge 698,Networking,Candle,1497.17,719.85,2012,24,0.553,SKU-CAN00599,Connected Network,Edge,Graphite,SUP007,Malaysia,2012-10-01,GST_STANDARD,Box,True,True,"connected network designed for extending coverage between rooms, in the edge family and supplied by candle with a 24-month warranty."
PRD0600,Vela Nova 699,Accessory,Vela,62.84,42.46,2014,12,0.139,SKU-VEL00600,Mobile Accessory,Echo,Green,SUP008,Vietnam,2014-10-22,GST_STANDARD,Protective case,True,True,"mobile accessory designed for hands-free device support in a shared workspace, in the echo family and supplied by vela with a 12-month warranty."
PRD0601,Candle Shift 700,Laptop,Candle,1162.83,649.91,2017,24,1.226,SKU-CAN00601,Ultrabook,Flux,Black,SUP009,Vietnam,2017-10-13,GST_STANDARD,Box,False,True,"ultrabook designed for portable document work and video meetings, in the flux family and supplied by candle with a 24-month warranty."
PRD0602,Vela Atlas 701,Smartphone,Vela,1186.95,670.16,2015,24,0.235,SKU-VEL00602,5G Smartphone,Halo,White,SUP010,Australia,2015-03-02,GST_STANDARD,Protective case,True,True,"5g smartphone designed for daily communication and navigation, in the halo family and supplied by vela with a 24-month warranty."
PRD0603,Candle Flux 702,Tablet,Candle,557.9,340.44,2017,24,0.531,SKU-CAN00603,Productivity Tablet,Lumen,Graphite,SUP011,China,2017-01-14,GST_STANDARD,Protective case,False,True,"productivity tablet designed for reading, annotation and handwritten notes, in the lumen family and supplied by candle with a 24-month warranty."
PRD0604,Vela Pulse 703,Home Entertainment,Vela,1031.83,618.64,2012,24,7.954,SKU-VEL00604,Smart Display,Nova,Green,SUP012,Korea,2012-03-08,GST_STANDARD,Protective case,True,True,"smart display designed for shared film and television viewing, in the nova family and supplied by vela with a 24-month warranty."
PRD0605,Candle Vista 704,Audio,Candle,969.96,731.06,2016,12,0.641,SKU-CAN00605,Wireless Audio,Orbit,Green,SUP013,Japan,2016-05-21,GST_STANDARD,Recycled box,False,True,"wireless audio designed for commuting and spoken-content listening, in the orbit family and supplied by candle with a 12-month warranty."
PRD0606,Vela Core 705,Smart Home,Vela,74.13,47.52,2015,12,0.447,SKU-VEL00606,Home Automation,Pulse,Silver,SUP014,Malaysia,2015-03-22,GST_STANDARD,Recycled box,True,True,"home automation designed for app-controlled room lighting, in the pulse family and supplied by vela with a 12-month warranty."
PRD0607,Candle Lumen 706,Gaming,Candle,113.06,64.27,2015,24,1.482,SKU-CAN00607,Gaming Hardware,Quest,Blue,SUP015,China,2015-09-10,GST_STANDARD,Box,True,True,"gaming hardware designed for long desktop gaming sessions, in the quest family and supplied by candle with a 24-month warranty."
PRD0608,Vela Ridge 707,Wearable,Vela,918.08,554.62,2012,12,0.162,SKU-VEL00608,Health Wearable,Ridge,Green,SUP016,China,2012-12-25,GST_STANDARD,Recycled box,False,False,"health wearable designed for daily activity and sleep tracking, in the ridge family and supplied by vela with a 12-month warranty."
PRD0609,Candle Arc 708,Networking,Candle,1032.51,559.97,2015,24,0.774,SKU-CAN00609,Connected Network,Shift,Green,SUP017,Australia,2015-09-08,GST_STANDARD,Recycled box,True,True,"connected network designed for home-office wireless coverage, in the shift family and supplied by candle with a 24-month warranty."
PRD0610,Vela Echo 709,Accessory,Vela,347.23,228.66,2015,12,0.228,SKU-VEL00610,Mobile Accessory,Spark,Gold,SUP018,Australia,2015-02-21,GST_STANDARD,Recycled box,True,True,"mobile accessory designed for adjustable desk mounting and device positioning, in the spark family and supplied by vela with a 12-month warranty."
PRD0611,Candle Orbit 710,Laptop,Candle,1295.24,739.11,2013,24,1.418,SKU-CAN00611,Ultrabook,Vista,Blue,SUP019,Vietnam,2013-12-12,GST_STANDARD,Recycled box,True,True,"ultrabook designed for study, research and note taking, in the vista family and supplied by candle with a 24-month warranty."
PRD0612,Vela Spark 711,Smartphone,Vela,385.34,190.48,2014,24,0.292,SKU-VEL00612,5G Smartphone,Wave,Black,SUP020,Malaysia,2014-03-03,GST_STANDARD,Protective case,True,True,"5g smartphone designed for mobile photography and messaging, in the wave family and supplied by vela with a 24-month warranty."
PRD0613,Candle Bloom 712,Tablet,Candle,774.1,529.03,2017,24,0.791,SKU-CAN00613,Productivity Tablet,Arc,Red,SUP021,China,2017-07-26,GST_STANDARD,Box,True,True,"productivity tablet designed for portable media and video calls, in the arc family and supplied by candle with a 24-month warranty."
PRD0614,Vela Halo 713,Home Entertainment,Vela,2957.76,1748.22,2013,24,7.463,SKU-VEL00614,Smart Display,Atlas,Red,SUP022,Korea,2013-01-03,GST_STANDARD,Recycled box,True,True,"smart display designed for music and spoken-content playback, in the atlas family and supplied by vela with a 24-month warranty."
PRD0615,Candle Quest 714,Audio,Candle,159.68,88.18,2014,12,0.571,SKU-CAN00615,Wireless Audio,Bloom,Silver,SUP023,China,2014-01-02,GST_STANDARD,Box,True,True,"wireless audio designed for music during focused desk work, in the bloom family and supplied by candle with a 12-month warranty."
PRD0616,Vela Wave 715,Smart Home,Vela,311.42,169.21,2012,12,0.271,SKU-VEL00616,Home Automation,Core,Green,SUP024,Vietnam,2012-01-07,GST_STANDARD,Box,True,True,"home automation designed for scheduled control of a household power outlet, in the core family and supplied by vela with a 12-month warranty."
PRD0617,Candle Edge 716,Gaming,Candle,629.04,319.74,2017,24,1.091,SKU-CAN00617,Gaming Hardware,Edge,Gold,SUP025,Japan,2017-09-02,GST_STANDARD,Box,True,True,"gaming hardware designed for casual games in a shared room, in the edge family and supplied by candle with a 24-month warranty."
PRD0618,Vela Nova 717,Wearable,Vela,578.42,280.05,2012,12,0.103,SKU-VEL00618,Health Wearable,Echo,Black,SUP026,Malaysia,2012-09-01,GST_STANDARD,Box,True,True,"health wearable designed for walking and commute notifications, in the echo family and supplied by vela with a 12-month warranty."
PRD0619,Candle Shift 718,Networking,Candle,1486.76,824.86,2015,24,0.887,SKU-CAN00619,Connected Network,Flux,Gold,SUP027,Japan,2015-11-11,GST_STANDARD,Box,False,True,"connected network designed for connecting several shared household devices, in the flux family and supplied by candle with a 24-month warranty."
PRD0620,Vela Atlas 719,Accessory,Vela,133.24,80.06,2014,12,0.134,SKU-VEL00620,Mobile Accessory,Halo,Gold,SUP028,Malaysia,2014-11-27,GST_STANDARD,Protective case,True,True,"mobile accessory designed for protective storage during travel, in the halo family and supplied by vela with a 12-month warranty."
PRD0621,Candle Flux 720,Laptop,Candle,3087.07,1534.83,2014,24,1.268,SKU-CAN00621,Ultrabook,Lumen,White,SUP029,Japan,2014-04-10,GST_STANDARD,Protective case,True,True,"ultrabook designed for creative projects and media editing, in the lumen family and supplied by candle with a 24-month warranty."
PRD0622,Vela Pulse 721,Smartphone,Vela,780.23,452.81,2013,24,0.215,SKU-VEL00622,5G Smartphone,Nova,Green,SUP030,Japan,2013-04-16,GST_STANDARD,Box,False,True,"5g smartphone designed for work calls and calendar management, in the nova family and supplied by vela with a 24-month warranty."
PRD0623,Candle Vista 722,Tablet,Candle,442.62,320.83,2013,24,0.734,SKU-CAN00623,Productivity Tablet,Orbit,Green,SUP031,Japan,2013-03-18,GST_STANDARD,Recycled box,False,True,"productivity tablet designed for field forms and client presentations, in the orbit family and supplied by candle with a 24-month warranty."
PRD0624,Vela Core 723,Home Entertainment,Vela,4122.57,2716.73,2017,24,8.3,SKU-VEL00624,Smart Display,Pulse,Green,SUP032,Vietnam,2017-02-10,GST_STANDARD,Box,True,True,"smart display designed for family media streaming, in the pulse family and supplied by vela with a 24-month warranty."
PRD0625,Candle Lumen 724,Audio,Candle,840.9,585.45,2015,12,0.591,SKU-CAN00625,Wireless Audio,Quest,Silver,SUP033,Korea,2015-01-03,GST_STANDARD,Recycled box,True,True,"wireless audio designed for video calls and online classes, in the quest family and supplied by candle with a 12-month warranty."
PRD0626,Vela Ridge 725,Smart Home,Vela,521.1,315.73,2016,12,0.279,SKU-VEL00626,Home Automation,Ridge,Green,SUP034,Australia,2016-04-04,GST_STANDARD,Box,False,True,"home automation designed for indoor temperature and humidity monitoring, in the ridge family and supplied by vela with a 12-month warranty."
PRD0627,Candle Arc 726,Gaming,Candle,1687.51,842.57,2017,24,1.328,SKU-CAN00627,Gaming Hardware,Shift,Silver,SUP035,Japan,2017-01-01,GST_STANDARD,Recycled box,True,True,"gaming hardware designed for competitive play and voice communication, in the shift family and supplied by candle with a 24-month warranty."
PRD0628,Vela Echo 727,Wearable,Vela,219.29,125.63,2014,12,0.138,SKU-VEL00628,Health Wearable,Spark,Gold,SUP036,Vietnam,2014-05-25,GST_STANDARD,Protective case,True,True,"health wearable designed for exercise session summaries, in the spark family and supplied by vela with a 12-month warranty."
PRD0629,Candle Orbit 728,Networking,Candle,741.8,381.81,2015,24,0.506,SKU-CAN00629,Connected Network,Vista,Black,SUP037,Japan,2015-08-21,GST_STANDARD,Box,True,True,"connected network designed for video meetings and media streaming, in the vista family and supplied by candle with a 24-month warranty."
PRD0630,Vela Spark 729,Accessory,Vela,227.99,155.87,2014,12,0.134,SKU-VEL00630,Mobile Accessory,Wave,Graphite,SUP001,China,2014-02-09,GST_STANDARD,Box,True,True,"mobile accessory designed for charging-cable organisation, in the wave family and supplied by vela with a 12-month warranty."
PRD0631,Candle Bloom 730,Laptop,Candle,1231.25,802.36,2017,24,1.451,SKU-CAN00631,Ultrabook,Arc,Graphite,SUP002,Japan,2017-06-26,GST_STANDARD,Box,True,True,"ultrabook designed for shared home-office administration, in the arc family and supplied by candle with a 24-month warranty."
PRD0632,Vela Halo 731,Smartphone,Vela,372.28,239.12,2016,24,0.194,SKU-VEL00632,5G Smartphone,Atlas,Black,SUP003,Japan,2016-05-02,GST_STANDARD,Protective case,True,True,"5g smartphone designed for travel planning and media use, in the atlas family and supplied by vela with a 24-month warranty."
PRD0633,Candle Quest 732,Tablet,Candle,804.04,425.3,2014,24,0.609,SKU-CAN00633,Productivity Tablet,Bloom,White,SUP004,Vietnam,2014-07-18,GST_STANDARD,Protective case,True,True,"productivity tablet designed for family learning and shared browsing, in the bloom family and supplied by candle with a 24-month warranty."
PRD0634,Vela Wave 733,Home Entertainment,Vela,1093.47,686.07,2014,24,7.723,SKU-VEL00634,Smart Display,Core,White,SUP005,Malaysia,2014-12-18,GST_STANDARD,Recycled box,True,True,"smart display designed for casual living-room gaming, in the core family and supplied by vela with a 24-month warranty."
PRD0635,Candle Edge 734,Audio,Candle,809.45,496.18,2017,12,0.641,SKU-CAN00635,Wireless Audio,Edge,White,SUP006,Malaysia,2017-11-22,GST_STANDARD,Protective case,True,True,"wireless audio designed for shared-room music playback, in the edge family and supplied by candle with a 12-month warranty."
PRD0636,Vela Nova 735,Smart Home,Vela,421.78,221.91,2015,12,0.402,SKU-VEL00636,Home Automation,Echo,Gold,SUP007,Vietnam,2015-08-18,GST_STANDARD,Recycled box,True,True,"home automation designed for door and window activity alerts, in the echo family and supplied by vela with a 12-month warranty."
PRD0637,Candle Shift 736,Gaming,Candle,1350.41,759.73,2012,24,1.259,SKU-CAN00637,Gaming Hardware,Flux,Graphite,SUP008,Australia,2012-10-21,GST_STANDARD,Box,False,True,"gaming hardware designed for portable gaming and travel, in the flux family and supplied by candle with a 24-month warranty."
PRD0638,Vela Atlas 737,Wearable,Vela,331.17,231.08,2013,12,0.151,SKU-VEL00638,Health Wearable,Halo,Black,SUP009,Korea,2013-04-15,GST_STANDARD,Recycled box,True,True,"health wearable designed for calendar alerts and quick message checks, in the halo family and supplied by vela with a 12-month warranty."
PRD0639,Candle Flux 738,Networking,Candle,1085.06,666.93,2012,24,0.959,SKU-CAN00639,Connected Network,Lumen,Silver,SUP010,Korea,2012-10-21,GST_STANDARD,Recycled box,True,False,"connected network designed for guest-network and device management, in the lumen family and supplied by candle with a 24-month warranty."
PRD0640,Vela Pulse 739,Accessory,Vela,215.9,116.09,2017,12,0.228,SKU-VEL00640,Mobile Accessory,Nova,White,SUP011,Korea,2017-03-17,GST_STANDARD,Protective case,False,True,"mobile accessory designed for connecting several devices through one compact adapter, in the nova family and supplied by vela with a 12-month warranty."
PRD0641,Candle Vista 740,Laptop,Candle,2509.9,1857.68,2012,24,1.485,SKU-CAN00641,Ultrabook,Orbit,Silver,SUP012,Vietnam,2012-09-04,GST_STANDARD,Box,True,True,"ultrabook designed for travel-based work and presentations, in the orbit family and supplied by candle with a 24-month warranty."
PRD0642,Vela Core 741,Smartphone,Vela,1517.82,747.96,2015,24,0.261,SKU-VEL00642,5G Smartphone,Pulse,White,SUP013,Korea,2015-07-07,GST_STANDARD,Recycled box,False,False,"5g smartphone designed for family communication and casual apps, in the pulse family and supplied by vela with a 24-month warranty."
PRD0643,Candle Lumen 742,Tablet,Candle,1502.77,1107.57,2015,24,0.478,SKU-CAN00643,Productivity Tablet,Quest,Red,SUP014,Malaysia,2015-03-24,GST_STANDARD,Recycled box,True,True,"productivity tablet designed for drawing and lightweight creative work, in the quest family and supplied by candle with a 24-month warranty."
PRD0644,Vela Ridge 743,Home Entertainment,Vela,2655.53,1352.92,2013,24,7.223,SKU-VEL00644,Smart Display,Ridge,White,SUP015,China,2013-01-25,GST_STANDARD,Recycled box,True,True,"smart display designed for presentations and photo viewing, in the ridge family and supplied by vela with a 24-month warranty."
PRD0645,Candle Arc 744,Audio,Candle,262.13,192.2,2013,12,0.439,SKU-CAN00645,Wireless Audio,Shift,Graphite,SUP016,Japan,2013-02-17,GST_STANDARD,Protective case,True,True,"wireless audio designed for long listening sessions at home, in the shift family and supplied by candle with a 12-month warranty."
PRD0646,Vela Echo 745,Smart Home,Vela,498.38,282.48,2017,12,0.444,SKU-VEL00646,Home Automation,Spark,Black,SUP017,China,2017-10-08,GST_STANDARD,Recycled box,True,True,"home automation designed for automated blind and curtain routines, in the spark family and supplied by vela with a 12-month warranty."
PRD0647,Candle Orbit 746,Gaming,Candle,2133.15,1086.69,2012,24,1.296,SKU-CAN00647,Gaming Hardware,Vista,Black,SUP018,Japan,2012-05-08,GST_STANDARD,Protective case,True,True,"gaming hardware designed for game streaming and media capture, in the vista family and supplied by candle with a 24-month warranty."
PRD0648,Vela Spark 747,Wearable,Vela,1089.86,588.95,2014,12,0.131,SKU-VEL00648,Health Wearable,Wave,Gold,SUP019,Korea,2014-09-26,GST_STANDARD,Box,True,True,"health wearable designed for habit reminders and everyday timekeeping, in the wave family and supplied by vela with a 12-month warranty."
PRD0649,Candle Bloom 748,Networking,Candle,1282.36,678.57,2016,24,0.664,SKU-CAN00649,Connected Network,Arc,Black,SUP020,Korea,2016-06-27,GST_STANDARD,Protective case,True,True,"connected network designed for extending coverage between rooms, in the arc family and supplied by candle with a 24-month warranty."
PRD0650,Vela Halo 749,Accessory,Vela,129.9,75.82,2012,12,0.181,SKU-VEL00650,Mobile Accessory,Atlas,Graphite,SUP021,Malaysia,2012-04-18,GST_STANDARD,Protective case,False,True,"mobile accessory designed for hands-free device support in a shared workspace, in the atlas family and supplied by vela with a 12-month warranty."
PRD0651,Candle Quest 750,Laptop,Candle,1043.5,740.11,2015,24,1.651,SKU-CAN00651,Ultrabook,Bloom,Red,SUP022,Korea,2015-01-04,GST_STANDARD,Protective case,True,True,"ultrabook designed for portable document work and video meetings, in the bloom family and supplied by candle with a 24-month warranty."
PRD0652,Vela Wave 751,Smartphone,Vela,1300.01,889.07,2014,24,0.224,SKU-VEL00652,5G Smartphone,Core,Gold,SUP023,Malaysia,2014-06-16,GST_STANDARD,Protective case,True,True,"5g smartphone designed for daily communication and navigation, in the core family and supplied by vela with a 24-month warranty."
PRD0653,Candle Edge 752,Tablet,Candle,1139.17,588.84,2016,24,0.581,SKU-CAN00653,Productivity Tablet,Edge,Red,SUP024,Japan,2016-01-12,GST_STANDARD,Protective case,True,True,"productivity tablet designed for reading, annotation and handwritten notes, in the edge family and supplied by candle with a 24-month warranty."
PRD0654,Vela Nova 753,Home Entertainment,Vela,864.76,635.5,2016,24,7.885,SKU-VEL00654,Smart Display,Echo,Black,SUP025,Malaysia,2016-07-02,GST_STANDARD,Protective case,True,True,"smart display designed for shared film and television viewing, in the echo family and supplied by vela with a 24-month warranty."
PRD0655,Candle Shift 754,Audio,Candle,1032.43,669.18,2017,12,0.634,SKU-CAN00655,Wireless Audio,Flux,Green,SUP026,Malaysia,2017-05-25,GST_STANDARD,Box,False,True,"wireless audio designed for commuting and spoken-content listening, in the flux family and supplied by candle with a 12-month warranty."
PRD0656,Vela Atlas 755,Smart Home,Vela,848.87,639.71,2015,12,0.388,SKU-VEL00656,Home Automation,Halo,Gold,SUP027,Australia,2015-01-25,GST_STANDARD,Recycled box,True,True,"home automation designed for app-controlled room lighting, in the halo family and supplied by vela with a 12-month warranty."
PRD0657,Candle Flux 756,Gaming,Candle,1084.44,812.27,2013,24,0.875,SKU-CAN00657,Gaming Hardware,Lumen,Graphite,SUP028,Korea,2013-09-14,GST_STANDARD,Protective case,True,True,"gaming hardware designed for long desktop gaming sessions, in the lumen family and supplied by candle with a 24-month warranty."
PRD0658,Vela Pulse 757,Wearable,Vela,353.59,251.55,2013,12,0.127,SKU-VEL00658,Health Wearable,Nova,White,SUP029,Korea,2013-11-14,GST_STANDARD,Box,False,True,"health wearable designed for daily activity and sleep tracking, in the nova family and supplied by vela with a 12-month warranty."
PRD0659,Candle Vista 758,Networking,Candle,725.61,417.05,2016,24,0.555,SKU-CAN00659,Connected Network,Orbit,Gold,SUP030,Malaysia,2016-11-17,GST_STANDARD,Box,True,True,"connected network designed for home-office wireless coverage, in the orbit family and supplied by candle with a 24-month warranty."
PRD0660,Vela Core 759,Accessory,Vela,137.13,103.89,2014,12,0.231,SKU-VEL00660,Mobile Accessory,Pulse,Black,SUP031,Korea,2014-01-12,GST_STANDARD,Box,True,True,"mobile accessory designed for adjustable desk mounting and device positioning, in the pulse family and supplied by vela with a 12-month warranty."
PRD0661,Candle Lumen 760,Laptop,Candle,1196.27,801.73,2012,24,1.215,SKU-CAN00661,Ultrabook,Quest,Blue,SUP032,Japan,2012-04-11,GST_STANDARD,Protective case,False,True,"ultrabook designed for study, research and note taking, in the quest family and supplied by candle with a 24-month warranty."
PRD0662,Vela Ridge 761,Smartphone,Vela,483.82,272.1,2012,24,0.286,SKU-VEL00662,5G Smartphone,Ridge,Red,SUP033,Australia,2012-11-06,GST_STANDARD,Protective case,True,True,"5g smartphone designed for mobile photography and messaging, in the ridge family and supplied by vela with a 24-month warranty."
PRD0663,Candle Arc 762,Tablet,Candle,599.38,390.93,2015,24,0.673,SKU-CAN00663,Productivity Tablet,Shift,White,SUP034,Korea,2015-07-14,GST_STANDARD,Box,False,True,"productivity tablet designed for portable media and video calls, in the shift family and supplied by candle with a 24-month warranty."
PRD0664,Vela Echo 763,Home Entertainment,Vela,3499.77,1935.58,2013,24,8.648,SKU-VEL00664,Smart Display,Spark,Blue,SUP035,China,2013-06-15,GST_STANDARD,Recycled box,True,True,"smart display designed for music and spoken-content playback, in the spark family and supplied by vela with a 24-month warranty."
PRD0665,Candle Orbit 764,Audio,Candle,304.74,191.33,2016,12,0.453,SKU-CAN00665,Wireless Audio,Vista,White,SUP036,Korea,2016-10-21,GST_STANDARD,Protective case,True,True,"wireless audio designed for music during focused desk work, in the vista family and supplied by candle with a 12-month warranty."
PRD0666,Vela Spark 765,Smart Home,Vela,115.16,67.96,2014,12,0.267,SKU-VEL00666,Home Automation,Wave,Gold,SUP037,China,2014-08-11,GST_STANDARD,Protective case,True,True,"home automation designed for scheduled control of a household power outlet, in the wave family and supplied by vela with a 12-month warranty."
PRD0667,Candle Bloom 766,Gaming,Candle,2144.83,1628.66,2013,24,1.276,SKU-CAN00667,Gaming Hardware,Arc,Red,SUP001,Korea,2013-02-04,GST_STANDARD,Protective case,True,True,"gaming hardware designed for casual games in a shared room, in the arc family and supplied by candle with a 24-month warranty."
PRD0668,Vela Halo 767,Wearable,Vela,1025.81,656.45,2016,12,0.092,SKU-VEL00668,Health Wearable,Atlas,Gold,SUP002,China,2016-09-24,GST_STANDARD,Recycled box,True,True,"health wearable designed for walking and commute notifications, in the atlas family and supplied by vela with a 12-month warranty."
PRD0669,Candle Quest 768,Networking,Candle,271.59,204.8,2017,24,0.649,SKU-CAN00669,Connected Network,Bloom,Black,SUP003,Japan,2017-09-04,GST_STANDARD,Box,False,True,"connected network designed for connecting several shared household devices, in the bloom family and supplied by candle with a 24-month warranty."
PRD0670,Vela Wave 769,Accessory,Vela,387.96,239.55,2014,12,0.219,SKU-VEL00670,Mobile Accessory,Core,White,SUP004,Malaysia,2014-11-25,GST_STANDARD,Box,True,True,"mobile accessory designed for protective storage during travel, in the core family and supplied by vela with a 12-month warranty."
PRD0671,Candle Edge 770,Laptop,Candle,1835.03,1123.14,2017,24,1.795,SKU-CAN00671,Ultrabook,Edge,Green,SUP005,Japan,2017-02-06,GST_STANDARD,Box,True,True,"ultrabook designed for creative projects and media editing, in the edge family and supplied by candle with a 24-month warranty."
PRD0672,Vela Nova 771,Smartphone,Vela,1690.15,1067.53,2013,24,0.193,SKU-VEL00672,5G Smartphone,Echo,Graphite,SUP006,Australia,2013-08-01,GST_STANDARD,Recycled box,False,True,"5g smartphone designed for work calls and calendar management, in the echo family and supplied by vela with a 24-month warranty."
PRD0673,Candle Shift 772,Tablet,Candle,373.06,257.53,2017,24,0.491,SKU-CAN00673,Productivity Tablet,Flux,Green,SUP007,Japan,2017-07-26,GST_STANDARD,Protective case,True,True,"productivity tablet designed for field forms and client presentations, in the flux family and supplied by candle with a 24-month warranty."
PRD0674,Vela Atlas 773,Home Entertainment,Vela,3768.2,2555.04,2016,24,8.57,SKU-VEL00674,Smart Display,Halo,Red,SUP008,Australia,2016-07-13,GST_STANDARD,Protective case,True,True,"smart display designed for family media streaming, in the halo family and supplied by vela with a 24-month warranty."
PRD0675,Candle Flux 774,Audio,Candle,927.62,639.48,2012,12,0.4,SKU-CAN00675,Wireless Audio,Lumen,Red,SUP009,Japan,2012-07-26,GST_STANDARD,Recycled box,True,True,"wireless audio designed for video calls and online classes, in the lumen family and supplied by candle with a 12-month warranty."
PRD0676,Vela Pulse 775,Smart Home,Vela,45.2,30.87,2017,12,0.29,SKU-VEL00676,Home Automation,Nova,Green,SUP010,China,2017-05-17,GST_STANDARD,Box,True,True,"home automation designed for indoor temperature and humidity monitoring, in the nova family and supplied by vela with a 12-month warranty."
PRD0677,Candle Vista 776,Gaming,Candle,1049.55,698.1,2015,24,1.238,SKU-CAN00677,Gaming Hardware,Orbit,Gold,SUP011,Vietnam,2015-04-08,GST_STANDARD,Recycled box,True,True,"gaming hardware designed for competitive play and voice communication, in the orbit family and supplied by candle with a 24-month warranty."
PRD0678,Vela Core 777,Wearable,Vela,566.98,320.68,2016,12,0.159,SKU-VEL00678,Health Wearable,Pulse,Red,SUP012,Japan,2016-12-26,GST_STANDARD,Recycled box,False,True,"health wearable designed for exercise session summaries, in the pulse family and supplied by vela with a 12-month warranty."
PRD0679,Candle Lumen 778,Networking,Candle,864.47,596.31,2013,24,0.613,SKU-CAN00679,Connected Network,Quest,Blue,SUP013,Vietnam,2013-05-23,GST_STANDARD,Recycled box,False,True,"connected network designed for video meetings and media streaming, in the quest family and supplied by candle with a 24-month warranty."
PRD0680,Vela Ridge 779,Accessory,Vela,228.54,110.48,2012,12,0.223,SKU-VEL00680,Mobile Accessory,Ridge,White,SUP014,Vietnam,2012-10-08,GST_STANDARD,Protective case,True,True,"mobile accessory designed for charging-cable organisation, in the ridge family and supplied by vela with a 12-month warranty."
PRD0681,Candle Arc 780,Laptop,Candle,1086.83,584.84,2014,24,1.961,SKU-CAN00681,Ultrabook,Shift,Black,SUP015,Australia,2014-01-26,GST_STANDARD,Protective case,True,True,"ultrabook designed for shared home-office administration, in the shift family and supplied by candle with a 24-month warranty."
PRD0682,Vela Echo 781,Smartphone,Vela,1711.59,1159.57,2017,24,0.292,SKU-VEL00682,5G Smartphone,Spark,Blue,SUP016,Korea,2017-01-18,GST_STANDARD,Box,True,True,"5g smartphone designed for travel planning and media use, in the spark family and supplied by vela with a 24-month warranty."
PRD0683,Candle Orbit 782,Tablet,Candle,704.09,412.02,2015,24,0.523,SKU-CAN00683,Productivity Tablet,Vista,Black,SUP017,Vietnam,2015-06-08,GST_STANDARD,Recycled box,False,True,"productivity tablet designed for family learning and shared browsing, in the vista family and supplied by candle with a 24-month warranty."
PRD0684,Vela Spark 783,Home Entertainment,Vela,1730.11,1283.5,2015,24,8.317,SKU-VEL00684,Smart Display,Wave,Silver,SUP018,Australia,2015-07-16,GST_STANDARD,Box,True,True,"smart display designed for casual living-room gaming, in the wave family and supplied by vela with a 24-month warranty."
PRD0685,Candle Bloom 784,Audio,Candle,1109.03,819.33,2017,12,0.446,SKU-CAN00685,Wireless Audio,Arc,Black,SUP019,Australia,2017-02-01,GST_STANDARD,Recycled box,True,True,"wireless audio designed for shared-room music playback, in the arc family and supplied by candle with a 12-month warranty."
PRD0686,Vela Halo 785,Smart Home,Vela,529.65,312.17,2016,12,0.321,SKU-VEL00686,Home Automation,Atlas,Silver,SUP020,Japan,2016-03-20,GST_STANDARD,Protective case,True,True,"home automation designed for door and window activity alerts, in the atlas family and supplied by vela with a 12-month warranty."
PRD0687,Candle Quest 786,Gaming,Candle,200.01,109.51,2015,24,1.345,SKU-CAN00687,Gaming Hardware,Bloom,Black,SUP021,Korea,2015-11-01,GST_STANDARD,Box,False,True,"gaming hardware designed for portable gaming and travel, in the bloom family and supplied by candle with a 24-month warranty."
PRD0688,Vela Wave 787,Wearable,Vela,409.87,247.56,2016,12,0.099,SKU-VEL00688,Health Wearable,Core,White,SUP022,Vietnam,2016-12-06,GST_STANDARD,Protective case,False,True,"health wearable designed for calendar alerts and quick message checks, in the core family and supplied by vela with a 12-month warranty."
PRD0689,Candle Edge 788,Networking,Candle,1142.34,718.43,2017,24,0.887,SKU-CAN00689,Connected Network,Edge,Green,SUP023,Japan,2017-12-09,GST_STANDARD,Box,True,True,"connected network designed for guest-network and device management, in the edge family and supplied by candle with a 24-month warranty."
PRD0690,Vela Nova 789,Accessory,Vela,115.07,85.83,2015,12,0.172,SKU-VEL00690,Mobile Accessory,Echo,Silver,SUP024,Australia,2015-10-07,GST_STANDARD,Recycled box,False,True,"mobile accessory designed for connecting several devices through one compact adapter, in the echo family and supplied by vela with a 12-month warranty."
PRD0691,Candle Shift 790,Laptop,Candle,2417.17,1708.13,2017,24,1.243,SKU-CAN00691,Ultrabook,Flux,White,SUP025,Korea,2017-08-13,GST_STANDARD,Protective case,True,True,"ultrabook designed for travel-based work and presentations, in the flux family and supplied by candle with a 24-month warranty."
PRD0692,Vela Atlas 791,Smartphone,Vela,1859.26,1226.48,2017,24,0.205,SKU-VEL00692,5G Smartphone,Halo,Red,SUP026,Vietnam,2017-01-16,GST_STANDARD,Protective case,True,True,"5g smartphone designed for family communication and casual apps, in the halo family and supplied by vela with a 24-month warranty."
PRD0693,Candle Flux 792,Tablet,Candle,748.42,448.78,2012,24,0.771,SKU-CAN00693,Productivity Tablet,Lumen,Green,SUP027,Japan,2012-02-09,GST_STANDARD,Recycled box,True,True,"productivity tablet designed for drawing and lightweight creative work, in the lumen family and supplied by candle with a 24-month warranty."
PRD0694,Vela Pulse 793,Home Entertainment,Vela,2715.4,1444.71,2014,24,8.952,SKU-VEL00694,Smart Display,Nova,Blue,SUP028,Korea,2014-09-22,GST_STANDARD,Protective case,False,True,"smart display designed for presentations and photo viewing, in the nova family and supplied by vela with a 24-month warranty."
PRD0695,Candle Vista 794,Audio,Candle,663.83,459.75,2017,12,0.6,SKU-CAN00695,Wireless Audio,Orbit,Green,SUP029,Australia,2017-03-26,GST_STANDARD,Recycled box,True,True,"wireless audio designed for long listening sessions at home, in the orbit family and supplied by candle with a 12-month warranty."
PRD0696,Vela Core 795,Smart Home,Vela,223.84,123.92,2015,12,0.291,SKU-VEL00696,Home Automation,Pulse,Blue,SUP030,Japan,2015-09-05,GST_STANDARD,Box,True,True,"home automation designed for automated blind and curtain routines, in the pulse family and supplied by vela with a 12-month warranty."
PRD0697,Candle Lumen 796,Gaming,Candle,590.16,297.98,2012,24,0.974,SKU-CAN00697,Gaming Hardware,Quest,White,SUP031,Australia,2012-03-19,GST_STANDARD,Protective case,True,True,"gaming hardware designed for game streaming and media capture, in the quest family and supplied by candle with a 24-month warranty."
PRD0698,Vela Ridge 797,Wearable,Vela,68.9,47.34,2012,12,0.143,SKU-VEL00698,Health Wearable,Ridge,Graphite,SUP032,Japan,2012-01-15,GST_STANDARD,Protective case,True,True,"health wearable designed for habit reminders and everyday timekeeping, in the ridge family and supplied by vela with a 12-month warranty."
PRD0699,Candle Arc 798,Networking,Candle,373.99,261.78,2017,24,0.581,SKU-CAN00699,Connected Network,Shift,White,SUP033,Malaysia,2017-05-27,GST_STANDARD,Recycled box,True,True,"connected network designed for extending coverage between rooms, in the shift family and supplied by candle with a 24-month warranty."
PRD0700,Vela Echo 799,Accessory,Vela,241.67,116.92,2012,12,0.186,SKU-VEL00700,Mobile Accessory,Spark,White,SUP034,Vietnam,2012-06-09,GST_STANDARD,Recycled box,False,True,"mobile accessory designed for hands-free device support in a shared workspace, in the spark family and supplied by vela with a 12-month warranty."
PRD0701,Candle Orbit 800,Laptop,Candle,1790.97,1045.31,2016,24,1.398,SKU-CAN00701,Ultrabook,Vista,Gold,SUP035,Australia,2016-03-13,GST_STANDARD,Recycled box,True,True,"ultrabook designed for portable document work and video meetings, in the vista family and supplied by candle with a 24-month warranty."
PRD0702,Vela Spark 801,Smartphone,Vela,1184.94,834.25,2015,24,0.234,SKU-VEL00702,5G Smartphone,Wave,Black,SUP036,Australia,2015-07-21,GST_STANDARD,Box,True,True,"5g smartphone designed for daily communication and navigation, in the wave family and supplied by vela with a 24-month warranty."
PRD0703,Candle Bloom 802,Tablet,Candle,529.32,305.23,2012,24,0.808,SKU-CAN00703,Productivity Tablet,Arc,Silver,SUP037,China,2012-11-14,GST_STANDARD,Protective case,True,True,"productivity tablet designed for reading, annotation and handwritten notes, in the arc family and supplied by candle with a 24-month warranty."
PRD0704,Vela Halo 803,Home Entertainment,Vela,2975.95,1677.34,2017,24,6.683,SKU-VEL00704,Smart Display,Atlas,White,SUP001,Australia,2017-01-13,GST_STANDARD,Recycled box,True,True,"smart display designed for shared film and television viewing, in the atlas family and supplied by vela with a 24-month warranty."
PRD0705,Candle Quest 804,Audio,Candle,1096.7,686.32,2015,12,0.499,SKU-CAN00705,Wireless Audio,Bloom,Blue,SUP002,Australia,2015-06-17,GST_STANDARD,Recycled box,True,True,"wireless audio designed for commuting and spoken-content listening, in the bloom family and supplied by candle with a 12-month warranty."
PRD0706,Vela Wave 805,Smart Home,Vela,493.43,338.9,2013,12,0.347,SKU-VEL00706,Home Automation,Core,Silver,SUP003,Malaysia,2013-06-10,GST_STANDARD,Box,True,True,"home automation designed for app-controlled room lighting, in the core family and supplied by vela with a 12-month warranty."
PRD0707,Candle Edge 806,Gaming,Candle,2487.37,1372.9,2015,24,1.088,SKU-CAN00707,Gaming Hardware,Edge,Graphite,SUP004,Australia,2015-04-13,GST_STANDARD,Recycled box,False,True,"gaming hardware designed for long desktop gaming sessions, in the edge family and supplied by candle with a 24-month warranty."
PRD0708,Vela Nova 807,Wearable,Vela,1076.81,809.16,2017,12,0.116,SKU-VEL00708,Health Wearable,Echo,Blue,SUP005,Japan,2017-09-16,GST_STANDARD,Protective case,False,True,"health wearable designed for daily activity and sleep tracking, in the echo family and supplied by vela with a 12-month warranty."
PRD0709,Candle Shift 808,Networking,Candle,320.78,158.08,2013,24,0.512,SKU-CAN00709,Connected Network,Flux,Green,SUP006,Vietnam,2013-02-19,GST_STANDARD,Protective case,True,True,"connected network designed for home-office wireless coverage, in the flux family and supplied by candle with a 24-month warranty."
PRD0710,Vela Atlas 809,Accessory,Vela,193.26,134.57,2016,12,0.226,SKU-VEL00710,Mobile Accessory,Halo,Black,SUP007,Japan,2016-05-15,GST_STANDARD,Box,True,True,"mobile accessory designed for adjustable desk mounting and device positioning, in the halo family and supplied by vela with a 12-month warranty."
PRD0711,Candle Flux 810,Laptop,Candle,2598.42,1857.3,2014,24,1.483,SKU-CAN00711,Ultrabook,Lumen,Silver,SUP008,Korea,2014-02-20,GST_STANDARD,Recycled box,False,True,"ultrabook designed for study, research and note taking, in the lumen family and supplied by candle with a 24-month warranty."
PRD0712,Vela Pulse 811,Smartphone,Vela,331.7,236.79,2016,24,0.191,SKU-VEL00712,5G Smartphone,Nova,Black,SUP009,China,2016-04-14,GST_STANDARD,Recycled box,True,True,"5g smartphone designed for mobile photography and messaging, in the nova family and supplied by vela with a 24-month warranty."
PRD0713,Candle Vista 812,Tablet,Candle,768.21,421.31,2014,24,0.85,SKU-CAN00713,Productivity Tablet,Orbit,Silver,SUP010,Malaysia,2014-11-13,GST_STANDARD,Protective case,True,True,"productivity tablet designed for portable media and video calls, in the orbit family and supplied by candle with a 24-month warranty."
PRD0714,Vela Core 813,Home Entertainment,Vela,3365.3,2327.3,2012,24,6.877,SKU-VEL00714,Smart Display,Pulse,Red,SUP011,Australia,2012-03-03,GST_STANDARD,Recycled box,True,True,"smart display designed for music and spoken-content playback, in the pulse family and supplied by vela with a 24-month warranty."
PRD0715,Candle Lumen 814,Audio,Candle,401.49,231.96,2015,12,0.414,SKU-CAN00715,Wireless Audio,Quest,Silver,SUP012,Vietnam,2015-07-07,GST_STANDARD,Recycled box,False,True,"wireless audio designed for music during focused desk work, in the quest family and supplied by candle with a 12-month warranty."
PRD0716,Vela Ridge 815,Smart Home,Vela,300.2,183.41,2012,12,0.296,SKU-VEL00716,Home Automation,Ridge,Gold,SUP013,China,2012-10-02,GST_STANDARD,Box,True,True,"home automation designed for scheduled control of a household power outlet, in the ridge family and supplied by vela with a 12-month warranty."
PRD0717,Candle Arc 816,Gaming,Candle,1445.8,739.41,2017,24,1.126,SKU-CAN00717,Gaming Hardware,Shift,Graphite,SUP014,Korea,2017-04-06,GST_STANDARD,Recycled box,True,True,"gaming hardware designed for casual games in a shared room, in the shift family and supplied by candle with a 24-month warranty."
PRD0718,Vela Echo 817,Wearable,Vela,287.05,145.15,2017,12,0.102,SKU-VEL00718,Health Wearable,Spark,Black,SUP015,Australia,2017-09-14,GST_STANDARD,Box,True,True,"health wearable designed for walking and commute notifications, in the spark family and supplied by vela with a 12-month warranty."
PRD0719,Candle Orbit 818,Networking,Candle,192.41,93.0,2013,24,0.749,SKU-CAN00719,Connected Network,Vista,Silver,SUP016,China,2013-10-22,GST_STANDARD,Box,True,True,"connected network designed for connecting several shared household devices, in the vista family and supplied by candle with a 24-month warranty."
PRD0720,Vela Spark 819,Accessory,Vela,216.18,154.99,2015,12,0.163,SKU-VEL00720,Mobile Accessory,Wave,Black,SUP017,Malaysia,2015-08-22,GST_STANDARD,Recycled box,True,True,"mobile accessory designed for protective storage during travel, in the wave family and supplied by vela with a 12-month warranty."
PRD0721,Candle Bloom 820,Laptop,Candle,2149.9,1388.9,2013,24,1.282,SKU-CAN00721,Ultrabook,Arc,Red,SUP018,China,2013-03-08,GST_STANDARD,Recycled box,True,True,"ultrabook designed for creative projects and media editing, in the arc family and supplied by candle with a 24-month warranty."
PRD0722,Vela Halo 821,Smartphone,Vela,1783.98,858.33,2016,24,0.173,SKU-VEL00722,5G Smartphone,Atlas,Green,SUP019,Japan,2016-06-19,GST_STANDARD,Recycled box,True,True,"5g smartphone designed for work calls and calendar management, in the atlas family and supplied by vela with a 24-month warranty."
PRD0723,Candle Quest 822,Tablet,Candle,1076.87,562.84,2017,24,0.528,SKU-CAN00723,Productivity Tablet,Bloom,White,SUP020,Malaysia,2017-12-12,GST_STANDARD,Protective case,True,True,"productivity tablet designed for field forms and client presentations, in the bloom family and supplied by candle with a 24-month warranty."
PRD0724,Vela Wave 823,Home Entertainment,Vela,2202.99,1661.25,2016,24,9.964,SKU-VEL00724,Smart Display,Core,Red,SUP021,Australia,2016-02-07,GST_STANDARD,Box,True,True,"smart display designed for family media streaming, in the core family and supplied by vela with a 24-month warranty."
PRD0725,Candle Edge 824,Audio,Candle,1037.01,537.21,2015,12,0.475,SKU-CAN00725,Wireless Audio,Edge,Silver,SUP022,China,2015-12-26,GST_STANDARD,Recycled box,True,True,"wireless audio designed for video calls and online classes, in the edge family and supplied by candle with a 12-month warranty."
PRD0726,Vela Nova 825,Smart Home,Vela,357.63,265.58,2016,12,0.33,SKU-VEL00726,Home Automation,Echo,Graphite,SUP023,Japan,2016-05-09,GST_STANDARD,Recycled box,False,True,"home automation designed for indoor temperature and humidity monitoring, in the echo family and supplied by vela with a 12-month warranty."
PRD0727,Candle Shift 826,Gaming,Candle,842.09,445.77,2015,24,1.556,SKU-CAN00727,Gaming Hardware,Flux,Black,SUP024,Malaysia,2015-12-25,GST_STANDARD,Protective case,True,True,"gaming hardware designed for competitive play and voice communication, in the flux family and supplied by candle with a 24-month warranty."
PRD0728,Vela Atlas 827,Wearable,Vela,504.43,260.66,2013,12,0.138,SKU-VEL00728,Health Wearable,Halo,Silver,SUP025,Japan,2013-12-11,GST_STANDARD,Protective case,True,True,"health wearable designed for exercise session summaries, in the halo family and supplied by vela with a 12-month warranty."
PRD0729,Candle Flux 828,Networking,Candle,496.66,321.03,2016,24,0.888,SKU-CAN00729,Connected Network,Lumen,White,SUP026,Australia,2016-10-12,GST_STANDARD,Recycled box,True,True,"connected network designed for video meetings and media streaming, in the lumen family and supplied by candle with a 24-month warranty."
PRD0730,Vela Pulse 829,Accessory,Vela,418.77,236.78,2017,12,0.141,SKU-VEL00730,Mobile Accessory,Nova,Black,SUP027,Vietnam,2017-07-03,GST_STANDARD,Recycled box,False,True,"mobile accessory designed for charging-cable organisation, in the nova family and supplied by vela with a 12-month warranty."
PRD0731,Candle Vista 830,Laptop,Candle,1738.31,1294.71,2016,24,1.649,SKU-CAN00731,Ultrabook,Orbit,Black,SUP028,Korea,2016-09-07,GST_STANDARD,Box,True,True,"ultrabook designed for shared home-office administration, in the orbit family and supplied by candle with a 24-month warranty."
PRD0732,Vela Core 831,Smartphone,Vela,729.81,366.82,2016,24,0.293,SKU-VEL00732,5G Smartphone,Pulse,Graphite,SUP029,Vietnam,2016-04-27,GST_STANDARD,Recycled box,False,True,"5g smartphone designed for travel planning and media use, in the pulse family and supplied by vela with a 24-month warranty."
PRD0733,Candle Lumen 832,Tablet,Candle,1448.13,980.02,2012,24,0.476,SKU-CAN00733,Productivity Tablet,Quest,White,SUP030,Australia,2012-01-06,GST_STANDARD,Box,True,True,"productivity tablet designed for family learning and shared browsing, in the quest family and supplied by candle with a 24-month warranty."
PRD0734,Vela Ridge 833,Home Entertainment,Vela,1722.21,869.02,2014,24,9.076,SKU-VEL00734,Smart Display,Ridge,Blue,SUP031,Vietnam,2014-05-08,GST_STANDARD,Protective case,True,True,"smart display designed for casual living-room gaming, in the ridge family and supplied by vela with a 24-month warranty."
PRD0735,Candle Arc 834,Audio,Candle,952.04,610.56,2015,12,0.379,SKU-CAN00735,Wireless Audio,Shift,White,SUP032,Vietnam,2015-12-01,GST_STANDARD,Recycled box,True,True,"wireless audio designed for shared-room music playback, in the shift family and supplied by candle with a 12-month warranty."
PRD0736,Vela Echo 835,Smart Home,Vela,508.97,373.92,2017,12,0.272,SKU-VEL00736,Home Automation,Spark,Graphite,SUP033,China,2017-06-09,GST_STANDARD,Box,True,True,"home automation designed for door and window activity alerts, in the spark family and supplied by vela with a 12-month warranty."
PRD0737,Candle Orbit 836,Gaming,Candle,420.63,311.51,2014,24,0.899,SKU-CAN00737,Gaming Hardware,Vista,Black,SUP034,Vietnam,2014-04-11,GST_STANDARD,Protective case,False,True,"gaming hardware designed for portable gaming and travel, in the vista family and supplied by candle with a 24-month warranty."
PRD0738,Vela Spark 837,Wearable,Vela,357.89,252.97,2014,12,0.098,SKU-VEL00738,Health Wearable,Wave,White,SUP035,Korea,2014-04-23,GST_STANDARD,Protective case,True,True,"health wearable designed for calendar alerts and quick message checks, in the wave family and supplied by vela with a 12-month warranty."
PRD0739,Candle Bloom 838,Networking,Candle,1069.28,650.94,2014,24,0.943,SKU-CAN00739,Connected Network,Arc,Graphite,SUP036,Australia,2014-10-14,GST_STANDARD,Protective case,True,True,"connected network designed for guest-network and device management, in the arc family and supplied by candle with a 24-month warranty."
PRD0740,Vela Halo 839,Accessory,Vela,366.0,231.82,2015,12,0.198,SKU-VEL00740,Mobile Accessory,Atlas,Green,SUP037,Vietnam,2015-08-16,GST_STANDARD,Recycled box,True,True,"mobile accessory designed for connecting several devices through one compact adapter, in the atlas family and supplied by vela with a 12-month warranty."
PRD0741,Candle Quest 840,Laptop,Candle,2701.76,1523.5,2012,24,1.138,SKU-CAN00741,Ultrabook,Bloom,Red,SUP001,Vietnam,2012-09-26,GST_STANDARD,Box,True,True,"ultrabook designed for travel-based work and presentations, in the bloom family and supplied by candle with a 24-month warranty."
PRD0742,Vela Wave 841,Smartphone,Vela,338.72,236.08,2016,24,0.22,SKU-VEL00742,5G Smartphone,Core,Red,SUP002,Vietnam,2016-05-18,GST_STANDARD,Protective case,True,True,"5g smartphone designed for family communication and casual apps, in the core family and supplied by vela with a 24-month warranty."
PRD0743,Candle Edge 842,Tablet,Candle,651.04,350.08,2014,24,0.782,SKU-CAN00743,Productivity Tablet,Edge,Silver,SUP003,Australia,2014-01-14,GST_STANDARD,Protective case,True,True,"productivity tablet designed for drawing and lightweight creative work, in the edge family and supplied by candle with a 24-month warranty."
PRD0744,Vela Nova 843,Home Entertainment,Vela,4074.4,2836.53,2014,24,8.28,SKU-VEL00744,Smart Display,Echo,Blue,SUP004,Malaysia,2014-03-08,GST_STANDARD,Recycled box,True,True,"smart display designed for presentations and photo viewing, in the echo family and supplied by vela with a 24-month warranty."
PRD0745,Candle Shift 844,Audio,Candle,222.81,137.03,2014,12,0.417,SKU-CAN00745,Wireless Audio,Flux,Gold,SUP005,Australia,2014-03-23,GST_STANDARD,Protective case,True,True,"wireless audio designed for long listening sessions at home, in the flux family and supplied by candle with a 12-month warranty."
PRD0746,Vela Atlas 845,Smart Home,Vela,804.31,407.2,2012,12,0.463,SKU-VEL00746,Home Automation,Halo,Black,SUP006,Japan,2012-03-12,GST_STANDARD,Protective case,True,False,"home automation designed for automated blind and curtain routines, in the halo family and supplied by vela with a 12-month warranty."
PRD0747,Candle Flux 846,Gaming,Candle,1353.66,673.36,2014,24,0.92,SKU-CAN00747,Gaming Hardware,Lumen,Blue,SUP007,China,2014-07-17,GST_STANDARD,Protective case,True,True,"gaming hardware designed for game streaming and media capture, in the lumen family and supplied by candle with a 24-month warranty."
PRD0748,Vela Pulse 847,Wearable,Vela,432.14,258.46,2012,12,0.115,SKU-VEL00748,Health Wearable,Nova,Black,SUP008,Australia,2012-04-07,GST_STANDARD,Box,True,True,"health wearable designed for habit reminders and everyday timekeeping, in the nova family and supplied by vela with a 12-month warranty."
PRD0749,Candle Vista 848,Networking,Candle,1278.37,651.31,2016,24,0.89,SKU-CAN00749,Connected Network,Orbit,Green,SUP009,China,2016-03-26,GST_STANDARD,Recycled box,True,True,"connected network designed for extending coverage between rooms, in the orbit family and supplied by candle with a 24-month warranty."
PRD0750,Vela Core 849,Accessory,Vela,400.34,240.19,2016,12,0.153,SKU-VEL00750,Mobile Accessory,Pulse,Silver,SUP010,Korea,2016-07-22,GST_STANDARD,Protective case,True,True,"mobile accessory designed for hands-free device support in a shared workspace, in the pulse family and supplied by vela with a 12-month warranty."
PRD0751,Candle Lumen 850,Laptop,Candle,2924.83,1422.71,2012,24,1.821,SKU-CAN00751,Ultrabook,Quest,White,SUP011,China,2012-07-11,GST_STANDARD,Recycled box,False,True,"ultrabook designed for portable document work and video meetings, in the quest family and supplied by candle with a 24-month warranty."
PRD0752,Vela Ridge 851,Smartphone,Vela,1670.56,1108.51,2015,24,0.294,SKU-VEL00752,5G Smartphone,Ridge,Silver,SUP012,Australia,2015-07-19,GST_STANDARD,Box,False,True,"5g smartphone designed for daily communication and navigation, in the ridge family and supplied by vela with a 24-month warranty."
PRD0753,Candle Arc 852,Tablet,Candle,377.42,267.44,2013,24,0.531,SKU-CAN00753,Productivity Tablet,Shift,Red,SUP013,Japan,2013-10-02,GST_STANDARD,Box,True,True,"productivity tablet designed for reading, annotation and handwritten notes, in the shift family and supplied by candle with a 24-month warranty."
PRD0754,Vela Echo 853,Home Entertainment,Vela,2206.66,1174.2,2017,24,10.19,SKU-VEL00754,Smart Display,Spark,White,SUP014,Malaysia,2017-10-26,GST_STANDARD,Protective case,True,True,"smart display designed for shared film and television viewing, in the spark family and supplied by vela with a 24-month warranty."
PRD0755,Candle Orbit 854,Audio,Candle,802.94,600.54,2012,12,0.555,SKU-CAN00755,Wireless Audio,Vista,Gold,SUP015,Vietnam,2012-09-13,GST_STANDARD,Recycled box,True,True,"wireless audio designed for commuting and spoken-content listening, in the vista family and supplied by candle with a 12-month warranty."
PRD0756,Vela Spark 855,Smart Home,Vela,177.47,128.95,2014,12,0.346,SKU-VEL00756,Home Automation,Wave,Blue,SUP016,Vietnam,2014-05-27,GST_STANDARD,Recycled box,True,True,"home automation designed for app-controlled room lighting, in the wave family and supplied by vela with a 12-month warranty."
PRD0757,Candle Bloom 856,Gaming,Candle,1540.4,823.94,2012,24,1.575,SKU-CAN00757,Gaming Hardware,Arc,Gold,SUP017,Japan,2012-02-10,GST_STANDARD,Box,True,True,"gaming hardware designed for long desktop gaming sessions, in the arc family and supplied by candle with a 24-month warranty."
PRD0758,Vela Halo 857,Wearable,Vela,165.39,113.1,2016,12,0.136,SKU-VEL00758,Health Wearable,Atlas,Silver,SUP018,Vietnam,2016-05-27,GST_STANDARD,Recycled box,True,True,"health wearable designed for daily activity and sleep tracking, in the atlas family and supplied by vela with a 12-month warranty."
PRD0759,Candle Quest 858,Networking,Candle,1399.01,1024.05,2013,24,0.573,SKU-CAN00759,Connected Network,Bloom,Red,SUP019,Korea,2013-06-16,GST_STANDARD,Protective case,True,True,"connected network designed for home-office wireless coverage, in the bloom family and supplied by candle with a 24-month warranty."
PRD0760,Vela Wave 859,Accessory,Vela,36.27,19.32,2012,12,0.243,SKU-VEL00760,Mobile Accessory,Core,Gold,SUP020,China,2012-04-02,GST_STANDARD,Protective case,True,False,"mobile accessory designed for adjustable desk mounting and device positioning, in the core family and supplied by vela with a 12-month warranty."
PRD0761,Candle Edge 860,Laptop,Candle,2263.02,1180.98,2012,24,1.683,SKU-CAN00761,Ultrabook,Edge,Black,SUP021,Japan,2012-07-08,GST_STANDARD,Recycled box,False,True,"ultrabook designed for study, research and note taking, in the edge family and supplied by candle with a 24-month warranty."
PRD0762,Vela Nova 861,Smartphone,Vela,1016.52,576.76,2017,24,0.253,SKU-VEL00762,5G Smartphone,Echo,Red,SUP022,Vietnam,2017-10-20,GST_STANDARD,Recycled box,True,True,"5g smartphone designed for mobile photography and messaging, in the echo family and supplied by vela with a 24-month warranty."
PRD0763,Candle Shift 862,Tablet,Candle,1579.7,1015.24,2017,24,0.485,SKU-CAN00763,Productivity Tablet,Flux,Gold,SUP023,Korea,2017-08-10,GST_STANDARD,Protective case,True,True,"productivity tablet designed for portable media and video calls, in the flux family and supplied by candle with a 24-month warranty."
PRD0764,Vela Atlas 863,Home Entertainment,Vela,1928.47,947.28,2017,24,6.869,SKU-VEL00764,Smart Display,Halo,White,SUP024,China,2017-11-25,GST_STANDARD,Box,True,True,"smart display designed for music and spoken-content playback, in the halo family and supplied by vela with a 24-month warranty."
PRD0765,Candle Flux 864,Audio,Candle,915.52,506.92,2017,12,0.404,SKU-CAN00765,Wireless Audio,Lumen,White,SUP025,Vietnam,2017-08-18,GST_STANDARD,Box,True,True,"wireless audio designed for music during focused desk work, in the lumen family and supplied by candle with a 12-month warranty."
PRD0766,Vela Pulse 865,Smart Home,Vela,655.3,362.15,2014,12,0.44,SKU-VEL00766,Home Automation,Nova,White,SUP026,Korea,2014-08-06,GST_STANDARD,Box,False,True,"home automation designed for scheduled control of a household power outlet, in the nova family and supplied by vela with a 12-month warranty."
PRD0767,Candle Vista 866,Gaming,Candle,2219.87,1160.33,2013,24,1.14,SKU-CAN00767,Gaming Hardware,Orbit,Green,SUP027,Vietnam,2013-01-08,GST_STANDARD,Protective case,True,True,"gaming hardware designed for casual games in a shared room, in the orbit family and supplied by candle with a 24-month warranty."
PRD0768,Vela Core 867,Wearable,Vela,435.51,241.6,2016,12,0.097,SKU-VEL00768,Health Wearable,Pulse,Silver,SUP028,Vietnam,2016-11-15,GST_STANDARD,Protective case,True,True,"health wearable designed for walking and commute notifications, in the pulse family and supplied by vela with a 12-month warranty."
PRD0769,Candle Lumen 868,Networking,Candle,982.55,568.0,2012,24,0.667,SKU-CAN00769,Connected Network,Quest,Gold,SUP029,Vietnam,2012-12-23,GST_STANDARD,Box,True,True,"connected network designed for connecting several shared household devices, in the quest family and supplied by candle with a 24-month warranty."
PRD0770,Vela Ridge 869,Accessory,Vela,116.43,77.44,2013,12,0.192,SKU-VEL00770,Mobile Accessory,Ridge,Black,SUP030,Japan,2013-09-19,GST_STANDARD,Box,False,True,"mobile accessory designed for protective storage during travel, in the ridge family and supplied by vela with a 12-month warranty."
PRD0771,Candle Arc 870,Laptop,Candle,1761.53,999.41,2017,24,1.24,SKU-CAN00771,Ultrabook,Shift,Green,SUP031,Australia,2017-07-03,GST_STANDARD,Protective case,True,True,"ultrabook designed for creative projects and media editing, in the shift family and supplied by candle with a 24-month warranty."
PRD0772,Vela Echo 871,Smartphone,Vela,306.42,206.42,2014,24,0.207,SKU-VEL00772,5G Smartphone,Spark,Gold,SUP032,Japan,2014-03-19,GST_STANDARD,Recycled box,True,True,"5g smartphone designed for work calls and calendar management, in the spark family and supplied by vela with a 24-month warranty."
PRD0773,Candle Orbit 872,Tablet,Candle,1495.61,858.15,2015,24,0.565,SKU-CAN00773,Productivity Tablet,Vista,Red,SUP033,Malaysia,2015-10-06,GST_STANDARD,Protective case,True,True,"productivity tablet designed for field forms and client presentations, in the vista family and supplied by candle with a 24-month warranty."
PRD0774,Vela Spark 873,Home Entertainment,Vela,2233.58,1651.41,2014,24,7.512,SKU-VEL00774,Smart Display,Wave,White,SUP034,Malaysia,2014-07-21,GST_STANDARD,Protective case,True,False,"smart display designed for family media streaming, in the wave family and supplied by vela with a 24-month warranty."
PRD0775,Candle Bloom 874,Audio,Candle,1055.72,688.8,2012,12,0.534,SKU-CAN00775,Wireless Audio,Arc,Graphite,SUP035,Korea,2012-04-23,GST_STANDARD,Recycled box,False,True,"wireless audio designed for video calls and online classes, in the arc family and supplied by candle with a 12-month warranty."
PRD0776,Vela Halo 875,Smart Home,Vela,497.49,295.72,2016,12,0.49,SKU-VEL00776,Home Automation,Atlas,Blue,SUP036,Korea,2016-05-12,GST_STANDARD,Recycled box,True,True,"home automation designed for indoor temperature and humidity monitoring, in the atlas family and supplied by vela with a 12-month warranty."
PRD0777,Candle Quest 876,Gaming,Candle,2576.34,1502.12,2017,24,1.373,SKU-CAN00777,Gaming Hardware,Bloom,White,SUP037,Malaysia,2017-07-25,GST_STANDARD,Recycled box,True,True,"gaming hardware designed for competitive play and voice communication, in the bloom family and supplied by candle with a 24-month warranty."
PRD0778,Vela Wave 877,Wearable,Vela,921.48,653.96,2016,12,0.102,SKU-VEL00778,Health Wearable,Core,Gold,SUP001,Australia,2016-09-22,GST_STANDARD,Recycled box,True,True,"health wearable designed for exercise session summaries, in the core family and supplied by vela with a 12-month warranty."
PRD0779,Candle Edge 878,Networking,Candle,835.92,474.11,2015,24,0.924,SKU-CAN00779,Connected Network,Edge,Red,SUP002,Korea,2015-12-15,GST_STANDARD,Protective case,False,True,"connected network designed for video meetings and media streaming, in the edge family and supplied by candle with a 24-month warranty."
PRD0780,Vela Nova 879,Accessory,Vela,297.57,180.68,2015,12,0.149,SKU-VEL00780,Mobile Accessory,Echo,White,SUP003,Vietnam,2015-06-27,GST_STANDARD,Recycled box,True,True,"mobile accessory designed for charging-cable organisation, in the echo family and supplied by vela with a 12-month warranty."
PRD0781,Candle Shift 880,Laptop,Candle,1039.29,699.83,2016,24,1.383,SKU-CAN00781,Ultrabook,Flux,Silver,SUP004,Malaysia,2016-01-11,GST_STANDARD,Recycled box,False,True,"ultrabook designed for shared home-office administration, in the flux family and supplied by candle with a 24-month warranty."
PRD0782,Vela Atlas 881,Smartphone,Vela,483.91,364.04,2015,24,0.268,SKU-VEL00782,5G Smartphone,Halo,Gold,SUP005,Australia,2015-07-04,GST_STANDARD,Recycled box,False,True,"5g smartphone designed for travel planning and media use, in the halo family and supplied by vela with a 24-month warranty."
PRD0783,Candle Flux 882,Tablet,Candle,478.3,323.25,2017,24,0.546,SKU-CAN00783,Productivity Tablet,Lumen,Blue,SUP006,Japan,2017-11-22,GST_STANDARD,Recycled box,True,True,"productivity tablet designed for family learning and shared browsing, in the lumen family and supplied by candle with a 24-month warranty."
PRD0784,Vela Pulse 883,Home Entertainment,Vela,3893.33,2188.94,2015,24,7.71,SKU-VEL00784,Smart Display,Nova,Silver,SUP007,Korea,2015-12-23,GST_STANDARD,Protective case,False,False,"smart display designed for casual living-room gaming, in the nova family and supplied by vela with a 24-month warranty."
PRD0785,Candle Vista 884,Audio,Candle,86.54,61.35,2015,12,0.535,SKU-CAN00785,Wireless Audio,Orbit,Red,SUP008,Malaysia,2015-09-22,GST_STANDARD,Box,False,True,"wireless audio designed for shared-room music playback, in the orbit family and supplied by candle with a 12-month warranty."
PRD0786,Vela Core 885,Smart Home,Vela,142.49,99.26,2013,12,0.443,SKU-VEL00786,Home Automation,Pulse,Graphite,SUP009,Japan,2013-07-12,GST_STANDARD,Protective case,True,True,"home automation designed for door and window activity alerts, in the pulse family and supplied by vela with a 12-month warranty."
PRD0787,Candle Lumen 886,Gaming,Candle,189.07,142.21,2017,24,1.498,SKU-CAN00787,Gaming Hardware,Quest,White,SUP010,Malaysia,2017-04-25,GST_STANDARD,Box,False,True,"gaming hardware designed for portable gaming and travel, in the quest family and supplied by candle with a 24-month warranty."
PRD0788,Vela Ridge 887,Wearable,Vela,699.94,519.83,2015,12,0.163,SKU-VEL00788,Health Wearable,Ridge,Red,SUP011,Japan,2015-03-04,GST_STANDARD,Recycled box,False,True,"health wearable designed for calendar alerts and quick message checks, in the ridge family and supplied by vela with a 12-month warranty."
PRD0789,Candle Arc 888,Networking,Candle,416.43,238.22,2016,24,0.641,SKU-CAN00789,Connected Network,Shift,Gold,SUP012,China,2016-03-27,GST_STANDARD,Protective case,True,True,"connected network designed for guest-network and device management, in the shift family and supplied by candle with a 24-month warranty."
PRD0790,Vela Echo 889,Accessory,Vela,356.37,235.65,2016,12,0.183,SKU-VEL00790,Mobile Accessory,Spark,Black,SUP013,Korea,2016-04-26,GST_STANDARD,Protective case,False,True,"mobile accessory designed for connecting several devices through one compact adapter, in the spark family and supplied by vela with a 12-month warranty."
PRD0791,Candle Orbit 890,Laptop,Candle,2700.27,1298.34,2017,24,2.036,SKU-CAN00791,Ultrabook,Vista,Graphite,SUP014,Malaysia,2017-07-24,GST_STANDARD,Recycled box,True,True,"ultrabook designed for travel-based work and presentations, in the vista family and supplied by candle with a 24-month warranty."
PRD0792,Vela Spark 891,Smartphone,Vela,1375.74,840.59,2015,24,0.185,SKU-VEL00792,5G Smartphone,Wave,Red,SUP015,Japan,2015-04-07,GST_STANDARD,Box,False,True,"5g smartphone designed for family communication and casual apps, in the wave family and supplied by vela with a 24-month warranty."
PRD0793,Candle Bloom 892,Tablet,Candle,454.0,297.16,2016,24,0.771,SKU-CAN00793,Productivity Tablet,Arc,Silver,SUP016,Vietnam,2016-03-03,GST_STANDARD,Recycled box,False,True,"productivity tablet designed for drawing and lightweight creative work, in the arc family and supplied by candle with a 24-month warranty."
PRD0794,Vela Halo 893,Home Entertainment,Vela,1445.08,1034.62,2014,24,5.826,SKU-VEL00794,Smart Display,Atlas,Blue,SUP017,Korea,2014-06-19,GST_STANDARD,Box,True,True,"smart display designed for presentations and photo viewing, in the atlas family and supplied by vela with a 24-month warranty."
PRD0795,Candle Quest 894,Audio,Candle,841.05,435.09,2015,12,0.482,SKU-CAN00795,Wireless Audio,Bloom,Red,SUP018,Australia,2015-05-09,GST_STANDARD,Recycled box,True,True,"wireless audio designed for long listening sessions at home, in the bloom family and supplied by candle with a 12-month warranty."
PRD0796,Vela Wave 895,Smart Home,Vela,187.69,132.79,2017,12,0.408,SKU-VEL00796,Home Automation,Core,Blue,SUP019,Australia,2017-08-05,GST_STANDARD,Box,False,True,"home automation designed for automated blind and curtain routines, in the core family and supplied by vela with a 12-month warranty."
PRD0797,Candle Edge 896,Gaming,Candle,1449.58,723.5,2015,24,1.107,SKU-CAN00797,Gaming Hardware,Edge,Gold,SUP020,Korea,2015-08-22,GST_STANDARD,Box,True,True,"gaming hardware designed for game streaming and media capture, in the edge family and supplied by candle with a 24-month warranty."
PRD0798,Vela Nova 897,Wearable,Vela,999.78,532.48,2017,12,0.115,SKU-VEL00798,Health Wearable,Echo,White,SUP021,Vietnam,2017-11-13,GST_STANDARD,Recycled box,True,True,"health wearable designed for habit reminders and everyday timekeeping, in the echo family and supplied by vela with a 12-month warranty."
PRD0799,Candle Shift 898,Networking,Candle,1443.92,1096.85,2017,24,0.75,SKU-CAN00799,Connected Network,Flux,Silver,SUP022,Australia,2017-11-06,GST_STANDARD,Protective case,True,True,"connected network designed for extending coverage between rooms, in the flux family and supplied by candle with a 24-month warranty."
PRD0800,Vela Atlas 899,Accessory,Vela,334.97,200.92,2013,12,0.205,SKU-VEL00800,Mobile Accessory,Halo,Blue,SUP023,Korea,2013-11-21,GST_STANDARD,Recycled box,True,True,"mobile accessory designed for hands-free device support in a shared workspace, in the halo family and supplied by vela with a 12-month warranty."
PRD0801,Candle Flux 900,Laptop,Candle,2900.31,1623.19,2016,24,1.373,SKU-CAN00801,Ultrabook,Lumen,Green,SUP024,Japan,2016-01-07,GST_STANDARD,Protective case,False,True,"ultrabook designed for portable document work and video meetings, in the lumen family and supplied by candle with a 24-month warranty."
PRD0802,Vela Pulse 901,Smartphone,Vela,1865.37,1267.82,2013,24,0.252,SKU-VEL00802,5G Smartphone,Nova,White,SUP025,Korea,2013-10-21,GST_STANDARD,Protective case,False,True,"5g smartphone designed for daily communication and navigation, in the nova family and supplied by vela with a 24-month warranty."
PRD0803,Candle Vista 902,Tablet,Candle,1082.24,608.39,2013,24,0.814,SKU-CAN00803,Productivity Tablet,Orbit,Blue,SUP026,Malaysia,2013-11-07,GST_STANDARD,Box,True,False,"productivity tablet designed for reading, annotation and handwritten notes, in the orbit family and supplied by candle with a 24-month warranty."
PRD0804,Vela Core 903,Home Entertainment,Vela,1211.99,839.23,2017,24,6.986,SKU-VEL00804,Smart Display,Pulse,Blue,SUP027,Japan,2017-07-17,GST_STANDARD,Box,False,True,"smart display designed for shared film and television viewing, in the pulse family and supplied by vela with a 24-month warranty."
PRD0805,Candle Lumen 904,Audio,Candle,1196.95,638.2,2016,12,0.57,SKU-CAN00805,Wireless Audio,Quest,Red,SUP028,China,2016-11-10,GST_STANDARD,Recycled box,True,True,"wireless audio designed for commuting and spoken-content listening, in the quest family and supplied by candle with a 12-month warranty."
PRD0806,Vela Ridge 905,Smart Home,Vela,210.08,104.81,2014,12,0.431,SKU-VEL00806,Home Automation,Ridge,Black,SUP029,China,2014-09-25,GST_STANDARD,Protective case,True,True,"home automation designed for app-controlled room lighting, in the ridge family and supplied by vela with a 12-month warranty."
PRD0807,Candle Arc 906,Gaming,Candle,1660.47,1063.52,2017,24,0.932,SKU-CAN00807,Gaming Hardware,Shift,Blue,SUP030,China,2017-01-14,GST_STANDARD,Box,True,True,"gaming hardware designed for long desktop gaming sessions, in the shift family and supplied by candle with a 24-month warranty."
PRD0808,Vela Echo 907,Wearable,Vela,601.58,323.64,2013,12,0.148,SKU-VEL00808,Health Wearable,Spark,Graphite,SUP031,Australia,2013-01-15,GST_STANDARD,Box,True,True,"health wearable designed for daily activity and sleep tracking, in the spark family and supplied by vela with a 12-month warranty."
PRD0809,Candle Orbit 908,Networking,Candle,699.91,363.3,2014,24,0.615,SKU-CAN00809,Connected Network,Vista,Green,SUP032,Vietnam,2014-01-26,GST_STANDARD,Box,True,True,"connected network designed for home-office wireless coverage, in the vista family and supplied by candle with a 24-month warranty."
PRD0810,Vela Spark 909,Accessory,Vela,336.77,190.06,2014,12,0.158,SKU-VEL00810,Mobile Accessory,Wave,Red,SUP033,Malaysia,2014-06-03,GST_STANDARD,Recycled box,True,True,"mobile accessory designed for adjustable desk mounting and device positioning, in the wave family and supplied by vela with a 12-month warranty."
PRD0811,Candle Bloom 910,Laptop,Candle,2857.81,2007.89,2012,24,1.234,SKU-CAN00811,Ultrabook,Arc,Red,SUP034,Australia,2012-12-03,GST_STANDARD,Recycled box,True,True,"ultrabook designed for study, research and note taking, in the arc family and supplied by candle with a 24-month warranty."
PRD0812,Vela Halo 911,Smartphone,Vela,1025.12,559.07,2012,24,0.19,SKU-VEL00812,5G Smartphone,Atlas,Green,SUP035,China,2012-05-12,GST_STANDARD,Box,True,True,"5g smartphone designed for mobile photography and messaging, in the atlas family and supplied by vela with a 24-month warranty."
PRD0813,Candle Quest 912,Tablet,Candle,326.38,240.9,2015,24,0.617,SKU-CAN00813,Productivity Tablet,Bloom,Red,SUP036,Malaysia,2015-03-06,GST_STANDARD,Recycled box,True,True,"productivity tablet designed for portable media and video calls, in the bloom family and supplied by candle with a 24-month warranty."
PRD0814,Vela Wave 913,Home Entertainment,Vela,404.73,220.98,2016,24,6.763,SKU-VEL00814,Smart Display,Core,White,SUP037,Australia,2016-05-14,GST_STANDARD,Protective case,True,True,"smart display designed for music and spoken-content playback, in the core family and supplied by vela with a 24-month warranty."
PRD0815,Candle Edge 914,Audio,Candle,261.87,181.97,2012,12,0.412,SKU-CAN00815,Wireless Audio,Edge,Red,SUP001,Australia,2012-03-08,GST_STANDARD,Box,True,True,"wireless audio designed for music during focused desk work, in the edge family and supplied by candle with a 12-month warranty."
PRD0816,Vela Nova 915,Smart Home,Vela,125.37,76.01,2015,12,0.374,SKU-VEL00816,Home Automation,Echo,Graphite,SUP002,Malaysia,2015-09-22,GST_STANDARD,Protective case,True,True,"home automation designed for scheduled control of a household power outlet, in the echo family and supplied by vela with a 12-month warranty."
PRD0817,Candle Shift 916,Gaming,Candle,2026.78,1430.56,2016,24,1.648,SKU-CAN00817,Gaming Hardware,Flux,White,SUP003,Vietnam,2016-08-14,GST_STANDARD,Recycled box,True,True,"gaming hardware designed for casual games in a shared room, in the flux family and supplied by candle with a 24-month warranty."
PRD0818,Vela Atlas 917,Wearable,Vela,1004.26,562.46,2015,12,0.096,SKU-VEL00818,Health Wearable,Halo,Green,SUP004,Malaysia,2015-12-10,GST_STANDARD,Recycled box,True,True,"health wearable designed for walking and commute notifications, in the halo family and supplied by vela with a 12-month warranty."
PRD0819,Candle Flux 918,Networking,Candle,191.18,103.77,2012,24,0.569,SKU-CAN00819,Connected Network,Lumen,Graphite,SUP005,Australia,2012-09-06,GST_STANDARD,Box,False,True,"connected network designed for connecting several shared household devices, in the lumen family and supplied by candle with a 24-month warranty."
PRD0820,Vela Pulse 919,Accessory,Vela,109.62,60.53,2013,12,0.145,SKU-VEL00820,Mobile Accessory,Nova,Green,SUP006,China,2013-04-04,GST_STANDARD,Box,True,True,"mobile accessory designed for protective storage during travel, in the nova family and supplied by vela with a 12-month warranty."
PRD0821,Candle Vista 920,Laptop,Candle,1163.73,790.18,2016,24,1.137,SKU-CAN00821,Ultrabook,Orbit,Blue,SUP007,Vietnam,2016-12-03,GST_STANDARD,Protective case,True,True,"ultrabook designed for creative projects and media editing, in the orbit family and supplied by candle with a 24-month warranty."
PRD0822,Vela Core 921,Smartphone,Vela,724.35,489.97,2015,24,0.262,SKU-VEL00822,5G Smartphone,Pulse,Green,SUP008,China,2015-09-24,GST_STANDARD,Protective case,True,True,"5g smartphone designed for work calls and calendar management, in the pulse family and supplied by vela with a 24-month warranty."
PRD0823,Candle Lumen 922,Tablet,Candle,1291.29,839.12,2015,24,0.829,SKU-CAN00823,Productivity Tablet,Quest,Graphite,SUP009,Malaysia,2015-07-21,GST_STANDARD,Recycled box,True,True,"productivity tablet designed for field forms and client presentations, in the quest family and supplied by candle with a 24-month warranty."
PRD0824,Vela Ridge 923,Home Entertainment,Vela,3668.34,2578.42,2014,24,10.049,SKU-VEL00824,Smart Display,Ridge,Green,SUP010,Korea,2014-08-15,GST_STANDARD,Box,True,True,"smart display designed for family media streaming, in the ridge family and supplied by vela with a 24-month warranty."
PRD0825,Candle Arc 924,Audio,Candle,363.11,211.72,2016,12,0.431,SKU-CAN00825,Wireless Audio,Shift,Gold,SUP011,Vietnam,2016-08-27,GST_STANDARD,Protective case,True,True,"wireless audio designed for video calls and online classes, in the shift family and supplied by candle with a 12-month warranty."
PRD0826,Vela Echo 925,Smart Home,Vela,796.98,557.79,2012,12,0.275,SKU-VEL00826,Home Automation,Spark,Black,SUP012,Australia,2012-04-10,GST_STANDARD,Recycled box,True,True,"home automation designed for indoor temperature and humidity monitoring, in the spark family and supplied by vela with a 12-month warranty."
PRD0827,Candle Orbit 926,Gaming,Candle,1819.32,1041.81,2014,24,1.448,SKU-CAN00827,Gaming Hardware,Vista,Blue,SUP013,Australia,2014-07-14,GST_STANDARD,Protective case,False,True,"gaming hardware designed for competitive play and voice communication, in the vista family and supplied by candle with a 24-month warranty."
PRD0828,Vela Spark 927,Wearable,Vela,745.61,463.82,2015,12,0.143,SKU-VEL00828,Health Wearable,Wave,White,SUP014,Japan,2015-10-15,GST_STANDARD,Box,False,True,"health wearable designed for exercise session summaries, in the wave family and supplied by vela with a 12-month warranty."
PRD0829,Candle Bloom 928,Networking,Candle,582.58,382.16,2016,24,0.633,SKU-CAN00829,Connected Network,Arc,Red,SUP015,Korea,2016-09-27,GST_STANDARD,Protective case,True,False,"connected network designed for video meetings and media streaming, in the arc family and supplied by candle with a 24-month warranty."
PRD0830,Vela Halo 929,Accessory,Vela,121.26,80.52,2014,12,0.131,SKU-VEL00830,Mobile Accessory,Atlas,Gold,SUP016,Vietnam,2014-12-08,GST_STANDARD,Box,True,False,"mobile accessory designed for charging-cable organisation, in the atlas family and supplied by vela with a 12-month warranty."
PRD0831,Candle Quest 930,Laptop,Candle,1542.33,1091.77,2017,24,1.801,SKU-CAN00831,Ultrabook,Bloom,Black,SUP017,Vietnam,2017-08-27,GST_STANDARD,Box,True,True,"ultrabook designed for shared home-office administration, in the bloom family and supplied by candle with a 24-month warranty."
PRD0832,Vela Wave 931,Smartphone,Vela,1103.3,609.16,2013,24,0.264,SKU-VEL00832,5G Smartphone,Core,Silver,SUP018,Malaysia,2013-11-01,GST_STANDARD,Recycled box,True,True,"5g smartphone designed for travel planning and media use, in the core family and supplied by vela with a 24-month warranty."
PRD0833,Candle Edge 932,Tablet,Candle,1377.34,782.79,2017,24,0.486,SKU-CAN00833,Productivity Tablet,Edge,Blue,SUP019,Malaysia,2017-07-04,GST_STANDARD,Protective case,True,True,"productivity tablet designed for family learning and shared browsing, in the edge family and supplied by candle with a 24-month warranty."
PRD0834,Vela Nova 933,Home Entertainment,Vela,2475.8,1531.49,2014,24,6.457,SKU-VEL00834,Smart Display,Echo,Silver,SUP020,Japan,2014-12-04,GST_STANDARD,Recycled box,False,True,"smart display designed for casual living-room gaming, in the echo family and supplied by vela with a 24-month warranty."
PRD0835,Candle Shift 934,Audio,Candle,705.82,360.74,2017,12,0.459,SKU-CAN00835,Wireless Audio,Flux,Blue,SUP021,Vietnam,2017-06-09,GST_STANDARD,Protective case,True,True,"wireless audio designed for shared-room music playback, in the flux family and supplied by candle with a 12-month warranty."
PRD0836,Vela Atlas 935,Smart Home,Vela,70.78,51.51,2012,12,0.359,SKU-VEL00836,Home Automation,Halo,Black,SUP022,Korea,2012-12-24,GST_STANDARD,Protective case,True,True,"home automation designed for door and window activity alerts, in the halo family and supplied by vela with a 12-month warranty."
PRD0837,Candle Flux 936,Gaming,Candle,2447.06,1413.27,2012,24,0.943,SKU-CAN00837,Gaming Hardware,Lumen,Red,SUP023,China,2012-10-12,GST_STANDARD,Protective case,True,True,"gaming hardware designed for portable gaming and travel, in the lumen family and supplied by candle with a 24-month warranty."
PRD0838,Vela Pulse 937,Wearable,Vela,858.89,566.69,2012,12,0.104,SKU-VEL00838,Health Wearable,Nova,Red,SUP024,China,2012-10-14,GST_STANDARD,Protective case,False,True,"health wearable designed for calendar alerts and quick message checks, in the nova family and supplied by vela with a 12-month warranty."
PRD0839,Candle Vista 938,Networking,Candle,835.25,472.99,2015,24,0.821,SKU-CAN00839,Connected Network,Orbit,White,SUP025,Malaysia,2015-10-26,GST_STANDARD,Protective case,True,True,"connected network designed for guest-network and device management, in the orbit family and supplied by candle with a 24-month warranty."
PRD0840,Vela Core 939,Accessory,Vela,164.29,120.34,2016,12,0.136,SKU-VEL00840,Mobile Accessory,Pulse,Gold,SUP026,Vietnam,2016-07-09,GST_STANDARD,Box,True,True,"mobile accessory designed for connecting several devices through one compact adapter, in the pulse family and supplied by vela with a 12-month warranty."
PRD0841,Candle Lumen 940,Laptop,Candle,2479.75,1581.79,2017,24,1.738,SKU-CAN00841,Ultrabook,Quest,Gold,SUP027,Vietnam,2017-10-11,GST_STANDARD,Protective case,False,True,"ultrabook designed for travel-based work and presentations, in the quest family and supplied by candle with a 24-month warranty."
PRD0842,Vela Ridge 941,Smartphone,Vela,1758.47,1171.53,2013,24,0.167,SKU-VEL00842,5G Smartphone,Ridge,Silver,SUP028,Malaysia,2013-04-07,GST_STANDARD,Recycled box,False,True,"5g smartphone designed for family communication and casual apps, in the ridge family and supplied by vela with a 24-month warranty."
PRD0843,Candle Arc 942,Tablet,Candle,1192.62,710.6,2014,24,0.472,SKU-CAN00843,Productivity Tablet,Shift,Green,SUP029,China,2014-08-16,GST_STANDARD,Protective case,True,True,"productivity tablet designed for drawing and lightweight creative work, in the shift family and supplied by candle with a 24-month warranty."
PRD0844,Vela Echo 943,Home Entertainment,Vela,3468.14,2255.36,2014,24,9.657,SKU-VEL00844,Smart Display,Spark,Red,SUP030,Australia,2014-09-12,GST_STANDARD,Box,True,True,"smart display designed for presentations and photo viewing, in the spark family and supplied by vela with a 24-month warranty."
PRD0845,Candle Orbit 944,Audio,Candle,323.81,222.92,2014,12,0.662,SKU-CAN00845,Wireless Audio,Vista,Silver,SUP031,Australia,2014-12-21,GST_STANDARD,Recycled box,True,True,"wireless audio designed for long listening sessions at home, in the vista family and supplied by candle with a 12-month warranty."
PRD0846,Vela Spark 945,Smart Home,Vela,671.93,470.34,2014,12,0.36,SKU-VEL00846,Home Automation,Wave,Graphite,SUP032,Vietnam,2014-10-15,GST_STANDARD,Protective case,True,False,"home automation designed for automated blind and curtain routines, in the wave family and supplied by vela with a 12-month warranty."
PRD0847,Candle Bloom 946,Gaming,Candle,1533.33,976.06,2017,24,1.361,SKU-CAN00847,Gaming Hardware,Arc,White,SUP033,Korea,2017-05-12,GST_STANDARD,Protective case,False,True,"gaming hardware designed for game streaming and media capture, in the arc family and supplied by candle with a 24-month warranty."
PRD0848,Vela Halo 947,Wearable,Vela,289.88,141.94,2013,12,0.09,SKU-VEL00848,Health Wearable,Atlas,Blue,SUP034,Malaysia,2013-10-18,GST_STANDARD,Recycled box,True,True,"health wearable designed for habit reminders and everyday timekeeping, in the atlas family and supplied by vela with a 12-month warranty."
PRD0849,Candle Quest 948,Networking,Candle,216.96,162.83,2017,24,0.648,SKU-CAN00849,Connected Network,Bloom,Red,SUP035,Australia,2017-09-25,GST_STANDARD,Protective case,True,True,"connected network designed for extending coverage between rooms, in the bloom family and supplied by candle with a 24-month warranty."
PRD0850,Vela Wave 949,Accessory,Vela,101.36,64.47,2017,12,0.204,SKU-VEL00850,Mobile Accessory,Core,Gold,SUP036,Australia,2017-01-13,GST_STANDARD,Box,True,True,"mobile accessory designed for hands-free device support in a shared workspace, in the core family and supplied by vela with a 12-month warranty."
PRD0851,Candle Edge 950,Laptop,Candle,2462.55,1202.92,2012,24,1.444,SKU-CAN00851,Ultrabook,Edge,Red,SUP037,Korea,2012-01-23,GST_STANDARD,Box,True,False,"ultrabook designed for portable document work and video meetings, in the edge family and supplied by candle with a 24-month warranty."
PRD0852,Vela Nova 951,Smartphone,Vela,1542.22,1054.75,2013,24,0.235,SKU-VEL00852,5G Smartphone,Echo,Blue,SUP001,Vietnam,2013-10-19,GST_STANDARD,Recycled box,False,True,"5g smartphone designed for daily communication and navigation, in the echo family and supplied by vela with a 24-month warranty."
PRD0853,Candle Shift 952,Tablet,Candle,1117.98,818.63,2014,24,0.733,SKU-CAN00853,Productivity Tablet,Flux,Silver,SUP002,Malaysia,2014-10-16,GST_STANDARD,Recycled box,True,True,"productivity tablet designed for reading, annotation and handwritten notes, in the flux family and supplied by candle with a 24-month warranty."
PRD0854,Vela Atlas 953,Home Entertainment,Vela,2878.03,1739.82,2016,24,6.07,SKU-VEL00854,Smart Display,Halo,Graphite,SUP003,China,2016-07-15,GST_STANDARD,Protective case,True,True,"smart display designed for shared film and television viewing, in the halo family and supplied by vela with a 24-month warranty."
PRD0855,Candle Flux 954,Audio,Candle,552.31,302.96,2015,12,0.576,SKU-CAN00855,Wireless Audio,Lumen,Blue,SUP004,Japan,2015-10-04,GST_STANDARD,Protective case,True,True,"wireless audio designed for commuting and spoken-content listening, in the lumen family and supplied by candle with a 12-month warranty."
PRD0856,Vela Pulse 955,Smart Home,Vela,508.46,365.2,2012,12,0.31,SKU-VEL00856,Home Automation,Nova,Red,SUP005,Vietnam,2012-09-20,GST_STANDARD,Protective case,True,True,"home automation designed for app-controlled room lighting, in the nova family and supplied by vela with a 12-month warranty."
PRD0857,Candle Vista 956,Gaming,Candle,160.36,84.76,2015,24,1.034,SKU-CAN00857,Gaming Hardware,Orbit,Red,SUP006,Malaysia,2015-09-16,GST_STANDARD,Recycled box,True,True,"gaming hardware designed for long desktop gaming sessions, in the orbit family and supplied by candle with a 24-month warranty."
PRD0858,Vela Core 957,Wearable,Vela,179.07,109.63,2017,12,0.106,SKU-VEL00858,Health Wearable,Pulse,Green,SUP007,Australia,2017-05-18,GST_STANDARD,Recycled box,True,True,"health wearable designed for daily activity and sleep tracking, in the pulse family and supplied by vela with a 12-month warranty."
PRD0859,Candle Lumen 958,Networking,Candle,1242.69,601.27,2012,24,0.633,SKU-CAN00859,Connected Network,Quest,White,SUP008,Japan,2012-03-03,GST_STANDARD,Recycled box,True,True,"connected network designed for home-office wireless coverage, in the quest family and supplied by candle with a 24-month warranty."
PRD0860,Vela Ridge 959,Accessory,Vela,113.03,77.53,2015,12,0.164,SKU-VEL00860,Mobile Accessory,Ridge,Red,SUP009,China,2015-02-05,GST_STANDARD,Protective case,True,True,"mobile accessory designed for adjustable desk mounting and device positioning, in the ridge family and supplied by vela with a 12-month warranty."
PRD0861,Candle Arc 960,Laptop,Candle,3043.65,1809.38,2016,24,1.567,SKU-CAN00861,Ultrabook,Shift,Black,SUP010,Vietnam,2016-03-20,GST_STANDARD,Box,True,True,"ultrabook designed for study, research and note taking, in the shift family and supplied by candle with a 24-month warranty."
PRD0862,Vela Echo 961,Smartphone,Vela,717.42,383.56,2013,24,0.266,SKU-VEL00862,5G Smartphone,Spark,Red,SUP011,China,2013-09-24,GST_STANDARD,Box,True,True,"5g smartphone designed for mobile photography and messaging, in the spark family and supplied by vela with a 24-month warranty."
PRD0863,Candle Orbit 962,Tablet,Candle,894.64,670.15,2016,24,0.59,SKU-CAN00863,Productivity Tablet,Vista,White,SUP012,Australia,2016-08-27,GST_STANDARD,Protective case,True,True,"productivity tablet designed for portable media and video calls, in the vista family and supplied by candle with a 24-month warranty."
PRD0864,Vela Spark 963,Home Entertainment,Vela,3828.18,2399.29,2014,24,6.298,SKU-VEL00864,Smart Display,Wave,Gold,SUP013,Vietnam,2014-08-02,GST_STANDARD,Protective case,True,True,"smart display designed for music and spoken-content playback, in the wave family and supplied by vela with a 24-month warranty."
PRD0865,Candle Bloom 964,Audio,Candle,851.18,452.38,2012,12,0.525,SKU-CAN00865,Wireless Audio,Arc,Red,SUP014,Malaysia,2012-11-16,GST_STANDARD,Protective case,True,True,"wireless audio designed for music during focused desk work, in the arc family and supplied by candle with a 12-month warranty."
PRD0866,Vela Halo 965,Smart Home,Vela,487.97,241.86,2016,12,0.449,SKU-VEL00866,Home Automation,Atlas,White,SUP015,Korea,2016-04-03,GST_STANDARD,Recycled box,False,True,"home automation designed for scheduled control of a household power outlet, in the atlas family and supplied by vela with a 12-month warranty."
PRD0867,Candle Quest 966,Gaming,Candle,111.69,69.95,2014,24,1.186,SKU-CAN00867,Gaming Hardware,Bloom,White,SUP016,China,2014-03-15,GST_STANDARD,Box,True,True,"gaming hardware designed for casual games in a shared room, in the bloom family and supplied by candle with a 24-month warranty."
PRD0868,Vela Wave 967,Wearable,Vela,1088.06,596.25,2014,12,0.115,SKU-VEL00868,Health Wearable,Core,Silver,SUP017,Japan,2014-06-21,GST_STANDARD,Box,True,True,"health wearable designed for walking and commute notifications, in the core family and supplied by vela with a 12-month warranty."
PRD0869,Candle Edge 968,Networking,Candle,1367.62,992.42,2016,24,0.684,SKU-CAN00869,Connected Network,Edge,Graphite,SUP018,Malaysia,2016-06-13,GST_STANDARD,Box,True,True,"connected network designed for connecting several shared household devices, in the edge family and supplied by candle with a 24-month warranty."
PRD0870,Vela Nova 969,Accessory,Vela,297.44,184.66,2013,12,0.132,SKU-VEL00870,Mobile Accessory,Echo,Black,SUP019,Australia,2013-08-12,GST_STANDARD,Protective case,True,True,"mobile accessory designed for protective storage during travel, in the echo family and supplied by vela with a 12-month warranty."
PRD0871,Candle Shift 970,Laptop,Candle,1164.43,640.09,2012,24,1.959,SKU-CAN00871,Ultrabook,Flux,Graphite,SUP020,Korea,2012-02-15,GST_STANDARD,Protective case,True,True,"ultrabook designed for creative projects and media editing, in the flux family and supplied by candle with a 24-month warranty."
PRD0872,Vela Atlas 971,Smartphone,Vela,796.81,439.6,2017,24,0.172,SKU-VEL00872,5G Smartphone,Halo,White,SUP021,Malaysia,2017-11-16,GST_STANDARD,Protective case,False,True,"5g smartphone designed for work calls and calendar management, in the halo family and supplied by vela with a 24-month warranty."
PRD0873,Candle Flux 972,Tablet,Candle,665.62,473.34,2015,24,0.748,SKU-CAN00873,Productivity Tablet,Lumen,Gold,SUP022,Malaysia,2015-02-14,GST_STANDARD,Recycled box,False,True,"productivity tablet designed for field forms and client presentations, in the lumen family and supplied by candle with a 24-month warranty."
PRD0874,Vela Pulse 973,Home Entertainment,Vela,2293.13,1490.71,2016,24,5.989,SKU-VEL00874,Smart Display,Nova,Silver,SUP023,Australia,2016-08-15,GST_STANDARD,Recycled box,False,True,"smart display designed for family media streaming, in the nova family and supplied by vela with a 24-month warranty."
PRD0875,Candle Vista 974,Audio,Candle,243.6,160.11,2012,12,0.461,SKU-CAN00875,Wireless Audio,Orbit,Blue,SUP024,China,2012-05-08,GST_STANDARD,Box,True,True,"wireless audio designed for video calls and online classes, in the orbit family and supplied by candle with a 12-month warranty."
PRD0876,Vela Core 975,Smart Home,Vela,228.97,139.05,2015,12,0.296,SKU-VEL00876,Home Automation,Pulse,Gold,SUP025,Vietnam,2015-06-23,GST_STANDARD,Protective case,True,True,"home automation designed for indoor temperature and humidity monitoring, in the pulse family and supplied by vela with a 12-month warranty."
PRD0877,Candle Lumen 976,Gaming,Candle,507.09,319.03,2013,24,1.371,SKU-CAN00877,Gaming Hardware,Quest,White,SUP026,Korea,2013-12-09,GST_STANDARD,Box,False,True,"gaming hardware designed for competitive play and voice communication, in the quest family and supplied by candle with a 24-month warranty."
PRD0878,Vela Ridge 977,Wearable,Vela,1044.76,521.89,2013,12,0.115,SKU-VEL00878,Health Wearable,Ridge,Graphite,SUP027,Korea,2013-04-08,GST_STANDARD,Protective case,True,True,"health wearable designed for exercise session summaries, in the ridge family and supplied by vela with a 12-month warranty."
PRD0879,Candle Arc 978,Networking,Candle,287.13,171.97,2016,24,0.642,SKU-CAN00879,Connected Network,Shift,Green,SUP028,Japan,2016-05-27,GST_STANDARD,Recycled box,True,True,"connected network designed for video meetings and media streaming, in the shift family and supplied by candle with a 24-month warranty."
PRD0880,Vela Echo 979,Accessory,Vela,291.86,168.88,2015,12,0.218,SKU-VEL00880,Mobile Accessory,Spark,Red,SUP029,Vietnam,2015-11-26,GST_STANDARD,Protective case,True,True,"mobile accessory designed for charging-cable organisation, in the spark family and supplied by vela with a 12-month warranty."
PRD0881,Candle Orbit 980,Laptop,Candle,2880.61,2170.37,2017,24,2.041,SKU-CAN00881,Ultrabook,Vista,White,SUP030,Malaysia,2017-01-03,GST_STANDARD,Box,False,True,"ultrabook designed for shared home-office administration, in the vista family and supplied by candle with a 24-month warranty."
PRD0882,Vela Spark 981,Smartphone,Vela,1555.62,857.3,2017,24,0.203,SKU-VEL00882,5G Smartphone,Wave,Green,SUP031,Vietnam,2017-09-12,GST_STANDARD,Recycled box,True,True,"5g smartphone designed for travel planning and media use, in the wave family and supplied by vela with a 24-month warranty."
PRD0883,Candle Bloom 982,Tablet,Candle,1502.86,884.48,2014,24,0.56,SKU-CAN00883,Productivity Tablet,Arc,Black,SUP032,Japan,2014-07-02,GST_STANDARD,Protective case,True,True,"productivity tablet designed for family learning and shared browsing, in the arc family and supplied by candle with a 24-month warranty."
PRD0884,Vela Halo 983,Home Entertainment,Vela,3422.46,1993.55,2016,24,7.487,SKU-VEL00884,Smart Display,Atlas,Green,SUP033,Vietnam,2016-07-25,GST_STANDARD,Recycled box,False,True,"smart display designed for casual living-room gaming, in the atlas family and supplied by vela with a 24-month warranty."
PRD0885,Candle Quest 984,Audio,Candle,1136.58,646.84,2016,12,0.487,SKU-CAN00885,Wireless Audio,Bloom,Red,SUP034,China,2016-07-16,GST_STANDARD,Recycled box,True,True,"wireless audio designed for shared-room music playback, in the bloom family and supplied by candle with a 12-month warranty."
PRD0886,Vela Wave 985,Smart Home,Vela,59.21,43.77,2017,12,0.337,SKU-VEL00886,Home Automation,Core,Red,SUP035,Australia,2017-05-26,GST_STANDARD,Protective case,True,True,"home automation designed for door and window activity alerts, in the core family and supplied by vela with a 12-month warranty."
PRD0887,Candle Edge 986,Gaming,Candle,1400.8,808.27,2017,24,1.204,SKU-CAN00887,Gaming Hardware,Edge,White,SUP036,Malaysia,2017-01-02,GST_STANDARD,Box,True,True,"gaming hardware designed for portable gaming and travel, in the edge family and supplied by candle with a 24-month warranty."
PRD0888,Vela Nova 987,Wearable,Vela,828.95,399.46,2012,12,0.099,SKU-VEL00888,Health Wearable,Echo,Silver,SUP037,Malaysia,2012-07-27,GST_STANDARD,Recycled box,True,True,"health wearable designed for calendar alerts and quick message checks, in the echo family and supplied by vela with a 12-month warranty."
PRD0889,Candle Shift 988,Networking,Candle,478.58,250.57,2013,24,0.755,SKU-CAN00889,Connected Network,Flux,Graphite,SUP001,Korea,2013-12-01,GST_STANDARD,Recycled box,True,True,"connected network designed for guest-network and device management, in the flux family and supplied by candle with a 24-month warranty."
PRD0890,Vela Atlas 989,Accessory,Vela,309.69,234.18,2012,12,0.238,SKU-VEL00890,Mobile Accessory,Halo,White,SUP002,Vietnam,2012-04-10,GST_STANDARD,Box,True,True,"mobile accessory designed for connecting several devices through one compact adapter, in the halo family and supplied by vela with a 12-month warranty."
PRD0891,Candle Flux 990,Laptop,Candle,2117.27,1146.58,2015,24,1.574,SKU-CAN00891,Ultrabook,Lumen,White,SUP003,China,2015-09-21,GST_STANDARD,Recycled box,False,True,"ultrabook designed for travel-based work and presentations, in the lumen family and supplied by candle with a 24-month warranty."
PRD0892,Vela Pulse 991,Smartphone,Vela,1067.89,766.33,2013,24,0.19,SKU-VEL00892,5G Smartphone,Nova,Silver,SUP004,Vietnam,2013-09-22,GST_STANDARD,Protective case,False,True,"5g smartphone designed for family communication and casual apps, in the nova family and supplied by vela with a 24-month warranty."
PRD0893,Candle Vista 992,Tablet,Candle,1076.78,784.92,2017,24,0.596,SKU-CAN00893,Productivity Tablet,Orbit,Gold,SUP005,Vietnam,2017-09-12,GST_STANDARD,Box,True,True,"productivity tablet designed for drawing and lightweight creative work, in the orbit family and supplied by candle with a 24-month warranty."
PRD0894,Vela Core 993,Home Entertainment,Vela,2406.75,1213.83,2012,24,7.772,SKU-VEL00894,Smart Display,Pulse,Black,SUP006,China,2012-03-23,GST_STANDARD,Recycled box,False,True,"smart display designed for presentations and photo viewing, in the pulse family and supplied by vela with a 24-month warranty."
PRD0895,Candle Lumen 994,Audio,Candle,830.36,464.51,2013,12,0.631,SKU-CAN00895,Wireless Audio,Quest,Gold,SUP007,Australia,2013-09-11,GST_STANDARD,Recycled box,False,True,"wireless audio designed for long listening sessions at home, in the quest family and supplied by candle with a 12-month warranty."
PRD0896,Vela Ridge 995,Smart Home,Vela,452.47,284.55,2013,12,0.364,SKU-VEL00896,Home Automation,Ridge,Green,SUP008,Japan,2013-02-07,GST_STANDARD,Box,False,True,"home automation designed for automated blind and curtain routines, in the ridge family and supplied by vela with a 12-month warranty."
PRD0897,Candle Arc 996,Gaming,Candle,1058.2,769.83,2014,24,1.378,SKU-CAN00897,Gaming Hardware,Shift,Blue,SUP009,China,2014-03-12,GST_STANDARD,Protective case,False,True,"gaming hardware designed for game streaming and media capture, in the shift family and supplied by candle with a 24-month warranty."
PRD0898,Vela Echo 997,Wearable,Vela,642.43,345.53,2017,12,0.096,SKU-VEL00898,Health Wearable,Spark,Graphite,SUP010,Australia,2017-02-27,GST_STANDARD,Recycled box,True,True,"health wearable designed for habit reminders and everyday timekeeping, in the spark family and supplied by vela with a 12-month warranty."
PRD0899,Candle Orbit 998,Networking,Candle,180.25,130.17,2012,24,0.515,SKU-CAN00899,Connected Network,Vista,Silver,SUP011,Korea,2012-10-20,GST_STANDARD,Box,True,True,"connected network designed for extending coverage between rooms, in the vista family and supplied by candle with a 24-month warranty."
PRD0900,Vela Spark 999,Accessory,Vela,259.46,173.99,2014,12,0.155,SKU-VEL00900,Mobile Accessory,Wave,Gold,SUP012,China,2014-05-22,GST_STANDARD,Box,True,True,"mobile accessory designed for hands-free device support in a shared workspace, in the wave family and supplied by vela with a 12-month warranty."
PRD0901,Candle Bloom 1000,Laptop,Candle,2926.07,1853.42,2013,24,1.468,SKU-CAN00901,Ultrabook,Arc,Black,SUP013,Korea,2013-07-17,GST_STANDARD,Box,True,True,"ultrabook designed for portable document work and video meetings, in the arc family and supplied by candle with a 24-month warranty."
PRD0902,Vela Halo 1001,Smartphone,Vela,307.82,206.05,2014,24,0.253,SKU-VEL00902,5G Smartphone,Atlas,Graphite,SUP014,Vietnam,2014-02-19,GST_STANDARD,Box,True,True,"5g smartphone designed for daily communication and navigation, in the atlas family and supplied by vela with a 24-month warranty."
PRD0903,Candle Quest 1002,Tablet,Candle,980.26,626.1,2012,24,0.45,SKU-CAN00903,Productivity Tablet,Bloom,Gold,SUP015,Korea,2012-06-20,GST_STANDARD,Box,False,True,"productivity tablet designed for reading, annotation and handwritten notes, in the bloom family and supplied by candle with a 24-month warranty."
PRD0904,Vela Wave 1003,Home Entertainment,Vela,3664.33,2779.46,2014,24,9.643,SKU-VEL00904,Smart Display,Core,Black,SUP016,Japan,2014-10-04,GST_STANDARD,Protective case,True,False,"smart display designed for shared film and television viewing, in the core family and supplied by vela with a 24-month warranty."
PRD0905,Candle Edge 1004,Audio,Candle,958.12,648.4,2013,12,0.558,SKU-CAN00905,Wireless Audio,Edge,Silver,SUP017,Vietnam,2013-02-01,GST_STANDARD,Protective case,False,True,"wireless audio designed for commuting and spoken-content listening, in the edge family and supplied by candle with a 12-month warranty."
PRD0906,Vela Nova 1005,Smart Home,Vela,303.87,195.7,2012,12,0.336,SKU-VEL00906,Home Automation,Echo,White,SUP018,Australia,2012-03-24,GST_STANDARD,Box,True,True,"home automation designed for app-controlled room lighting, in the echo family and supplied by vela with a 12-month warranty."
PRD0907,Candle Shift 1006,Gaming,Candle,130.49,86.78,2015,24,1.252,SKU-CAN00907,Gaming Hardware,Flux,Graphite,SUP019,Korea,2015-09-17,GST_STANDARD,Protective case,False,True,"gaming hardware designed for long desktop gaming sessions, in the flux family and supplied by candle with a 24-month warranty."
PRD0908,Vela Atlas 1007,Wearable,Vela,81.42,58.14,2013,12,0.153,SKU-VEL00908,Health Wearable,Halo,Graphite,SUP020,China,2013-06-23,GST_STANDARD,Protective case,True,True,"health wearable designed for daily activity and sleep tracking, in the halo family and supplied by vela with a 12-month warranty."
PRD0909,Candle Flux 1008,Networking,Candle,1266.71,724.3,2012,24,0.862,SKU-CAN00909,Connected Network,Lumen,Red,SUP021,China,2012-09-19,GST_STANDARD,Protective case,True,True,"connected network designed for home-office wireless coverage, in the lumen family and supplied by candle with a 24-month warranty."
PRD0910,Vela Pulse 1009,Accessory,Vela,53.54,37.29,2013,12,0.187,SKU-VEL00910,Mobile Accessory,Nova,Silver,SUP022,Malaysia,2013-10-08,GST_STANDARD,Box,True,True,"mobile accessory designed for adjustable desk mounting and device positioning, in the nova family and supplied by vela with a 12-month warranty."
PRD0911,Candle Vista 1010,Laptop,Candle,1497.3,774.07,2015,24,2.01,SKU-CAN00911,Ultrabook,Orbit,Black,SUP023,Australia,2015-09-04,GST_STANDARD,Recycled box,False,True,"ultrabook designed for study, research and note taking, in the orbit family and supplied by candle with a 24-month warranty."
PRD0912,Vela Core 1011,Smartphone,Vela,1645.17,970.8,2017,24,0.18,SKU-VEL00912,5G Smartphone,Pulse,Graphite,SUP024,Australia,2017-07-18,GST_STANDARD,Recycled box,True,True,"5g smartphone designed for mobile photography and messaging, in the pulse family and supplied by vela with a 24-month warranty."
PRD0913,Candle Lumen 1012,Tablet,Candle,1306.73,720.59,2012,24,0.794,SKU-CAN00913,Productivity Tablet,Quest,Gold,SUP025,Vietnam,2012-04-23,GST_STANDARD,Recycled box,True,True,"productivity tablet designed for portable media and video calls, in the quest family and supplied by candle with a 24-month warranty."
PRD0914,Vela Ridge 1013,Home Entertainment,Vela,3258.34,2435.69,2015,24,9.011,SKU-VEL00914,Smart Display,Ridge,Gold,SUP026,China,2015-12-23,GST_STANDARD,Protective case,False,True,"smart display designed for music and spoken-content playback, in the ridge family and supplied by vela with a 24-month warranty."
PRD0915,Candle Arc 1014,Audio,Candle,1134.28,604.13,2017,12,0.558,SKU-CAN00915,Wireless Audio,Shift,Green,SUP027,China,2017-05-15,GST_STANDARD,Box,True,False,"wireless audio designed for music during focused desk work, in the shift family and supplied by candle with a 12-month warranty."
PRD0916,Vela Echo 1015,Smart Home,Vela,256.29,138.0,2017,12,0.381,SKU-VEL00916,Home Automation,Spark,White,SUP028,Vietnam,2017-01-17,GST_STANDARD,Box,False,True,"home automation designed for scheduled control of a household power outlet, in the spark family and supplied by vela with a 12-month warranty."
PRD0917,Candle Orbit 1016,Gaming,Candle,624.31,466.81,2013,24,1.494,SKU-CAN00917,Gaming Hardware,Vista,Red,SUP029,China,2013-01-26,GST_STANDARD,Protective case,True,True,"gaming hardware designed for casual games in a shared room, in the vista family and supplied by candle with a 24-month warranty."
PRD0918,Vela Spark 1017,Wearable,Vela,781.2,479.36,2013,12,0.099,SKU-VEL00918,Health Wearable,Wave,Graphite,SUP030,Vietnam,2013-04-26,GST_STANDARD,Box,True,True,"health wearable designed for walking and commute notifications, in the wave family and supplied by vela with a 12-month warranty."
PRD0919,Candle Bloom 1018,Networking,Candle,1308.07,645.69,2016,24,0.845,SKU-CAN00919,Connected Network,Arc,Black,SUP031,China,2016-06-14,GST_STANDARD,Recycled box,True,True,"connected network designed for connecting several shared household devices, in the arc family and supplied by candle with a 24-month warranty."
PRD0920,Vela Halo 1019,Accessory,Vela,53.18,38.49,2013,12,0.245,SKU-VEL00920,Mobile Accessory,Atlas,Graphite,SUP032,Korea,2013-11-23,GST_STANDARD,Recycled box,True,True,"mobile accessory designed for protective storage during travel, in the atlas family and supplied by vela with a 12-month warranty."
PRD0921,Candle Quest 1020,Laptop,Candle,2485.73,1715.99,2015,24,1.942,SKU-CAN00921,Ultrabook,Bloom,Black,SUP033,Australia,2015-04-15,GST_STANDARD,Box,True,True,"ultrabook designed for creative projects and media editing, in the bloom family and supplied by candle with a 24-month warranty."
PRD0922,Vela Wave 1021,Smartphone,Vela,1800.32,1228.67,2017,24,0.184,SKU-VEL00922,5G Smartphone,Core,Red,SUP034,Korea,2017-11-25,GST_STANDARD,Protective case,False,True,"5g smartphone designed for work calls and calendar management, in the core family and supplied by vela with a 24-month warranty."
PRD0923,Candle Edge 1022,Tablet,Candle,1251.17,670.04,2013,24,0.58,SKU-CAN00923,Productivity Tablet,Edge,Black,SUP035,China,2013-03-07,GST_STANDARD,Protective case,False,True,"productivity tablet designed for field forms and client presentations, in the edge family and supplied by candle with a 24-month warranty."
PRD0924,Vela Nova 1023,Home Entertainment,Vela,2237.68,1428.95,2015,24,7.247,SKU-VEL00924,Smart Display,Echo,Graphite,SUP036,Vietnam,2015-05-07,GST_STANDARD,Recycled box,False,True,"smart display designed for family media streaming, in the echo family and supplied by vela with a 24-month warranty."
PRD0925,Candle Shift 1024,Audio,Candle,557.83,323.32,2017,12,0.633,SKU-CAN00925,Wireless Audio,Flux,Blue,SUP037,Japan,2017-10-24,GST_STANDARD,Protective case,True,True,"wireless audio designed for video calls and online classes, in the flux family and supplied by candle with a 12-month warranty."
PRD0926,Vela Atlas 1025,Smart Home,Vela,546.12,320.41,2013,12,0.454,SKU-VEL00926,Home Automation,Halo,Graphite,SUP001,Australia,2013-12-03,GST_STANDARD,Box,True,True,"home automation designed for indoor temperature and humidity monitoring, in the halo family and supplied by vela with a 12-month warranty."
PRD0927,Candle Flux 1026,Gaming,Candle,2435.38,1700.02,2014,24,1.25,SKU-CAN00927,Gaming Hardware,Lumen,Black,SUP002,Vietnam,2014-02-17,GST_STANDARD,Protective case,False,True,"gaming hardware designed for competitive play and voice communication, in the lumen family and supplied by candle with a 24-month warranty."
PRD0928,Vela Pulse 1027,Wearable,Vela,426.54,241.99,2016,12,0.115,SKU-VEL00928,Health Wearable,Nova,Red,SUP003,Australia,2016-02-11,GST_STANDARD,Recycled box,True,True,"health wearable designed for exercise session summaries, in the nova family and supplied by vela with a 12-month warranty."
PRD0929,Candle Vista 1028,Networking,Candle,1112.27,777.23,2015,24,0.785,SKU-CAN00929,Connected Network,Orbit,Green,SUP004,Malaysia,2015-01-12,GST_STANDARD,Recycled box,False,True,"connected network designed for video meetings and media streaming, in the orbit family and supplied by candle with a 24-month warranty."
PRD0930,Vela Core 1029,Accessory,Vela,62.22,32.94,2014,12,0.174,SKU-VEL00930,Mobile Accessory,Pulse,Silver,SUP005,Vietnam,2014-02-21,GST_STANDARD,Protective case,True,True,"mobile accessory designed for charging-cable organisation, in the pulse family and supplied by vela with a 12-month warranty."
PRD0931,Candle Lumen 1030,Laptop,Candle,1200.5,672.68,2016,24,1.129,SKU-CAN00931,Ultrabook,Quest,Red,SUP006,Japan,2016-05-27,GST_STANDARD,Box,True,True,"ultrabook designed for shared home-office administration, in the quest family and supplied by candle with a 24-month warranty."
PRD0932,Vela Ridge 1031,Smartphone,Vela,447.1,252.91,2015,24,0.201,SKU-VEL00932,5G Smartphone,Ridge,Gold,SUP007,Vietnam,2015-07-18,GST_STANDARD,Box,False,True,"5g smartphone designed for travel planning and media use, in the ridge family and supplied by vela with a 24-month warranty."
PRD0933,Candle Arc 1032,Tablet,Candle,1071.81,663.28,2013,24,0.606,SKU-CAN00933,Productivity Tablet,Shift,White,SUP008,Vietnam,2013-12-23,GST_STANDARD,Box,False,True,"productivity tablet designed for family learning and shared browsing, in the shift family and supplied by candle with a 24-month warranty."
PRD0934,Vela Echo 1033,Home Entertainment,Vela,789.27,549.63,2016,24,6.921,SKU-VEL00934,Smart Display,Spark,Gold,SUP009,Malaysia,2016-02-18,GST_STANDARD,Box,True,True,"smart display designed for casual living-room gaming, in the spark family and supplied by vela with a 24-month warranty."
PRD0935,Candle Orbit 1034,Audio,Candle,1070.56,671.5,2013,12,0.434,SKU-CAN00935,Wireless Audio,Vista,Black,SUP010,Australia,2013-10-06,GST_STANDARD,Box,True,True,"wireless audio designed for shared-room music playback, in the vista family and supplied by candle with a 12-month warranty."
PRD0936,Vela Spark 1035,Smart Home,Vela,477.26,236.61,2013,12,0.476,SKU-VEL00936,Home Automation,Wave,Red,SUP011,China,2013-04-18,GST_STANDARD,Protective case,True,True,"home automation designed for door and window activity alerts, in the wave family and supplied by vela with a 12-month warranty."
PRD0937,Candle Bloom 1036,Gaming,Candle,1780.49,896.26,2013,24,1.14,SKU-CAN00937,Gaming Hardware,Arc,Red,SUP012,Vietnam,2013-12-04,GST_STANDARD,Recycled box,True,True,"gaming hardware designed for portable gaming and travel, in the arc family and supplied by candle with a 24-month warranty."
PRD0938,Vela Halo 1037,Wearable,Vela,327.05,208.62,2012,12,0.093,SKU-VEL00938,Health Wearable,Atlas,Green,SUP013,Japan,2012-08-09,GST_STANDARD,Box,True,True,"health wearable designed for calendar alerts and quick message checks, in the atlas family and supplied by vela with a 12-month warranty."
PRD0939,Candle Quest 1038,Networking,Candle,966.3,583.88,2017,24,0.817,SKU-CAN00939,Connected Network,Bloom,Green,SUP014,Japan,2017-09-24,GST_STANDARD,Box,False,True,"connected network designed for guest-network and device management, in the bloom family and supplied by candle with a 24-month warranty."
PRD0940,Vela Wave 1039,Accessory,Vela,51.08,36.95,2017,12,0.133,SKU-VEL00940,Mobile Accessory,Core,Silver,SUP015,Japan,2017-03-27,GST_STANDARD,Recycled box,True,True,"mobile accessory designed for connecting several devices through one compact adapter, in the core family and supplied by vela with a 12-month warranty."
PRD0941,Candle Edge 1040,Laptop,Candle,2304.74,1670.55,2015,24,1.811,SKU-CAN00941,Ultrabook,Edge,White,SUP016,China,2015-12-04,GST_STANDARD,Protective case,True,True,"ultrabook designed for travel-based work and presentations, in the edge family and supplied by candle with a 24-month warranty."
PRD0942,Vela Nova 1041,Smartphone,Vela,1694.84,887.46,2014,24,0.236,SKU-VEL00942,5G Smartphone,Echo,Green,SUP017,Malaysia,2014-06-21,GST_STANDARD,Recycled box,False,True,"5g smartphone designed for family communication and casual apps, in the echo family and supplied by vela with a 24-month warranty."
PRD0943,Candle Shift 1042,Tablet,Candle,1025.75,560.07,2015,24,0.766,SKU-CAN00943,Productivity Tablet,Flux,Graphite,SUP018,Japan,2015-06-01,GST_STANDARD,Protective case,True,True,"productivity tablet designed for drawing and lightweight creative work, in the flux family and supplied by candle with a 24-month warranty."
PRD0944,Vela Atlas 1043,Home Entertainment,Vela,2644.88,1279.16,2016,24,5.89,SKU-VEL00944,Smart Display,Halo,Black,SUP019,Korea,2016-03-09,GST_STANDARD,Protective case,True,True,"smart display designed for presentations and photo viewing, in the halo family and supplied by vela with a 24-month warranty."
PRD0945,Candle Flux 1044,Audio,Candle,730.35,499.7,2014,12,0.604,SKU-CAN00945,Wireless Audio,Lumen,Blue,SUP020,Vietnam,2014-10-15,GST_STANDARD,Protective case,True,True,"wireless audio designed for long listening sessions at home, in the lumen family and supplied by candle with a 12-month warranty."
PRD0946,Vela Pulse 1045,Smart Home,Vela,618.18,424.33,2016,12,0.427,SKU-VEL00946,Home Automation,Nova,Gold,SUP021,China,2016-08-16,GST_STANDARD,Box,True,True,"home automation designed for automated blind and curtain routines, in the nova family and supplied by vela with a 12-month warranty."
PRD0947,Candle Vista 1046,Gaming,Candle,1985.26,1400.9,2012,24,1.085,SKU-CAN00947,Gaming Hardware,Orbit,Silver,SUP022,Vietnam,2012-03-20,GST_STANDARD,Box,True,True,"gaming hardware designed for game streaming and media capture, in the orbit family and supplied by candle with a 24-month warranty."
PRD0948,Vela Core 1047,Wearable,Vela,581.24,400.28,2014,12,0.142,SKU-VEL00948,Health Wearable,Pulse,Black,SUP023,Korea,2014-12-06,GST_STANDARD,Box,False,True,"health wearable designed for habit reminders and everyday timekeeping, in the pulse family and supplied by vela with a 12-month warranty."
PRD0949,Candle Lumen 1048,Networking,Candle,727.16,382.76,2016,24,0.525,SKU-CAN00949,Connected Network,Quest,Red,SUP024,China,2016-04-22,GST_STANDARD,Box,True,True,"connected network designed for extending coverage between rooms, in the quest family and supplied by candle with a 24-month warranty."
PRD0950,Vela Ridge 1049,Accessory,Vela,108.8,60.36,2013,12,0.192,SKU-VEL00950,Mobile Accessory,Ridge,Green,SUP025,Korea,2013-12-13,GST_STANDARD,Box,True,True,"mobile accessory designed for hands-free device support in a shared workspace, in the ridge family and supplied by vela with a 12-month warranty."
PRD0951,Candle Arc 1050,Laptop,Candle,2323.13,1144.36,2016,24,1.325,SKU-CAN00951,Ultrabook,Shift,Green,SUP026,Malaysia,2016-11-04,GST_STANDARD,Protective case,True,True,"ultrabook designed for portable document work and video meetings, in the shift family and supplied by candle with a 24-month warranty."
PRD0952,Vela Echo 1051,Smartphone,Vela,1618.02,1214.33,2016,24,0.297,SKU-VEL00952,5G Smartphone,Spark,Silver,SUP027,Japan,2016-08-11,GST_STANDARD,Box,True,True,"5g smartphone designed for daily communication and navigation, in the spark family and supplied by vela with a 24-month warranty."
PRD0953,Candle Orbit 1052,Tablet,Candle,536.06,371.99,2016,24,0.805,SKU-CAN00953,Productivity Tablet,Vista,White,SUP028,China,2016-09-26,GST_STANDARD,Recycled box,False,True,"productivity tablet designed for reading, annotation and handwritten notes, in the vista family and supplied by candle with a 24-month warranty."
PRD0954,Vela Spark 1053,Home Entertainment,Vela,1508.35,1126.53,2013,24,8.95,SKU-VEL00954,Smart Display,Wave,Black,SUP029,China,2013-05-16,GST_STANDARD,Box,True,True,"smart display designed for shared film and television viewing, in the wave family and supplied by vela with a 24-month warranty."
PRD0955,Candle Bloom 1054,Audio,Candle,891.93,622.64,2014,12,0.436,SKU-CAN00955,Wireless Audio,Arc,Gold,SUP030,Japan,2014-10-25,GST_STANDARD,Box,True,True,"wireless audio designed for commuting and spoken-content listening, in the arc family and supplied by candle with a 12-month warranty."
PRD0956,Vela Halo 1055,Smart Home,Vela,584.64,381.79,2012,12,0.269,SKU-VEL00956,Home Automation,Atlas,Blue,SUP031,Vietnam,2012-09-17,GST_STANDARD,Protective case,True,True,"home automation designed for app-controlled room lighting, in the atlas family and supplied by vela with a 12-month warranty."
PRD0957,Candle Quest 1056,Gaming,Candle,2550.17,1528.85,2012,24,1.066,SKU-CAN00957,Gaming Hardware,Bloom,Red,SUP032,Australia,2012-11-03,GST_STANDARD,Recycled box,False,True,"gaming hardware designed for long desktop gaming sessions, in the bloom family and supplied by candle with a 24-month warranty."
PRD0958,Vela Wave 1057,Wearable,Vela,453.1,275.27,2013,12,0.118,SKU-VEL00958,Health Wearable,Core,Blue,SUP033,Malaysia,2013-10-23,GST_STANDARD,Recycled box,True,True,"health wearable designed for daily activity and sleep tracking, in the core family and supplied by vela with a 12-month warranty."
PRD0959,Candle Edge 1058,Networking,Candle,1028.98,777.81,2016,24,0.684,SKU-CAN00959,Connected Network,Edge,Black,SUP034,China,2016-10-07,GST_STANDARD,Box,True,True,"connected network designed for home-office wireless coverage, in the edge family and supplied by candle with a 24-month warranty."
PRD0960,Vela Nova 1059,Accessory,Vela,322.58,242.93,2014,12,0.169,SKU-VEL00960,Mobile Accessory,Echo,Silver,SUP035,Malaysia,2014-06-08,GST_STANDARD,Box,True,True,"mobile accessory designed for adjustable desk mounting and device positioning, in the echo family and supplied by vela with a 12-month warranty."
PRD0961,Candle Shift 1060,Laptop,Candle,2282.29,1717.86,2012,24,1.824,SKU-CAN00961,Ultrabook,Flux,Graphite,SUP036,Vietnam,2012-11-04,GST_STANDARD,Protective case,True,True,"ultrabook designed for study, research and note taking, in the flux family and supplied by candle with a 24-month warranty."
PRD0962,Vela Atlas 1061,Smartphone,Vela,482.88,324.5,2013,24,0.24,SKU-VEL00962,5G Smartphone,Halo,Silver,SUP037,Japan,2013-08-08,GST_STANDARD,Protective case,True,True,"5g smartphone designed for mobile photography and messaging, in the halo family and supplied by vela with a 24-month warranty."
PRD0963,Candle Flux 1062,Tablet,Candle,997.83,630.98,2015,24,0.608,SKU-CAN00963,Productivity Tablet,Lumen,Green,SUP001,Vietnam,2015-03-16,GST_STANDARD,Box,True,True,"productivity tablet designed for portable media and video calls, in the lumen family and supplied by candle with a 24-month warranty."
PRD0964,Vela Pulse 1063,Home Entertainment,Vela,1776.26,1158.55,2016,24,9.105,SKU-VEL00964,Smart Display,Nova,Gold,SUP002,Malaysia,2016-03-23,GST_STANDARD,Protective case,True,True,"smart display designed for music and spoken-content playback, in the nova family and supplied by vela with a 24-month warranty."
PRD0965,Candle Vista 1064,Audio,Candle,536.69,374.43,2012,12,0.373,SKU-CAN00965,Wireless Audio,Orbit,Black,SUP003,Malaysia,2012-07-22,GST_STANDARD,Protective case,True,True,"wireless audio designed for music during focused desk work, in the orbit family and supplied by candle with a 12-month warranty."
PRD0966,Vela Core 1065,Smart Home,Vela,819.73,412.97,2013,12,0.464,SKU-VEL00966,Home Automation,Pulse,Gold,SUP004,Australia,2013-10-26,GST_STANDARD,Recycled box,True,True,"home automation designed for scheduled control of a household power outlet, in the pulse family and supplied by vela with a 12-month warranty."
PRD0967,Candle Lumen 1066,Gaming,Candle,2500.44,1463.85,2014,24,1.007,SKU-CAN00967,Gaming Hardware,Quest,Black,SUP005,Australia,2014-07-09,GST_STANDARD,Protective case,True,True,"gaming hardware designed for casual games in a shared room, in the quest family and supplied by candle with a 24-month warranty."
PRD0968,Vela Ridge 1067,Wearable,Vela,1098.76,774.06,2016,12,0.139,SKU-VEL00968,Health Wearable,Ridge,Red,SUP006,Vietnam,2016-11-06,GST_STANDARD,Protective case,False,True,"health wearable designed for walking and commute notifications, in the ridge family and supplied by vela with a 12-month warranty."
PRD0969,Candle Arc 1068,Networking,Candle,1212.01,890.99,2017,24,0.595,SKU-CAN00969,Connected Network,Shift,Blue,SUP007,Malaysia,2017-06-02,GST_STANDARD,Recycled box,True,True,"connected network designed for connecting several shared household devices, in the shift family and supplied by candle with a 24-month warranty."
PRD0970,Vela Echo 1069,Accessory,Vela,203.54,110.57,2013,12,0.232,SKU-VEL00970,Mobile Accessory,Spark,Silver,SUP008,Australia,2013-06-20,GST_STANDARD,Recycled box,True,True,"mobile accessory designed for protective storage during travel, in the spark family and supplied by vela with a 12-month warranty."
PRD0971,Candle Orbit 1070,Laptop,Candle,1257.81,864.19,2012,24,1.638,SKU-CAN00971,Ultrabook,Vista,Red,SUP009,Japan,2012-04-10,GST_STANDARD,Box,True,True,"ultrabook designed for creative projects and media editing, in the vista family and supplied by candle with a 24-month warranty."
PRD0972,Vela Spark 1071,Smartphone,Vela,1389.65,676.33,2017,24,0.253,SKU-VEL00972,5G Smartphone,Wave,Gold,SUP010,Japan,2017-04-14,GST_STANDARD,Protective case,False,True,"5g smartphone designed for work calls and calendar management, in the wave family and supplied by vela with a 24-month warranty."
PRD0973,Candle Bloom 1072,Tablet,Candle,703.36,441.49,2016,24,0.621,SKU-CAN00973,Productivity Tablet,Arc,Graphite,SUP011,Vietnam,2016-11-09,GST_STANDARD,Box,True,True,"productivity tablet designed for field forms and client presentations, in the arc family and supplied by candle with a 24-month warranty."
PRD0974,Vela Halo 1073,Home Entertainment,Vela,3468.15,1889.59,2013,24,5.77,SKU-VEL00974,Smart Display,Atlas,Red,SUP012,Malaysia,2013-01-22,GST_STANDARD,Recycled box,True,True,"smart display designed for family media streaming, in the atlas family and supplied by vela with a 24-month warranty."
PRD0975,Candle Quest 1074,Audio,Candle,87.41,47.78,2013,12,0.566,SKU-CAN00975,Wireless Audio,Bloom,Gold,SUP013,Korea,2013-08-21,GST_STANDARD,Recycled box,True,True,"wireless audio designed for video calls and online classes, in the bloom family and supplied by candle with a 12-month warranty."
PRD0976,Vela Wave 1075,Smart Home,Vela,196.82,131.54,2013,12,0.383,SKU-VEL00976,Home Automation,Core,Black,SUP014,Vietnam,2013-10-12,GST_STANDARD,Recycled box,False,True,"home automation designed for indoor temperature and humidity monitoring, in the core family and supplied by vela with a 12-month warranty."
PRD0977,Candle Edge 1076,Gaming,Candle,1354.63,949.34,2015,24,1.231,SKU-CAN00977,Gaming Hardware,Edge,Green,SUP015,Vietnam,2015-02-18,GST_STANDARD,Protective case,True,True,"gaming hardware designed for competitive play and voice communication, in the edge family and supplied by candle with a 24-month warranty."
PRD0978,Vela Nova 1077,Wearable,Vela,452.17,343.2,2017,12,0.152,SKU-VEL00978,Health Wearable,Echo,Gold,SUP016,Japan,2017-08-07,GST_STANDARD,Recycled box,True,True,"health wearable designed for exercise session summaries, in the echo family and supplied by vela with a 12-month warranty."
PRD0979,Candle Shift 1078,Networking,Candle,1127.85,736.52,2012,24,0.96,SKU-CAN00979,Connected Network,Flux,Gold,SUP017,China,2012-10-04,GST_STANDARD,Protective case,False,True,"connected network designed for video meetings and media streaming, in the flux family and supplied by candle with a 24-month warranty."
PRD0980,Vela Atlas 1079,Accessory,Vela,310.02,205.28,2017,12,0.158,SKU-VEL00980,Mobile Accessory,Halo,Graphite,SUP018,Japan,2017-04-02,GST_STANDARD,Box,True,True,"mobile accessory designed for charging-cable organisation, in the halo family and supplied by vela with a 12-month warranty."
PRD0981,Candle Flux 1080,Laptop,Candle,2201.61,1449.13,2016,24,1.211,SKU-CAN00981,Ultrabook,Lumen,Graphite,SUP019,Korea,2016-01-04,GST_STANDARD,Box,True,True,"ultrabook designed for shared home-office administration, in the lumen family and supplied by candle with a 24-month warranty."
PRD0982,Vela Pulse 1081,Smartphone,Vela,885.27,543.25,2012,24,0.169,SKU-VEL00982,5G Smartphone,Nova,Black,SUP020,Vietnam,2012-04-11,GST_STANDARD,Box,True,True,"5g smartphone designed for travel planning and media use, in the nova family and supplied by vela with a 24-month warranty."
PRD0983,Candle Vista 1082,Tablet,Candle,1360.95,708.94,2014,24,0.765,SKU-CAN00983,Productivity Tablet,Orbit,Green,SUP021,Korea,2014-01-14,GST_STANDARD,Box,False,True,"productivity tablet designed for family learning and shared browsing, in the orbit family and supplied by candle with a 24-month warranty."
PRD0984,Vela Core 1083,Home Entertainment,Vela,3872.19,2252.16,2013,24,8.553,SKU-VEL00984,Smart Display,Pulse,Blue,SUP022,Japan,2013-06-19,GST_STANDARD,Protective case,True,True,"smart display designed for casual living-room gaming, in the pulse family and supplied by vela with a 24-month warranty."
PRD0985,Candle Lumen 1084,Audio,Candle,1164.32,572.95,2016,12,0.367,SKU-CAN00985,Wireless Audio,Quest,White,SUP023,Japan,2016-12-23,GST_STANDARD,Box,False,True,"wireless audio designed for shared-room music playback, in the quest family and supplied by candle with a 12-month warranty."
PRD0986,Vela Ridge 1085,Smart Home,Vela,605.03,387.14,2017,12,0.426,SKU-VEL00986,Home Automation,Ridge,Gold,SUP024,Korea,2017-10-23,GST_STANDARD,Box,True,True,"home automation designed for door and window activity alerts, in the ridge family and supplied by vela with a 12-month warranty."
PRD0987,Candle Arc 1086,Gaming,Candle,751.73,379.08,2013,24,1.092,SKU-CAN00987,Gaming Hardware,Shift,White,SUP025,Australia,2013-06-13,GST_STANDARD,Recycled box,False,True,"gaming hardware designed for portable gaming and travel, in the shift family and supplied by candle with a 24-month warranty."
PRD0988,Vela Echo 1087,Wearable,Vela,1072.9,609.39,2017,12,0.13,SKU-VEL00988,Health Wearable,Spark,Silver,SUP026,Japan,2017-03-23,GST_STANDARD,Protective case,True,True,"health wearable designed for calendar alerts and quick message checks, in the spark family and supplied by vela with a 12-month warranty."
PRD0989,Candle Orbit 1088,Networking,Candle,359.81,193.97,2015,24,0.856,SKU-CAN00989,Connected Network,Vista,White,SUP027,Japan,2015-01-23,GST_STANDARD,Recycled box,True,True,"connected network designed for guest-network and device management, in the vista family and supplied by candle with a 24-month warranty."
PRD0990,Vela Spark 1089,Accessory,Vela,114.18,76.2,2013,12,0.143,SKU-VEL00990,Mobile Accessory,Wave,Green,SUP028,Malaysia,2013-07-17,GST_STANDARD,Protective case,True,True,"mobile accessory designed for connecting several devices through one compact adapter, in the wave family and supplied by vela with a 12-month warranty."
PRD0991,Candle Bloom 1090,Laptop,Candle,1841.41,902.87,2012,24,1.244,SKU-CAN00991,Ultrabook,Arc,Gold,SUP029,China,2012-08-07,GST_STANDARD,Protective case,False,True,"ultrabook designed for travel-based work and presentations, in the arc family and supplied by candle with a 24-month warranty."
PRD0992,Vela Halo 1091,Smartphone,Vela,1431.3,877.99,2015,24,0.262,SKU-VEL00992,5G Smartphone,Atlas,Gold,SUP030,Australia,2015-06-10,GST_STANDARD,Protective case,False,True,"5g smartphone designed for family communication and casual apps, in the atlas family and supplied by vela with a 24-month warranty."
PRD0993,Candle Quest 1092,Tablet,Candle,976.99,577.51,2014,24,0.699,SKU-CAN00993,Productivity Tablet,Bloom,Red,SUP031,China,2014-06-18,GST_STANDARD,Recycled box,False,True,"productivity tablet designed for drawing and lightweight creative work, in the bloom family and supplied by candle with a 24-month warranty."
PRD0994,Vela Wave 1093,Home Entertainment,Vela,1481.14,917.51,2013,24,9.131,SKU-VEL00994,Smart Display,Core,Graphite,SUP032,Korea,2013-11-06,GST_STANDARD,Recycled box,True,True,"smart display designed for presentations and photo viewing, in the core family and supplied by vela with a 24-month warranty."
PRD0995,Candle Edge 1094,Audio,Candle,69.16,42.42,2012,12,0.528,SKU-CAN00995,Wireless Audio,Edge,Graphite,SUP033,China,2012-04-17,GST_STANDARD,Box,True,True,"wireless audio designed for long listening sessions at home, in the edge family and supplied by candle with a 12-month warranty."
PRD0996,Vela Nova 1095,Smart Home,Vela,455.11,282.87,2012,12,0.413,SKU-VEL00996,Home Automation,Echo,Graphite,SUP034,Japan,2012-07-07,GST_STANDARD,Box,True,True,"home automation designed for automated blind and curtain routines, in the echo family and supplied by vela with a 12-month warranty."
PRD0997,Candle Shift 1096,Gaming,Candle,602.38,312.15,2012,24,1.43,SKU-CAN00997,Gaming Hardware,Flux,White,SUP035,Japan,2012-07-25,GST_STANDARD,Recycled box,False,True,"gaming hardware designed for game streaming and media capture, in the flux family and supplied by candle with a 24-month warranty."
PRD0998,Vela Atlas 1097,Wearable,Vela,178.25,117.07,2016,12,0.128,SKU-VEL00998,Health Wearable,Halo,Green,SUP036,Korea,2016-11-06,GST_STANDARD,Box,True,True,"health wearable designed for habit reminders and everyday timekeeping, in the halo family and supplied by vela with a 12-month warranty."
PRD0999,Candle Flux 1098,Networking,Candle,626.07,302.41,2012,24,0.89,SKU-CAN00999,Connected Network,Lumen,Gold,SUP037,Australia,2012-06-04,GST_STANDARD,Protective case,True,True,"connected network designed for extending coverage between rooms, in the lumen family and supplied by candle with a 24-month warranty."
PRD1000,Vela Pulse 1099,Accessory,Vela,192.28,95.61,2015,12,0.225,SKU-VEL01000,Mobile Accessory,Nova,Blue,SUP001,Australia,2015-04-08,GST_STANDARD,Box,True,True,"mobile accessory designed for hands-free device support in a shared workspace, in the nova family and supplied by vela with a 12-month warranty."
